<?xml version="1.0" encoding="utf-8"?>
<COLLADA xmlns="http://www.collada.org/2005/11/COLLADASchema" version="1.4.1">
  <asset>
    <contributor>
      <author>Mixamo</author>
      <authoring_tool>COLLADA Mixamo exporter</authoring_tool>
      <comments/>
    </contributor>
    <created>2025-01-03T03:37:01Z</created>
    <modified>2025-01-03T03:37:01Z</modified>
    <revision/>
    <title/>
    <unit meter="0.010000"/>
    <up_axis>Y_UP</up_axis>
  </asset>
  <library_animations>
    <animation id="mixamorig_Hips-anim" name="mixamorig_Hips">
      <source id="mixamorig_Hips-Matrix-animation-input">
        <float_array id="mixamorig_Hips-Matrix-animation-input-array" count="42">

0.000000 0.033333 0.066667 0.100000 0.133333 0.166667 0.200000 0.233333 0.266667 0.300000 0.333333 0.366667 0.400000 0.433333 0.466667 0.500000
0.533333 0.566667 0.600000 0.633333 0.666667 0.700000 0.733333 0.766667 0.800000 0.833333 0.866667 0.900000 0.933333 0.966667 1.000000 1.033333
1.066667 1.100000 1.133333 1.166667 1.200000 1.233333 1.266667 1.300000 1.333333 1.366667</float_array>
        <technique_common>
          <accessor source="#mixamorig_Hips-Matrix-animation-input-array" count="42">
            <param name="TIME" type="float"/>
          </accessor>
        </technique_common>
      </source>
      <source id="mixamorig_Hips-Matrix-animation-output-transform">
        <float_array id="mixamorig_Hips-Matrix-animation-output-transform-array" count="672">

0.404619 -0.089453 -0.910100 -1.042683 0.030602 0.995971 -0.084288 68.270828 0.913973 0.006253 0.405726 0.068956 0.000000 0.000000 0.000000 1.000000
0.365836 -0.092755 -0.926046 -1.002683 0.038501 0.995678 -0.084519 68.191895 0.929883 -0.004733 0.367826 0.021412 0.000000 0.000000 0.000000 1.000000
0.321890 -0.093213 -0.942177 -0.964965 0.046797 0.995492 -0.082500 67.927383 0.945620 -0.017535 0.324801 0.119970 0.000000 0.000000 0.000000 1.000000
0.275173 -0.090494 -0.957126 -0.929100 0.055438 0.995397 -0.078175 67.485512 0.959795 -0.031549 0.278923 0.406317 0.000000 0.000000 0.000000 1.000000
0.228637 -0.085665 -0.969735 -0.909273 0.064685 0.995256 -0.072668 66.914932 0.971360 -0.046113 0.233094 0.899201 0.000000 0.000000 0.000000 1.000000
0.185447 -0.078612 -0.979505 -0.928183 0.074910 0.995025 -0.065676 66.283875 0.979795 -0.061195 0.190413 1.596798 0.000000 0.000000 0.000000 1.000000
0.150170 -0.067982 -0.986320 -1.003884 0.084842 0.994839 -0.055652 65.664566 0.985013 -0.075324 0.155162 2.475725 0.000000 0.000000 0.000000 1.000000
0.129065 -0.053321 -0.990202 -1.124288 0.091515 0.994932 -0.041648 65.104851 0.987404 -0.085243 0.133290 3.488127 0.000000 0.000000 0.000000 1.000000
0.130765 -0.035048 -0.990794 -1.274431 0.091391 0.995546 -0.023154 64.637733 0.987192 -0.087522 0.133386 4.571012 0.000000 0.000000 0.000000 1.000000
0.169291 -0.014242 -0.985463 -1.428633 0.080140 0.996783 -0.000638 64.284439 0.982303 -0.078867 0.169888 5.697405 0.000000 0.000000 0.000000 1.000000
0.249951 0.007883 -0.968226 -1.561872 0.054311 0.998278 0.022148 64.113258 0.966734 -0.058122 0.249093 6.767483 0.000000 0.000000 0.000000 1.000000
0.367215 0.032522 -0.929567 -1.664423 0.009032 0.999217 0.038527 64.170563 0.930092 -0.022543 0.366634 7.656282 0.000000 0.000000 0.000000 1.000000
0.507243 0.063221 -0.859481 -1.812015 -0.057104 0.997579 0.039678 64.522812 0.859909 0.028954 0.509625 8.182852 0.000000 0.000000 0.000000 1.000000
0.659920 0.100947 -0.744524 -2.026374 -0.135596 0.990663 0.014132 65.257828 0.738999 0.091629 0.667447 8.249098 0.000000 0.000000 0.000000 1.000000
0.807850 0.138085 -0.572984 -2.262923 -0.202224 0.978093 -0.049401 66.182579 0.553610 0.155780 0.818076 7.973831 0.000000 0.000000 0.000000 1.000000
0.917541 0.160286 -0.363906 -2.400132 -0.224533 0.964144 -0.141463 66.964966 0.328183 0.211507 0.920631 7.696438 0.000000 0.000000 0.000000 1.000000
0.973759 0.150735 -0.170508 -2.341423 -0.186388 0.958113 -0.217439 67.482513 0.130590 0.243514 0.961066 7.628532 0.000000 0.000000 0.000000 1.000000
0.992071 0.116634 -0.046818 -2.168092 -0.124539 0.962393 -0.241433 67.928673 0.016898 0.245350 0.969287 7.616309 0.000000 0.000000 0.000000 1.000000
0.995641 0.090131 0.024007 -2.074233 -0.081940 0.968160 -0.236541 68.089935 -0.044562 0.233542 0.971325 7.803302 0.000000 0.000000 0.000000 1.000000
0.992656 0.086667 0.084399 -2.064917 -0.065206 0.970971 -0.230140 67.825302 -0.101895 0.222946 0.969491 8.240255 0.000000 0.000000 0.000000 1.000000
0.988055 0.101897 0.115603 -2.074079 -0.074168 0.972023 -0.222869 67.348289 -0.135079 0.211633 0.967970 8.764391 0.000000 0.000000 0.000000 1.000000
0.990119 0.120740 0.071322 -1.900884 -0.103790 0.972973 -0.206278 67.106186 -0.094300 0.196837 0.975891 9.238670 0.000000 0.000000 0.000000 1.000000
0.990235 0.130459 -0.049153 -1.529005 -0.137250 0.974120 -0.179590 67.294044 0.024452 0.184583 0.982513 9.549578 0.000000 0.000000 0.000000 1.000000
0.970548 0.122683 -0.207331 -1.002065 -0.155164 0.976675 -0.148423 67.739899 0.184286 0.176222 0.966946 9.623021 0.000000 0.000000 0.000000 1.000000
0.923529 0.098566 -0.370647 -0.337446 -0.153164 0.980788 -0.120813 68.270882 0.351618 0.168344 0.920883 9.485674 0.000000 0.000000 0.000000 1.000000
0.851131 0.066259 -0.520756 0.345899 -0.138937 0.985061 -0.101745 68.775902 0.506235 0.158951 0.847621 9.202122 0.000000 0.000000 0.000000 1.000000
0.765005 0.034163 -0.643118 0.847683 -0.121672 0.988276 -0.092234 69.070572 0.632426 0.148809 0.760193 8.733358 0.000000 0.000000 0.000000 1.000000
0.681352 0.005072 -0.731938 1.082735 -0.105283 0.990257 -0.091145 69.123672 0.724344 0.139163 0.675247 8.041527 0.000000 0.000000 0.000000 1.000000
0.615215 -0.020373 -0.788096 1.111964 -0.090249 0.991274 -0.096077 68.832870 0.783177 0.130233 0.608008 7.088653 0.000000 0.000000 0.000000 1.000000
0.569345 -0.041025 -0.821075 1.084685 -0.076727 0.991743 -0.102755 68.347015 0.818511 0.121502 0.561496 6.028487 0.000000 0.000000 0.000000 1.000000
0.537017 -0.055501 -0.841743 1.020153 -0.064609 0.992196 -0.106641 67.842857 0.841093 0.111653 0.529241 5.014172 0.000000 0.000000 0.000000 1.000000
0.512404 -0.064056 -0.856352 0.893459 -0.053282 0.992921 -0.106153 67.412880 0.857090 0.100021 0.505364 4.107509 0.000000 0.000000 0.000000 1.000000
0.491624 -0.068911 -0.868077 0.658040 -0.042599 0.993767 -0.103014 67.108200 0.869765 0.087623 0.485625 3.303227 0.000000 0.000000 0.000000 1.000000
0.477883 -0.070230 -0.875612 0.355573 -0.033213 0.994641 -0.097904 66.986435 0.877795 0.075868 0.472990 2.661571 0.000000 0.000000 0.000000 1.000000
0.470315 -0.069424 -0.879763 0.054218 -0.025490 0.995416 -0.092178 67.045471 0.882130 0.065778 0.466390 2.173025 0.000000 0.000000 0.000000 1.000000
0.465849 -0.068933 -0.882175 -0.230202 -0.018638 0.995975 -0.087668 67.212250 0.884668 0.057282 0.462689 1.796556 0.000000 0.000000 0.000000 1.000000
0.463603 -0.069368 -0.883323 -0.495282 -0.012257 0.996333 -0.084675 67.406822 0.885958 0.050083 0.461053 1.513016 0.000000 0.000000 0.000000 1.000000
0.463790 -0.069848 -0.883187 -0.730672 -0.007373 0.996548 -0.082685 67.569221 0.885914 0.044860 0.461675 1.310289 0.000000 0.000000 0.000000 1.000000
0.466110 -0.069742 -0.881974 -0.936547 -0.004507 0.996688 -0.081195 67.681946 0.884715 0.041821 0.464252 1.164822 0.000000 0.000000 0.000000 1.000000
0.470297 -0.068855 -0.879818 -1.116239 -0.003235 0.996810 -0.079741 67.746567 0.882502 0.040348 0.468574 1.063729 0.000000 0.000000 0.000000 1.000000
0.476471 -0.067200 -0.876618 -1.263002 -0.002792 0.996954 -0.077943 67.769249 0.879186 0.039585 0.474832 1.001636 0.000000 0.000000 0.000000 1.000000
0.484780 -0.065056 -0.872213 -1.363793 -0.002593 0.997119 -0.075814 67.753349 0.874632 0.039015 0.483214 0.971979 0.000000 0.000000 0.000000 1.000000</float_array>
        <technique_common>
          <accessor source="#mixamorig_Hips-Matrix-animation-output-transform-array" count="42" stride="16">
            <param type="float4x4"/>
          </accessor>
        </technique_common>
      </source>
      <source id="mixamorig_Hips-Interpolations">
        <Name_array id="mixamorig_Hips-Interpolations-array" count="42">
 LINEAR LINEAR LINEAR LINEAR LINEAR LINEAR LINEAR LINEAR LINEAR LINEAR LINEAR
LINEAR LINEAR LINEAR LINEAR LINEAR LINEAR LINEAR LINEAR LINEAR LINEAR LINEAR LINEAR
LINEAR LINEAR LINEAR LINEAR LINEAR LINEAR LINEAR LINEAR LINEAR LINEAR LINEAR LINEAR
LINEAR LINEAR LINEAR LINEAR LINEAR LINEAR LINEAR</Name_array>
        <technique_common>
          <accessor source="#mixamorig_Hips-Interpolations-array" count="42">
            <param type="name"/>
          </accessor>
        </technique_common>
      </source>
      <sampler id="mixamorig_Hips-Matrix-animation-transform">
        <input semantic="INPUT" source="#mixamorig_Hips-Matrix-animation-input"/>
        <input semantic="OUTPUT" source="#mixamorig_Hips-Matrix-animation-output-transform"/>
        <input semantic="INTERPOLATION" source="#mixamorig_Hips-Interpolations"/>
      </sampler>
      <channel source="#mixamorig_Hips-Matrix-animation-transform" target="mixamorig_Hips/matrix"/>
    </animation>
    <animation id="mixamorig_Spine-anim" name="mixamorig_Spine">
      <source id="mixamorig_Spine-Matrix-animation-input">
        <float_array id="mixamorig_Spine-Matrix-animation-input-array" count="42">

0.000000 0.033333 0.066667 0.100000 0.133333 0.166667 0.200000 0.233333 0.266667 0.300000 0.333333 0.366667 0.400000 0.433333 0.466667 0.500000
0.533333 0.566667 0.600000 0.633333 0.666667 0.700000 0.733333 0.766667 0.800000 0.833333 0.866667 0.900000 0.933333 0.966667 1.000000 1.033333
1.066667 1.100000 1.133333 1.166667 1.200000 1.233333 1.266667 1.300000 1.333333 1.366667</float_array>
        <technique_common>
          <accessor source="#mixamorig_Spine-Matrix-animation-input-array" count="42">
            <param name="TIME" type="float"/>
          </accessor>
        </technique_common>
      </source>
      <source id="mixamorig_Spine-Matrix-animation-output-transform">
        <float_array id="mixamorig_Spine-Matrix-animation-output-transform-array" count="672">

0.999319 -0.000951 0.036880 0.000000 0.000017 0.999679 0.025322 14.685700 -0.036892 -0.025304 0.998999 -1.734700 0.000000 0.000000 0.000000 1.000000
0.999345 -0.003437 0.036011 0.000000 0.002521 0.999673 0.025449 14.685700 -0.036087 -0.025342 0.999027 -1.734700 0.000000 0.000000 0.000000 1.000000
0.999373 -0.007331 0.034631 0.000000 0.006450 0.999654 0.025489 14.685700 -0.034806 -0.025250 0.999075 -1.734700 0.000000 0.000000 0.000000 1.000000
0.999439 -0.012589 0.031037 -0.000000 0.011804 0.999609 0.025349 14.685700 -0.031344 -0.024968 0.999197 -1.734700 0.000000 0.000000 0.000000 1.000000
0.999524 -0.018257 0.024852 0.000000 0.017632 0.999528 0.025146 14.685700 -0.025299 -0.024696 0.999375 -1.734700 0.000000 0.000000 0.000000 1.000000
0.999593 -0.023041 0.016819 -0.000000 0.022615 0.999429 0.025092 14.685700 -0.017388 -0.024701 0.999544 -1.734700 0.000000 0.000000 0.000000 1.000000
0.999616 -0.026605 0.007684 0.000000 0.026402 0.999328 0.025430 14.685700 -0.008356 -0.025217 0.999647 -1.734700 0.000000 0.000000 0.000000 1.000000
0.999568 -0.029345 -0.001738 0.000000 0.029381 0.999215 0.026562 14.685700 0.000957 -0.026601 0.999646 -1.734700 0.000000 0.000000 0.000000 1.000000
0.999463 -0.030962 -0.010730 0.000000 0.031260 0.999097 0.028775 14.685700 0.009829 -0.029095 0.999528 -1.734700 0.000000 0.000000 0.000000 1.000000
0.999331 -0.031176 -0.019105 0.000000 0.031791 0.998957 0.032772 14.685700 0.018063 -0.033358 0.999280 -1.734700 0.000000 0.000000 0.000000 1.000000
0.999190 -0.029559 -0.027312 -0.000000 0.030625 0.998751 0.039484 14.685700 0.026111 -0.040289 0.998847 -1.734700 0.000000 0.000000 0.000000 1.000000
0.999045 -0.024666 -0.036064 -0.000000 0.026409 0.998465 0.048692 14.685700 0.034808 -0.049598 0.998163 -1.734700 0.000000 0.000000 0.000000 1.000000
0.998901 -0.014594 -0.044542 -0.000000 0.017217 0.998104 0.059093 14.685700 0.043595 -0.059795 0.997258 -1.734700 0.000000 0.000000 0.000000 1.000000
0.998855 0.000948 -0.047822 -0.000000 0.002399 0.997552 0.069884 14.685700 0.047771 -0.069919 0.996408 -1.734700 0.000000 0.000000 0.000000 1.000000
0.998998 0.020280 -0.039890 -0.000000 -0.017088 0.996743 0.078807 14.685700 0.041358 -0.078047 0.996091 -1.734700 0.000000 0.000000 0.000000 1.000000
0.999207 0.035232 -0.018535 -0.000000 -0.033617 0.996127 0.081245 14.685700 0.021326 -0.080557 0.996522 -1.734700 0.000000 0.000000 0.000000 1.000000
0.999050 0.039319 0.018803 0.000000 -0.040608 0.996433 0.073969 14.685700 -0.015827 -0.074663 0.997083 -1.734700 0.000000 0.000000 0.000000 1.000000
0.997276 0.035809 0.064483 0.000000 -0.039684 0.997418 0.059848 14.685700 -0.062173 -0.062244 0.996123 -1.734700 0.000000 0.000000 0.000000 1.000000
0.994596 0.031799 0.098832 0.000000 -0.036698 0.998165 0.048162 14.685700 -0.097119 -0.051528 0.993938 -1.734700 0.000000 0.000000 0.000000 1.000000
0.993673 0.028797 0.108561 0.000000 -0.033662 0.998497 0.043257 14.685700 -0.107152 -0.046638 0.993148 -1.734700 0.000000 0.000000 0.000000 1.000000
0.994862 0.027464 0.097444 0.000000 -0.031572 0.998665 0.040873 14.685700 -0.096191 -0.043740 0.994401 -1.734700 0.000000 0.000000 0.000000 1.000000
0.996231 0.027603 0.082235 0.000000 -0.030804 0.998806 0.037916 14.685700 -0.081090 -0.040307 0.995891 -1.734700 0.000000 0.000000 0.000000 1.000000
0.997011 0.029290 0.071490 0.000000 -0.031938 0.998835 0.036182 14.685700 -0.070347 -0.038357 0.996785 -1.734700 0.000000 0.000000 0.000000 1.000000
0.997543 0.030857 0.062892 -0.000000 -0.033178 0.998794 0.036202 14.685700 -0.061699 -0.038200 0.997364 -1.734700 0.000000 0.000000 0.000000 1.000000
0.997962 0.031364 0.055573 0.000000 -0.033401 0.998789 0.036111 14.685700 -0.054373 -0.037893 0.997801 -1.734700 0.000000 0.000000 0.000000 1.000000
0.998201 0.031202 0.051193 -0.000000 -0.032987 0.998863 0.034420 14.685700 -0.050060 -0.036046 0.998095 -1.734700 0.000000 0.000000 0.000000 1.000000
0.998306 0.030960 0.049263 -0.000000 -0.032541 0.998970 0.031611 14.685700 -0.048233 -0.033161 0.998285 -1.734700 0.000000 0.000000 0.000000 1.000000
0.998382 0.030388 0.048063 -0.000000 -0.031817 0.999066 0.029247 14.685700 -0.047129 -0.030729 0.998416 -1.734700 0.000000 0.000000 0.000000 1.000000
0.998516 0.028489 0.046414 0.000000 -0.029808 0.999164 0.027976 14.685700 -0.045579 -0.029318 0.998530 -1.734700 0.000000 0.000000 0.000000 1.000000
0.998700 0.024912 0.044474 0.000000 -0.026122 0.999299 0.026835 14.685700 -0.043774 -0.027962 0.998650 -1.734700 0.000000 0.000000 0.000000 1.000000
0.998861 0.020840 0.042919 0.000000 -0.021929 0.999445 0.025059 14.685700 -0.042373 -0.025971 0.998764 -1.734700 0.000000 0.000000 0.000000 1.000000
0.998986 0.017648 0.041411 0.000000 -0.018618 0.999558 0.023167 14.685700 -0.040984 -0.023914 0.998874 -1.734700 0.000000 0.000000 0.000000 1.000000
0.999098 0.015217 0.039645 0.000000 -0.016091 0.999632 0.021820 14.685700 -0.039298 -0.022438 0.998976 -1.734700 0.000000 0.000000 0.000000 1.000000
0.999184 0.012947 0.038260 0.000000 -0.013759 0.999684 0.021046 14.685700 -0.037975 -0.021555 0.999046 -1.734700 0.000000 0.000000 0.000000 1.000000
0.999236 0.010550 0.037623 0.000000 -0.011319 0.999730 0.020286 14.685700 -0.037399 -0.020696 0.999086 -1.734700 0.000000 0.000000 0.000000 1.000000
0.999265 0.008524 0.037386 0.000000 -0.009281 0.999754 0.020127 14.685700 -0.037205 -0.020459 0.999098 -1.734700 0.000000 0.000000 0.000000 1.000000
0.999274 0.007331 0.037382 0.000000 -0.008113 0.999751 0.020811 14.685700 -0.037220 -0.021099 0.999084 -1.734700 0.000000 0.000000 0.000000 1.000000
0.999271 0.006540 0.037607 0.000000 -0.007365 0.999734 0.021853 14.685700 -0.037454 -0.022114 0.999054 -1.734700 0.000000 0.000000 0.000000 1.000000
0.999261 0.005714 0.038012 0.000000 -0.006581 0.999720 0.022722 14.685700 -0.037871 -0.022955 0.999019 -1.734700 0.000000 0.000000 0.000000 1.000000
0.999250 0.004993 0.038410 -0.000000 -0.005889 0.999712 0.023252 14.685700 -0.038282 -0.023461 0.998992 -1.734700 0.000000 0.000000 0.000000 1.000000
0.999242 0.004544 0.038667 0.000000 -0.005458 0.999708 0.023553 14.685700 -0.038549 -0.023746 0.998975 -1.734700 0.000000 0.000000 0.000000 1.000000
0.999233 0.004120 0.038929 0.000000 -0.005047 0.999705 0.023739 14.685700 -0.038820 -0.023917 0.998960 -1.734700 0.000000 0.000000 0.000000 1.000000</float_array>
        <technique_common>
          <accessor source="#mixamorig_Spine-Matrix-animation-output-transform-array" count="42" stride="16">
            <param type="float4x4"/>
          </accessor>
        </technique_common>
      </source>
      <source id="mixamorig_Spine-Interpolations">
        <Name_array id="mixamorig_Spine-Interpolations-array" count="42">
 LINEAR LINEAR LINEAR LINEAR LINEAR LINEAR LINEAR LINEAR LINEAR LINEAR LINEAR
LINEAR LINEAR LINEAR LINEAR LINEAR LINEAR LINEAR LINEAR LINEAR LINEAR LINEAR LINEAR
LINEAR LINEAR LINEAR LINEAR LINEAR LINEAR LINEAR LINEAR LINEAR LINEAR LINEAR LINEAR
LINEAR LINEAR LINEAR LINEAR LINEAR LINEAR LINEAR</Name_array>
        <technique_common>
          <accessor source="#mixamorig_Spine-Interpolations-array" count="42">
            <param type="name"/>
          </accessor>
        </technique_common>
      </source>
      <sampler id="mixamorig_Spine-Matrix-animation-transform">
        <input semantic="INPUT" source="#mixamorig_Spine-Matrix-animation-input"/>
        <input semantic="OUTPUT" source="#mixamorig_Spine-Matrix-animation-output-transform"/>
        <input semantic="INTERPOLATION" source="#mixamorig_Spine-Interpolations"/>
      </sampler>
      <channel source="#mixamorig_Spine-Matrix-animation-transform" target="mixamorig_Spine/matrix"/>
    </animation>
    <animation id="mixamorig_Spine1-anim" name="mixamorig_Spine1">
      <source id="mixamorig_Spine1-Matrix-animation-input">
        <float_array id="mixamorig_Spine1-Matrix-animation-input-array" count="42">

0.000000 0.033333 0.066667 0.100000 0.133333 0.166667 0.200000 0.233333 0.266667 0.300000 0.333333 0.366667 0.400000 0.433333 0.466667 0.500000
0.533333 0.566667 0.600000 0.633333 0.666667 0.700000 0.733333 0.766667 0.800000 0.833333 0.866667 0.900000 0.933333 0.966667 1.000000 1.033333
1.066667 1.100000 1.133333 1.166667 1.200000 1.233333 1.266667 1.300000 1.333333 1.366667</float_array>
        <technique_common>
          <accessor source="#mixamorig_Spine1-Matrix-animation-input-array" count="42">
            <param name="TIME" type="float"/>
          </accessor>
        </technique_common>
      </source>
      <source id="mixamorig_Spine1-Matrix-animation-output-transform">
        <float_array id="mixamorig_Spine1-Matrix-animation-output-transform-array" count="672">

0.998557 -0.032981 0.042380 0.000000 0.037681 0.992608 -0.115366 17.252399 -0.038261 0.116796 0.992419 -0.000000 0.000000 0.000000 0.000000 1.000000
0.998511 -0.036101 0.040908 0.000000 0.040617 0.992470 -0.115560 17.252399 -0.036429 0.117050 0.992458 -0.000000 0.000000 0.000000 0.000000 1.000000
0.998405 -0.041032 0.038784 0.000000 0.045292 0.992187 -0.116247 17.252399 -0.033711 0.117818 0.992463 -0.000000 0.000000 0.000000 0.000000 1.000000
0.998346 -0.046320 0.034056 0.000000 0.050015 0.991854 -0.117150 17.252399 -0.028352 0.118659 0.992530 -0.000000 0.000000 0.000000 0.000000 1.000000
0.998358 -0.050903 0.026255 -0.000000 0.053668 0.991513 -0.118413 17.252399 -0.020004 0.119627 0.992617 0.000000 0.000000 0.000000 0.000000 1.000000
0.998392 -0.054329 0.016154 0.000000 0.055873 0.991277 -0.119365 17.252399 -0.009528 0.120076 0.992719 0.000000 0.000000 0.000000 0.000000 1.000000
0.998373 -0.056842 0.004613 0.000000 0.056987 0.991296 -0.118678 17.252399 0.002173 0.118748 0.992922 0.000000 0.000000 0.000000 0.000000 1.000000
0.998275 -0.058268 -0.007157 0.000000 0.057043 0.991579 -0.116267 17.252399 0.013871 0.115658 0.993192 -0.000000 0.000000 0.000000 0.000000 1.000000
0.998172 -0.057663 -0.018091 0.000000 0.055275 0.992121 -0.112428 17.252399 0.024432 0.111222 0.993495 0.000000 0.000000 0.000000 0.000000 1.000000
0.998113 -0.054699 -0.027886 -0.000000 0.051437 0.992964 -0.106664 17.252399 0.033525 0.105028 0.993904 -0.000000 0.000000 0.000000 0.000000 1.000000
0.998075 -0.049653 -0.037164 0.000000 0.045797 0.994109 -0.098234 17.252399 0.041823 0.096343 0.994469 0.000000 0.000000 0.000000 0.000000 1.000000
0.998083 -0.040434 -0.046853 0.000000 0.036214 0.995492 -0.087657 17.252399 0.050186 0.085792 0.995048 0.000000 0.000000 0.000000 0.000000 1.000000
0.998163 -0.023157 -0.055993 0.000000 0.018797 0.996840 -0.077184 17.252399 0.057603 0.075989 0.995443 0.000000 0.000000 0.000000 0.000000 1.000000
0.998291 0.002018 -0.058412 -0.000000 -0.006029 0.997628 -0.068576 17.252399 0.058135 0.068811 0.995934 0.000000 0.000000 0.000000 0.000000 1.000000
0.998492 0.027374 -0.047580 0.000000 -0.030365 0.997531 -0.063325 17.252399 0.045729 0.064675 0.996858 0.000000 0.000000 0.000000 0.000000 1.000000
0.998993 0.039387 -0.021491 0.000000 -0.040660 0.997222 -0.062407 17.252399 0.018973 0.063218 0.997819 0.000000 0.000000 0.000000 0.000000 1.000000
0.999388 0.026710 0.022600 -0.000000 -0.025322 0.997902 -0.059584 17.252399 -0.024144 0.058975 0.997967 0.000000 0.000000 0.000000 0.000000 1.000000
0.997038 0.001718 0.076897 0.000000 0.002091 0.998776 -0.049417 17.252399 -0.076888 0.049432 0.995814 0.000000 0.000000 0.000000 0.000000 1.000000
0.992920 -0.013467 0.118021 0.000000 0.018394 0.999000 -0.040759 17.252399 -0.117355 0.042641 0.992174 0.000000 0.000000 0.000000 0.000000 1.000000
0.991495 -0.013079 0.129485 -0.000000 0.018668 0.998941 -0.042045 17.252399 -0.128798 0.044104 0.990690 0.000000 0.000000 0.000000 0.000000 1.000000
0.993236 -0.005664 0.115972 0.000000 0.012088 0.998426 -0.054771 17.252399 -0.115479 0.055802 0.991741 0.000000 0.000000 0.000000 0.000000 1.000000
0.995111 0.001660 0.098747 -0.000000 0.005390 0.997456 -0.071084 17.252399 -0.098613 0.071269 0.992570 -0.000000 0.000000 0.000000 0.000000 1.000000
0.996105 0.007321 0.087868 -0.000000 -0.000143 0.996680 -0.081424 17.252399 -0.088173 0.081095 0.992799 0.000000 0.000000 0.000000 0.000000 1.000000
0.996811 0.010627 0.079083 0.000000 -0.003813 0.996304 -0.085817 17.252399 -0.079703 0.085241 0.993167 0.000000 0.000000 0.000000 0.000000 1.000000
0.997435 0.011291 0.070679 0.000000 -0.004876 0.995903 -0.090293 17.252399 -0.071409 0.089717 0.993404 0.000000 0.000000 0.000000 0.000000 1.000000
0.997808 0.011187 0.065225 0.000000 -0.004883 0.995367 -0.096020 17.252399 -0.065997 0.095491 0.993240 -0.000000 0.000000 0.000000 0.000000 1.000000
0.997990 0.010708 0.062458 0.000000 -0.004389 0.994933 -0.100447 17.252399 -0.063217 0.099971 0.992980 0.000000 0.000000 0.000000 0.000000 1.000000
0.998142 0.008682 0.060313 0.000000 -0.002426 0.994675 -0.103031 17.252399 -0.060886 0.102693 0.992848 0.000000 0.000000 0.000000 0.000000 1.000000
0.998332 0.004341 0.057563 0.000000 0.001747 0.994440 -0.105292 17.252399 -0.057700 0.105217 0.992774 -0.000000 0.000000 0.000000 0.000000 1.000000
0.998509 -0.001973 0.054550 -0.000000 0.007905 0.994037 -0.108753 17.252399 -0.054010 0.109022 0.992571 0.000000 0.000000 0.000000 0.000000 1.000000
0.998606 -0.008543 0.052079 0.000000 0.014401 0.993470 -0.113177 17.252399 -0.050772 0.113769 0.992209 0.000000 0.000000 0.000000 0.000000 1.000000
0.998675 -0.013324 0.049703 -0.000000 0.019080 0.992926 -0.117194 17.252399 -0.047790 0.117987 0.991864 0.000000 0.000000 0.000000 0.000000 1.000000
0.998750 -0.016893 0.047042 0.000000 0.022446 0.992503 -0.120139 17.252399 -0.044660 0.121044 0.991642 -0.000000 0.000000 0.000000 0.000000 1.000000
0.998784 -0.020355 0.044904 -0.000000 0.025691 0.992240 -0.121655 17.252399 -0.042080 0.122661 0.991556 0.000000 0.000000 0.000000 0.000000 1.000000
0.998760 -0.023515 0.043871 0.000000 0.028734 0.992067 -0.122385 17.252399 -0.040645 0.123494 0.991513 0.000000 0.000000 0.000000 0.000000 1.000000
0.998728 -0.025506 0.043496 0.000000 0.030651 0.992052 -0.122038 17.252399 -0.040038 0.123216 0.991572 0.000000 0.000000 0.000000 0.000000 1.000000
0.998699 -0.026751 0.043414 0.000000 0.031822 0.992185 -0.120653 17.252399 -0.039847 0.121877 0.991745 -0.000000 0.000000 0.000000 0.000000 1.000000
0.998657 -0.027978 0.043604 0.000000 0.032999 0.992338 -0.119061 17.252399 -0.039939 0.120340 0.991929 0.000000 0.000000 0.000000 0.000000 1.000000
0.998605 -0.029038 0.044106 0.000000 0.034069 0.992433 -0.117969 17.252399 -0.040346 0.119307 0.992037 -0.000000 0.000000 0.000000 0.000000 1.000000
0.998561 -0.029666 0.044679 0.000000 0.034738 0.992477 -0.117397 17.252399 -0.040860 0.118780 0.992080 0.000000 0.000000 0.000000 0.000000 1.000000
0.998535 -0.029891 0.045115 -0.000000 0.035001 0.992503 -0.117100 17.252399 -0.041276 0.118507 0.992095 -0.000000 0.000000 0.000000 0.000000 1.000000
0.998508 -0.030063 0.045585 0.000000 0.035219 0.992520 -0.116890 17.252399 -0.041730 0.118321 0.992098 0.000000 0.000000 0.000000 0.000000 1.000000</float_array>
        <technique_common>
          <accessor source="#mixamorig_Spine1-Matrix-animation-output-transform-array" count="42" stride="16">
            <param type="float4x4"/>
          </accessor>
        </technique_common>
      </source>
      <source id="mixamorig_Spine1-Interpolations">
        <Name_array id="mixamorig_Spine1-Interpolations-array" count="42">
 LINEAR LINEAR LINEAR LINEAR LINEAR LINEAR LINEAR LINEAR LINEAR LINEAR LINEAR
LINEAR LINEAR LINEAR LINEAR LINEAR LINEAR LINEAR LINEAR LINEAR LINEAR LINEAR LINEAR
LINEAR LINEAR LINEAR LINEAR LINEAR LINEAR LINEAR LINEAR LINEAR LINEAR LINEAR LINEAR
LINEAR LINEAR LINEAR LINEAR LINEAR LINEAR LINEAR</Name_array>
        <technique_common>
          <accessor source="#mixamorig_Spine1-Interpolations-array" count="42">
            <param type="name"/>
          </accessor>
        </technique_common>
      </source>
      <sampler id="mixamorig_Spine1-Matrix-animation-transform">
        <input semantic="INPUT" source="#mixamorig_Spine1-Matrix-animation-input"/>
        <input semantic="OUTPUT" source="#mixamorig_Spine1-Matrix-animation-output-transform"/>
        <input semantic="INTERPOLATION" source="#mixamorig_Spine1-Interpolations"/>
      </sampler>
      <channel source="#mixamorig_Spine1-Matrix-animation-transform" target="mixamorig_Spine1/matrix"/>
    </animation>
    <animation id="mixamorig_Spine2-anim" name="mixamorig_Spine2">
      <source id="mixamorig_Spine2-Matrix-animation-input">
        <float_array id="mixamorig_Spine2-Matrix-animation-input-array" count="42">

0.000000 0.033333 0.066667 0.100000 0.133333 0.166667 0.200000 0.233333 0.266667 0.300000 0.333333 0.366667 0.400000 0.433333 0.466667 0.500000
0.533333 0.566667 0.600000 0.633333 0.666667 0.700000 0.733333 0.766667 0.800000 0.833333 0.866667 0.900000 0.933333 0.966667 1.000000 1.033333
1.066667 1.100000 1.133333 1.166667 1.200000 1.233333 1.266667 1.300000 1.333333 1.366667</float_array>
        <technique_common>
          <accessor source="#mixamorig_Spine2-Matrix-animation-input-array" count="42">
            <param name="TIME" type="float"/>
          </accessor>
        </technique_common>
      </source>
      <source id="mixamorig_Spine2-Matrix-animation-output-transform">
        <float_array id="mixamorig_Spine2-Matrix-animation-output-transform-array" count="672">

0.998315 -0.033251 0.047562 -0.000000 0.038483 0.992770 -0.113696 19.717100 -0.043437 0.115335 0.992376 0.000000 0.000000 0.000000 0.000000 1.000000
0.998272 -0.036383 0.046141 0.000000 0.041442 0.992626 -0.113915 19.717100 -0.041656 0.115630 0.992418 -0.000000 0.000000 0.000000 0.000000 1.000000
0.998173 -0.041335 0.044059 0.000000 0.046153 0.992334 -0.114640 19.717100 -0.038983 0.116464 0.992430 0.000000 0.000000 0.000000 0.000000 1.000000
0.998146 -0.046614 0.039146 0.000000 0.050865 0.991977 -0.115734 19.717100 -0.033437 0.117511 0.992509 0.000000 0.000000 0.000000 0.000000 1.000000
0.998210 -0.051169 0.030947 -0.000000 0.054468 0.991599 -0.117321 19.717100 -0.024684 0.118797 0.992612 -0.000000 0.000000 0.000000 0.000000 1.000000
0.998302 -0.054543 0.020447 0.000000 0.056592 0.991324 -0.118630 19.717100 -0.013799 0.119586 0.992728 0.000000 0.000000 0.000000 0.000000 1.000000
0.998337 -0.056989 0.008641 0.000000 0.057612 0.991307 -0.118283 19.717100 -0.001825 0.118584 0.992942 0.000000 0.000000 0.000000 0.000000 1.000000
0.998289 -0.058374 -0.003431 0.000000 0.057581 0.991557 -0.116188 19.717100 0.010185 0.115792 0.993221 0.000000 0.000000 0.000000 0.000000 1.000000
0.998220 -0.057758 -0.014863 0.000000 0.055726 0.992076 -0.112606 19.717100 0.021249 0.111577 0.993529 -0.000000 0.000000 0.000000 0.000000 1.000000
0.998175 -0.054797 -0.025377 -0.000000 0.051788 0.992909 -0.107003 19.717100 0.031061 0.105493 0.993935 -0.000000 0.000000 0.000000 0.000000 1.000000
0.998132 -0.049730 -0.035502 0.000000 0.046019 0.994059 -0.098637 19.717100 0.040196 0.096819 0.994490 0.000000 0.000000 0.000000 0.000000 1.000000
0.998116 -0.040425 -0.046160 0.000000 0.036249 0.995464 -0.087966 19.717100 0.049507 0.086127 0.995053 -0.000000 0.000000 0.000000 0.000000 1.000000
0.998145 -0.022900 -0.056405 0.000000 0.018517 0.996856 -0.077045 19.717100 0.057992 0.075858 0.995431 0.000000 0.000000 0.000000 0.000000 1.000000
0.998221 0.002723 -0.059566 0.000000 -0.006760 0.997684 -0.067678 19.717100 0.059244 0.067960 0.995928 0.000000 0.000000 0.000000 0.000000 1.000000
0.998425 0.028386 -0.048398 -0.000000 -0.031375 0.997574 -0.062147 19.717100 0.046516 0.063568 0.996893 -0.000000 0.000000 0.000000 0.000000 1.000000
0.998971 0.040058 -0.021273 0.000000 -0.041306 0.997228 -0.061895 19.717100 0.018735 0.062710 0.997856 0.000000 0.000000 0.000000 0.000000 1.000000
0.999365 0.026653 0.023658 0.000000 -0.025210 0.997920 -0.059328 19.717100 -0.025190 0.058694 0.997958 0.000000 0.000000 0.000000 0.000000 1.000000
0.996887 0.003237 0.078783 0.000000 0.000457 0.998903 -0.046823 19.717100 -0.078848 0.046713 0.995792 0.000000 0.000000 0.000000 0.000000 1.000000
0.992659 -0.008523 0.120647 0.000000 0.012941 0.999272 -0.035888 19.717100 -0.120253 0.037186 0.992047 0.000000 0.000000 0.000000 0.000000 1.000000
0.991241 -0.007026 0.131880 0.000000 0.012079 0.999222 -0.037554 19.717100 -0.131514 0.038818 0.990554 0.000000 0.000000 0.000000 0.000000 1.000000
0.993022 -0.001279 0.117925 0.000000 0.007423 0.998636 -0.051676 19.717100 -0.117698 0.052191 0.991677 0.000000 0.000000 0.000000 0.000000 1.000000
0.994927 0.004200 0.100510 0.000000 0.002758 0.997614 -0.068990 19.717100 -0.100560 0.068917 0.992541 0.000000 0.000000 0.000000 0.000000 1.000000
0.995948 0.008870 0.089496 0.000000 -0.001702 0.996805 -0.079859 19.717100 -0.089918 0.079383 0.992780 0.000000 0.000000 0.000000 0.000000 1.000000
0.996675 0.011687 0.080642 0.000000 -0.004843 0.996407 -0.084559 19.717100 -0.081340 0.083887 0.993150 0.000000 0.000000 0.000000 0.000000 1.000000
0.997304 0.011933 0.072410 -0.000000 -0.005442 0.996001 -0.089178 19.717100 -0.073184 0.088543 0.993380 -0.000000 0.000000 0.000000 0.000000 1.000000
0.997675 0.011535 0.067173 -0.000000 -0.005116 0.995469 -0.094951 19.717100 -0.067964 0.094387 0.993213 -0.000000 0.000000 0.000000 0.000000 1.000000
0.997847 0.010962 0.064655 0.000000 -0.004495 0.995044 -0.099330 19.717100 -0.065424 0.098825 0.992952 0.000000 0.000000 0.000000 0.000000 1.000000
0.997979 0.008922 0.062910 -0.000000 -0.002477 0.994804 -0.101783 19.717100 -0.063491 0.101421 0.992816 -0.000000 0.000000 0.000000 0.000000 1.000000
0.998149 0.004501 0.060654 -0.000000 0.001830 0.994585 -0.103914 19.717100 -0.060793 0.103832 0.992735 0.000000 0.000000 0.000000 0.000000 1.000000
0.998304 -0.001956 0.058184 0.000000 0.008199 0.994197 -0.107264 19.717100 -0.057637 0.107559 0.992527 0.000000 0.000000 0.000000 0.000000 1.000000
0.998377 -0.008661 0.056282 0.000000 0.014910 0.993644 -0.111577 19.717100 -0.054958 0.112236 0.992161 0.000000 0.000000 0.000000 0.000000 1.000000
0.998428 -0.013538 0.054389 -0.000000 0.019759 0.993108 -0.115528 19.717100 -0.052450 0.116421 0.991814 0.000000 0.000000 0.000000 0.000000 1.000000
0.998494 -0.017176 0.052107 0.000000 0.023257 0.992688 -0.118449 19.717100 -0.049692 0.119483 0.991592 0.000000 0.000000 0.000000 0.000000 1.000000
0.998520 -0.020670 0.050296 0.000000 0.026586 0.992425 -0.119941 19.717100 -0.047436 0.121101 0.991506 -0.000000 0.000000 0.000000 0.000000 1.000000
0.998492 -0.023824 0.049456 0.000000 0.029651 0.992252 -0.120650 19.717100 -0.046198 0.121935 0.991462 -0.000000 0.000000 0.000000 0.000000 1.000000
0.998461 -0.025790 0.049093 0.000000 0.031544 0.992236 -0.120306 19.717100 -0.045610 0.121670 0.991522 0.000000 0.000000 0.000000 0.000000 1.000000
0.998433 -0.027016 0.049008 0.000000 0.032688 0.992367 -0.118910 19.717100 -0.045422 0.120325 0.991695 0.000000 0.000000 0.000000 0.000000 1.000000
0.998388 -0.028239 0.049239 0.000000 0.033857 0.992522 -0.117279 19.717100 -0.045559 0.118757 0.991878 0.000000 0.000000 0.000000 0.000000 1.000000
0.998333 -0.029304 0.049732 0.000000 0.034922 0.992617 -0.116152 19.717100 -0.045961 0.117695 0.991986 -0.000000 0.000000 0.000000 0.000000 1.000000
0.998288 -0.029936 0.050240 0.000000 0.035583 0.992662 -0.115567 19.717100 -0.046412 0.117156 0.992028 0.000000 0.000000 0.000000 0.000000 1.000000
0.998263 -0.030164 0.050598 0.000000 0.035838 0.992688 -0.115269 19.717100 -0.046751 0.116883 0.992045 0.000000 0.000000 0.000000 0.000000 1.000000
0.998238 -0.030336 0.050990 0.000000 0.036045 0.992704 -0.115060 19.717100 -0.047127 0.116696 0.992049 -0.000000 0.000000 0.000000 0.000000 1.000000</float_array>
        <technique_common>
          <accessor source="#mixamorig_Spine2-Matrix-animation-output-transform-array" count="42" stride="16">
            <param type="float4x4"/>
          </accessor>
        </technique_common>
      </source>
      <source id="mixamorig_Spine2-Interpolations">
        <Name_array id="mixamorig_Spine2-Interpolations-array" count="42">
 LINEAR LINEAR LINEAR LINEAR LINEAR LINEAR LINEAR LINEAR LINEAR LINEAR LINEAR
LINEAR LINEAR LINEAR LINEAR LINEAR LINEAR LINEAR LINEAR LINEAR LINEAR LINEAR LINEAR
LINEAR LINEAR LINEAR LINEAR LINEAR LINEAR LINEAR LINEAR LINEAR LINEAR LINEAR LINEAR
LINEAR LINEAR LINEAR LINEAR LINEAR LINEAR LINEAR</Name_array>
        <technique_common>
          <accessor source="#mixamorig_Spine2-Interpolations-array" count="42">
            <param type="name"/>
          </accessor>
        </technique_common>
      </source>
      <sampler id="mixamorig_Spine2-Matrix-animation-transform">
        <input semantic="INPUT" source="#mixamorig_Spine2-Matrix-animation-input"/>
        <input semantic="OUTPUT" source="#mixamorig_Spine2-Matrix-animation-output-transform"/>
        <input semantic="INTERPOLATION" source="#mixamorig_Spine2-Interpolations"/>
      </sampler>
      <channel source="#mixamorig_Spine2-Matrix-animation-transform" target="mixamorig_Spine2/matrix"/>
    </animation>
    <animation id="mixamorig_Neck-anim" name="mixamorig_Neck">
      <source id="mixamorig_Neck-Matrix-animation-input">
        <float_array id="mixamorig_Neck-Matrix-animation-input-array" count="42">

0.000000 0.033333 0.066667 0.100000 0.133333 0.166667 0.200000 0.233333 0.266667 0.300000 0.333333 0.366667 0.400000 0.433333 0.466667 0.500000
0.533333 0.566667 0.600000 0.633333 0.666667 0.700000 0.733333 0.766667 0.800000 0.833333 0.866667 0.900000 0.933333 0.966667 1.000000 1.033333
1.066667 1.100000 1.133333 1.166667 1.200000 1.233333 1.266667 1.300000 1.333333 1.366667</float_array>
        <technique_common>
          <accessor source="#mixamorig_Neck-Matrix-animation-input-array" count="42">
            <param name="TIME" type="float"/>
          </accessor>
        </technique_common>
      </source>
      <source id="mixamorig_Neck-Matrix-animation-output-transform">
        <float_array id="mixamorig_Neck-Matrix-animation-output-transform-array" count="672">

0.984142 0.054700 0.168739 0.000000 -0.020294 0.979740 -0.199245 22.181700 -0.176219 0.192661 0.965313 0.000000 0.000000 0.000000 0.000000 1.000000
0.984908 0.046319 0.166764 0.000000 -0.012557 0.980108 -0.198068 22.181700 -0.172622 0.192985 0.965898 0.000000 0.000000 0.000000 0.000000 1.000000
0.985755 0.037048 0.164056 0.000000 -0.004096 0.980436 -0.196798 22.181700 -0.168137 0.193322 0.966621 -0.000000 0.000000 0.000000 0.000000 1.000000
0.986205 0.032318 0.162344 -0.000000 0.000090 0.980650 -0.195769 22.181700 -0.165530 0.193083 0.967119 0.000000 0.000000 0.000000 0.000000 1.000000
0.986276 0.031818 0.162008 0.000000 0.000213 0.981008 -0.193966 22.181700 -0.165102 0.191339 0.967538 -0.000000 0.000000 0.000000 0.000000 1.000000
0.986261 0.031357 0.162191 0.000000 0.000222 0.981567 -0.191116 22.181700 -0.165194 0.188526 0.968075 0.000000 0.000000 0.000000 0.000000 1.000000
0.986282 0.030629 0.162201 0.000000 0.000461 0.982120 -0.188257 22.181700 -0.165067 0.185749 0.968633 -0.000000 0.000000 0.000000 0.000000 1.000000
0.986393 0.031367 0.161382 0.000000 -0.000847 0.982587 -0.185803 22.181700 -0.164400 0.183138 0.969243 0.000000 0.000000 0.000000 0.000000 1.000000
0.986624 0.033934 0.159444 0.000000 -0.004461 0.983349 -0.181674 22.181700 -0.162954 0.178532 0.970346 0.000000 0.000000 0.000000 0.000000 1.000000
0.987048 0.039616 0.155456 0.000000 -0.012043 0.984593 -0.174445 22.181700 -0.159971 0.170314 0.972318 0.000000 0.000000 0.000000 0.000000 1.000000
0.987760 0.047551 0.148555 0.000000 -0.022511 0.985886 -0.165898 22.181700 -0.154347 0.160523 0.974889 -0.000000 0.000000 0.000000 0.000000 1.000000
0.989035 0.054138 0.137400 0.000000 -0.032333 0.987191 -0.156231 22.181700 -0.144098 0.150075 0.978117 0.000000 0.000000 0.000000 0.000000 1.000000
0.991485 0.050284 0.120122 0.000000 -0.032340 0.988620 -0.146914 22.181700 -0.126143 0.141778 0.981828 0.000000 0.000000 0.000000 0.000000 1.000000
0.994938 0.032955 0.094931 0.000000 -0.019244 0.989697 -0.141882 22.181700 -0.098629 0.139336 0.985321 0.000000 0.000000 0.000000 0.000000 1.000000
0.997910 0.015330 0.062775 0.000000 -0.006444 0.990218 -0.139377 22.181700 -0.064297 0.138682 0.988248 0.000000 0.000000 0.000000 0.000000 1.000000
0.999449 0.013595 0.030265 -0.000000 -0.009433 0.990984 -0.133645 22.181700 -0.031809 0.133286 0.990567 -0.000000 0.000000 0.000000 0.000000 1.000000
0.999400 0.034511 0.002927 0.000000 -0.033863 0.991371 -0.126638 22.181700 -0.007272 0.126463 0.991945 -0.000000 0.000000 0.000000 0.000000 1.000000
0.998299 0.055100 -0.019043 -0.000000 -0.057122 0.989790 -0.130589 22.181700 0.011653 0.131455 0.991254 0.000000 0.000000 0.000000 0.000000 1.000000
0.998069 0.049383 -0.037689 0.000000 -0.054131 0.989009 -0.137589 22.181700 0.030480 0.139363 0.989772 0.000000 0.000000 0.000000 0.000000 1.000000
0.998273 0.035273 -0.046984 0.000000 -0.041475 0.989516 -0.138338 22.181700 0.041612 0.140048 0.989270 0.000000 0.000000 0.000000 0.000000 1.000000
0.998759 0.030818 -0.039126 -0.000000 -0.036155 0.988918 -0.143990 22.181700 0.034255 0.145226 0.988805 -0.000000 0.000000 0.000000 0.000000 1.000000
0.999316 0.032109 -0.018347 0.000000 -0.034612 0.986787 -0.158283 22.181700 0.013022 0.158810 0.987223 0.000000 0.000000 0.000000 0.000000 1.000000
0.999309 0.036279 0.008079 0.000000 -0.034327 0.984211 -0.173637 22.181700 -0.014251 0.173239 0.984777 -0.000000 0.000000 0.000000 0.000000 1.000000
0.998422 0.041781 0.037515 0.000000 -0.034163 0.982202 -0.184692 22.181700 -0.044564 0.183119 0.982080 0.000000 0.000000 0.000000 0.000000 1.000000
0.996456 0.048136 0.068986 0.000000 -0.034005 0.980600 -0.193046 22.181700 -0.076940 0.190016 0.978762 0.000000 0.000000 0.000000 0.000000 1.000000
0.993561 0.054439 0.099358 0.000000 -0.033708 0.979317 -0.199504 22.181700 -0.108164 0.194871 0.974847 -0.000000 0.000000 0.000000 0.000000 1.000000
0.990354 0.058955 0.125396 -0.000000 -0.032609 0.978719 -0.202600 22.181700 -0.134671 0.196556 0.971200 0.000000 0.000000 0.000000 0.000000 1.000000
0.987317 0.063577 0.145479 -0.000000 -0.033101 0.978614 -0.203026 22.181700 -0.155275 0.195636 0.968306 0.000000 0.000000 0.000000 0.000000 1.000000
0.984905 0.070098 0.158265 -0.000000 -0.037269 0.978764 -0.201574 22.181700 -0.169034 0.192632 0.966602 -0.000000 0.000000 0.000000 0.000000 1.000000
0.983411 0.074287 0.165485 -0.000000 -0.040652 0.979348 -0.198054 22.181700 -0.176780 0.188041 0.966121 0.000000 0.000000 0.000000 0.000000 1.000000
0.982714 0.076280 0.168683 0.000000 -0.042958 0.980255 -0.193016 22.181700 -0.180076 0.182433 0.966587 -0.000000 0.000000 0.000000 0.000000 1.000000
0.982201 0.077322 0.171178 0.000000 -0.044266 0.980959 -0.189105 22.181700 -0.182541 0.178162 0.966921 -0.000000 0.000000 0.000000 0.000000 1.000000
0.981666 0.078937 0.173497 -0.000000 -0.045847 0.981279 -0.187053 22.181700 -0.185014 0.175669 0.966908 -0.000000 0.000000 0.000000 0.000000 1.000000
0.981278 0.081128 0.174678 0.000000 -0.047935 0.981290 -0.186472 22.181700 -0.186538 0.174608 0.966807 -0.000000 0.000000 0.000000 0.000000 1.000000
0.981062 0.082997 0.175009 0.000000 -0.049825 0.981275 -0.186054 22.181700 -0.187174 0.173811 0.966828 0.000000 0.000000 0.000000 0.000000 1.000000
0.980950 0.083978 0.175173 0.000000 -0.050675 0.981132 -0.186580 22.181700 -0.187536 0.174149 0.966697 -0.000000 0.000000 0.000000 0.000000 1.000000
0.980937 0.083467 0.175485 0.000000 -0.049883 0.980953 -0.187733 22.181700 -0.187812 0.175401 0.966417 0.000000 0.000000 0.000000 0.000000 1.000000
0.980945 0.082217 0.176032 0.000000 -0.048455 0.980946 -0.188144 22.181700 -0.188146 0.176029 0.966237 -0.000000 0.000000 0.000000 0.000000 1.000000
0.980942 0.081224 0.176510 0.000000 -0.047402 0.981024 -0.188002 22.181700 -0.188430 0.176052 0.966178 -0.000000 0.000000 0.000000 0.000000 1.000000
0.980983 0.080389 0.176664 0.000000 -0.046534 0.981061 -0.188026 22.181700 -0.188434 0.176230 0.966145 -0.000000 0.000000 0.000000 0.000000 1.000000
0.981185 0.078852 0.176232 0.000000 -0.044936 0.980997 -0.188746 22.181700 -0.187766 0.177275 0.966083 0.000000 0.000000 0.000000 0.000000 1.000000
0.981550 0.076711 0.175140 0.000000 -0.042713 0.980813 -0.190217 22.181700 -0.186372 0.179227 0.965994 0.000000 0.000000 0.000000 0.000000 1.000000</float_array>
        <technique_common>
          <accessor source="#mixamorig_Neck-Matrix-animation-output-transform-array" count="42" stride="16">
            <param type="float4x4"/>
          </accessor>
        </technique_common>
      </source>
      <source id="mixamorig_Neck-Interpolations">
        <Name_array id="mixamorig_Neck-Interpolations-array" count="42">
 LINEAR LINEAR LINEAR LINEAR LINEAR LINEAR LINEAR LINEAR LINEAR LINEAR LINEAR
LINEAR LINEAR LINEAR LINEAR LINEAR LINEAR LINEAR LINEAR LINEAR LINEAR LINEAR LINEAR
LINEAR LINEAR LINEAR LINEAR LINEAR LINEAR LINEAR LINEAR LINEAR LINEAR LINEAR LINEAR
LINEAR LINEAR LINEAR LINEAR LINEAR LINEAR LINEAR</Name_array>
        <technique_common>
          <accessor source="#mixamorig_Neck-Interpolations-array" count="42">
            <param type="name"/>
          </accessor>
        </technique_common>
      </source>
      <sampler id="mixamorig_Neck-Matrix-animation-transform">
        <input semantic="INPUT" source="#mixamorig_Neck-Matrix-animation-input"/>
        <input semantic="OUTPUT" source="#mixamorig_Neck-Matrix-animation-output-transform"/>
        <input semantic="INTERPOLATION" source="#mixamorig_Neck-Interpolations"/>
      </sampler>
      <channel source="#mixamorig_Neck-Matrix-animation-transform" target="mixamorig_Neck/matrix"/>
    </animation>
    <animation id="mixamorig_Head-anim" name="mixamorig_Head">
      <source id="mixamorig_Head-Matrix-animation-input">
        <float_array id="mixamorig_Head-Matrix-animation-input-array" count="42">

0.000000 0.033333 0.066667 0.100000 0.133333 0.166667 0.200000 0.233333 0.266667 0.300000 0.333333 0.366667 0.400000 0.433333 0.466667 0.500000
0.533333 0.566667 0.600000 0.633333 0.666667 0.700000 0.733333 0.766667 0.800000 0.833333 0.866667 0.900000 0.933333 0.966667 1.000000 1.033333
1.066667 1.100000 1.133333 1.166667 1.200000 1.233333 1.266667 1.300000 1.333333 1.366667</float_array>
        <technique_common>
          <accessor source="#mixamorig_Head-Matrix-animation-input-array" count="42">
            <param name="TIME" type="float"/>
          </accessor>
        </technique_common>
      </source>
      <source id="mixamorig_Head-Matrix-animation-output-transform">
        <float_array id="mixamorig_Head-Matrix-animation-output-transform-array" count="672">

0.842734 0.203996 0.498181 -0.000000 -0.253105 0.966902 0.032230 7.772300 -0.475118 -0.153254 0.866474 1.167700 0.000000 0.000000 0.000000 1.000000
0.842364 0.204107 0.498761 -0.000000 -0.251202 0.967520 0.028322 7.772300 -0.476781 -0.149147 0.866277 1.167700 0.000000 0.000000 0.000000 1.000000
0.841189 0.209070 0.498689 0.000000 -0.254208 0.966865 0.023450 7.772300 -0.477262 -0.146496 0.866464 1.167700 0.000000 0.000000 0.000000 1.000000
0.837443 0.217951 0.501184 0.000000 -0.261316 0.965105 0.016943 7.772300 -0.480003 -0.145156 0.865175 1.167700 0.000000 0.000000 0.000000 1.000000
0.831541 0.229267 0.505941 0.000000 -0.269592 0.962951 0.006727 7.772300 -0.485654 -0.141991 0.862542 1.167700 0.000000 0.000000 0.000000 1.000000
0.824764 0.240887 0.511602 0.000000 -0.277090 0.960827 -0.005702 7.772300 -0.492935 -0.137057 0.859203 1.167700 0.000000 0.000000 0.000000 1.000000
0.818095 0.250723 0.517551 0.000000 -0.284328 0.958610 -0.014953 7.772300 -0.499879 -0.134921 0.855522 1.167700 0.000000 0.000000 0.000000 1.000000
0.812096 0.262144 0.521325 -0.000000 -0.294827 0.955318 -0.021105 7.772300 -0.503564 -0.136562 0.853097 1.167700 0.000000 0.000000 0.000000 1.000000
0.807692 0.277637 0.520146 0.000000 -0.310935 0.950120 -0.024318 7.772300 -0.500952 -0.142090 0.853731 1.167700 0.000000 0.000000 0.000000 1.000000
0.807811 0.294210 0.510766 0.000000 -0.331425 0.943287 -0.019178 7.772300 -0.487441 -0.153788 0.859506 1.167700 0.000000 0.000000 0.000000 1.000000
0.815317 0.306078 0.491503 0.000000 -0.348373 0.937338 -0.005828 7.772300 -0.462488 -0.166475 0.870857 1.167700 0.000000 0.000000 0.000000 1.000000
0.830539 0.312466 0.461053 -0.000000 -0.358144 0.933583 0.012450 7.772300 -0.426541 -0.175464 0.887285 1.167700 0.000000 0.000000 0.000000 1.000000
0.855415 0.306223 0.417722 0.000000 -0.351200 0.935710 0.033241 7.772300 -0.380688 -0.175138 0.907967 1.167700 0.000000 0.000000 0.000000 1.000000
0.906920 0.246722 0.341504 0.000000 -0.282279 0.957588 0.057820 7.772300 -0.312754 -0.148837 0.938100 1.167700 0.000000 0.000000 0.000000 1.000000
0.974731 0.089964 0.204467 0.000000 -0.109434 0.990269 0.085980 7.772300 -0.194742 -0.106183 0.975090 1.167700 0.000000 0.000000 0.000000 1.000000
0.995255 -0.090456 0.035855 0.000000 0.086107 0.990372 0.108397 7.772300 -0.045315 -0.104795 0.993461 1.167700 0.000000 0.000000 0.000000 1.000000
0.980619 -0.165347 -0.105101 0.000000 0.177389 0.977044 0.117979 7.772300 0.083181 -0.134336 0.987439 1.167700 0.000000 0.000000 0.000000 1.000000
0.966540 -0.154556 -0.204725 0.000000 0.178322 0.978552 0.103137 7.772300 0.184393 -0.136193 0.973371 1.167700 0.000000 0.000000 0.000000 1.000000
0.946138 -0.165119 -0.278493 -0.000000 0.192933 0.978309 0.075419 7.772300 0.259999 -0.125087 0.957472 1.167700 0.000000 0.000000 0.000000 1.000000
0.928628 -0.197734 -0.313928 0.000000 0.227953 0.971679 0.062274 7.772300 0.292723 -0.129390 0.947402 1.167700 0.000000 0.000000 0.000000 1.000000
0.932897 -0.206579 -0.295005 -0.000000 0.236025 0.969396 0.067557 7.772300 0.272021 -0.132652 0.953104 1.167700 0.000000 0.000000 0.000000 1.000000
0.951420 -0.195831 -0.237593 0.000000 0.218224 0.973264 0.071665 7.772300 0.217207 -0.120032 0.968717 1.167700 0.000000 0.000000 0.000000 1.000000
0.972219 -0.170830 -0.160025 -0.000000 0.185134 0.979524 0.079103 7.772300 0.143235 -0.106532 0.983938 1.167700 0.000000 0.000000 0.000000 1.000000
0.989906 -0.127775 -0.061317 -0.000000 0.133137 0.986701 0.093251 7.772300 0.048586 -0.100474 0.993753 1.167700 0.000000 0.000000 0.000000 1.000000
0.995963 -0.069719 0.056545 0.000000 0.063477 0.992388 0.105532 7.772300 -0.063472 -0.101516 0.992807 1.167700 0.000000 0.000000 0.000000 1.000000
0.984271 -0.007806 0.176492 -0.000000 -0.012140 0.993673 0.111652 7.772300 -0.176247 -0.112038 0.977949 1.167700 0.000000 0.000000 0.000000 1.000000
0.958777 0.044685 0.280625 0.000000 -0.079342 0.990379 0.113375 7.772300 -0.272859 -0.130967 0.953098 1.167700 0.000000 0.000000 0.000000 1.000000
0.929464 0.082673 0.359529 0.000000 -0.131009 0.985013 0.112186 7.772300 -0.344866 -0.151375 0.926365 1.167700 0.000000 0.000000 0.000000 1.000000
0.905401 0.111424 0.409674 0.000000 -0.169384 0.979625 0.107908 7.772300 -0.389304 -0.167092 0.905827 1.167700 0.000000 0.000000 0.000000 1.000000
0.887355 0.137501 0.440107 0.000000 -0.201286 0.974264 0.101453 7.772300 -0.414830 -0.178613 0.892196 1.167700 0.000000 0.000000 0.000000 1.000000
0.872811 0.164424 0.459528 0.000000 -0.232700 0.967830 0.095684 7.772300 -0.429012 -0.190446 0.882994 1.167700 0.000000 0.000000 0.000000 1.000000
0.859259 0.186682 0.476261 -0.000000 -0.258079 0.962060 0.088517 7.772300 -0.441667 -0.198972 0.874837 1.167700 0.000000 0.000000 0.000000 1.000000
0.847355 0.204166 0.490209 0.000000 -0.276491 0.957761 0.079035 7.772300 -0.453367 -0.202509 0.868014 1.167700 0.000000 0.000000 0.000000 1.000000
0.840313 0.216855 0.496837 0.000000 -0.287628 0.955213 0.069550 7.772300 -0.459503 -0.201348 0.865052 1.167700 0.000000 0.000000 0.000000 1.000000
0.836763 0.226105 0.498702 -0.000000 -0.294823 0.953515 0.062367 7.772300 -0.461418 -0.199215 0.864527 1.167700 0.000000 0.000000 0.000000 1.000000
0.834221 0.232690 0.499931 -0.000000 -0.299094 0.952596 0.055709 7.772300 -0.463269 -0.196000 0.864272 1.167700 0.000000 0.000000 0.000000 1.000000
0.832396 0.235208 0.501791 -0.000000 -0.298465 0.953197 0.048308 7.772300 -0.466944 -0.189979 0.863639 1.167700 0.000000 0.000000 0.000000 1.000000
0.831317 0.234346 0.503978 0.000000 -0.294089 0.954895 0.041085 7.772300 -0.471618 -0.182369 0.862739 1.167700 0.000000 0.000000 0.000000 1.000000
0.830420 0.233518 0.505838 -0.000000 -0.290869 0.956080 0.036140 7.772300 -0.475183 -0.177144 0.861871 1.167700 0.000000 0.000000 0.000000 1.000000
0.829693 0.233809 0.506895 0.000000 -0.289995 0.956442 0.033502 7.772300 -0.476983 -0.174793 0.861356 1.167700 0.000000 0.000000 0.000000 1.000000
0.829954 0.234402 0.506194 0.000000 -0.289209 0.956759 0.031141 7.772300 -0.477006 -0.172241 0.861857 1.167700 0.000000 0.000000 0.000000 1.000000
0.831559 0.235166 0.503197 0.000000 -0.287980 0.957210 0.028556 7.772300 -0.474950 -0.168657 0.863700 1.167700 0.000000 0.000000 0.000000 1.000000</float_array>
        <technique_common>
          <accessor source="#mixamorig_Head-Matrix-animation-output-transform-array" count="42" stride="16">
            <param type="float4x4"/>
          </accessor>
        </technique_common>
      </source>
      <source id="mixamorig_Head-Interpolations">
        <Name_array id="mixamorig_Head-Interpolations-array" count="42">
 LINEAR LINEAR LINEAR LINEAR LINEAR LINEAR LINEAR LINEAR LINEAR LINEAR LINEAR
LINEAR LINEAR LINEAR LINEAR LINEAR LINEAR LINEAR LINEAR LINEAR LINEAR LINEAR LINEAR
LINEAR LINEAR LINEAR LINEAR LINEAR LINEAR LINEAR LINEAR LINEAR LINEAR LINEAR LINEAR
LINEAR LINEAR LINEAR LINEAR LINEAR LINEAR LINEAR</Name_array>
        <technique_common>
          <accessor source="#mixamorig_Head-Interpolations-array" count="42">
            <param type="name"/>
          </accessor>
        </technique_common>
      </source>
      <sampler id="mixamorig_Head-Matrix-animation-transform">
        <input semantic="INPUT" source="#mixamorig_Head-Matrix-animation-input"/>
        <input semantic="OUTPUT" source="#mixamorig_Head-Matrix-animation-output-transform"/>
        <input semantic="INTERPOLATION" source="#mixamorig_Head-Interpolations"/>
      </sampler>
      <channel source="#mixamorig_Head-Matrix-animation-transform" target="mixamorig_Head/matrix"/>
    </animation>
    <animation id="mixamorig_LeftShoulder-anim" name="mixamorig_LeftShoulder">
      <source id="mixamorig_LeftShoulder-Matrix-animation-input">
        <float_array id="mixamorig_LeftShoulder-Matrix-animation-input-array" count="42">

0.000000 0.033333 0.066667 0.100000 0.133333 0.166667 0.200000 0.233333 0.266667 0.300000 0.333333 0.366667 0.400000 0.433333 0.466667 0.500000
0.533333 0.566667 0.600000 0.633333 0.666667 0.700000 0.733333 0.766667 0.800000 0.833333 0.866667 0.900000 0.933333 0.966667 1.000000 1.033333
1.066667 1.100000 1.133333 1.166667 1.200000 1.233333 1.266667 1.300000 1.333333 1.366667</float_array>
        <technique_common>
          <accessor source="#mixamorig_LeftShoulder-Matrix-animation-input-array" count="42">
            <param name="TIME" type="float"/>
          </accessor>
        </technique_common>
      </source>
      <source id="mixamorig_LeftShoulder-Matrix-animation-output-transform">
        <float_array id="mixamorig_LeftShoulder-Matrix-animation-output-transform-array" count="672">

0.016760 0.871467 -0.490167 11.646600 0.020975 -0.490435 -0.871225 18.688601 -0.999639 0.004321 -0.026499 -0.394200 0.000000 0.000000 0.000000 1.000000
0.020532 0.882615 -0.469648 11.646600 0.019383 -0.470011 -0.882448 18.688601 -0.999601 0.009015 -0.026758 -0.394200 0.000000 0.000000 0.000000 1.000000
0.025412 0.889006 -0.457189 11.646600 0.018337 -0.457675 -0.888931 18.688601 -0.999509 0.014206 -0.027932 -0.394200 0.000000 0.000000 0.000000 1.000000
0.028570 0.889619 -0.455808 11.646600 0.018098 -0.456380 -0.889601 18.688601 -0.999428 0.017166 -0.029139 -0.394200 0.000000 0.000000 0.000000 1.000000
0.028076 0.886610 -0.461665 11.646600 0.018484 -0.462229 -0.886568 18.688601 -0.999435 0.016358 -0.029366 -0.394200 0.000000 0.000000 0.000000 1.000000
0.024761 0.884072 -0.466695 11.646600 0.018991 -0.467170 -0.883964 18.688601 -0.999513 0.013025 -0.028357 -0.394200 0.000000 0.000000 0.000000 1.000000
0.020629 0.884129 -0.466788 11.646600 0.019256 -0.467152 -0.883967 18.688601 -0.999602 0.009247 -0.026662 -0.394200 0.000000 0.000000 0.000000 1.000000
0.017607 0.886491 -0.462411 11.646600 0.019167 -0.462697 -0.886309 18.688601 -0.999661 0.006743 -0.025139 -0.394200 0.000000 0.000000 0.000000 1.000000
0.014559 0.890780 -0.454202 11.646600 0.018816 -0.454413 -0.890592 18.688601 -0.999717 0.004420 -0.023377 -0.394200 0.000000 0.000000 0.000000 1.000000
0.010095 0.895256 -0.445439 11.646600 0.018477 -0.445552 -0.895065 18.688601 -0.999778 0.000806 -0.021040 -0.394200 0.000000 0.000000 0.000000 1.000000
0.005936 0.901203 -0.433357 11.646600 0.017869 -0.433391 -0.901029 18.688601 -0.999823 -0.002395 -0.018677 -0.394200 0.000000 0.000000 0.000000 1.000000
0.002349 0.912204 -0.409729 11.646600 0.016389 -0.409710 -0.912068 18.688601 -0.999863 -0.004572 -0.015912 -0.394200 0.000000 0.000000 0.000000 1.000000
-0.004425 0.931456 -0.363826 11.646600 0.013248 -0.363743 -0.931405 18.688601 -0.999902 -0.008942 -0.010731 -0.394200 0.000000 0.000000 0.000000 1.000000
-0.019407 0.957640 -0.287314 11.646600 0.007205 -0.287226 -0.957836 18.688601 -0.999786 -0.020659 -0.001326 -0.394200 0.000000 0.000000 0.000000 1.000000
-0.043492 0.978006 -0.203992 11.646600 -0.001246 -0.204238 -0.978920 18.688601 -0.999053 -0.042321 0.010101 -0.394200 0.000000 0.000000 0.000000 1.000000
-0.069701 0.983581 -0.166463 11.646600 -0.007203 -0.167360 -0.985869 18.688601 -0.997542 -0.067517 0.018750 -0.394200 0.000000 0.000000 0.000000 1.000000
-0.087468 0.976237 -0.198267 11.646600 -0.005351 -0.199488 -0.979886 18.688601 -0.996153 -0.084648 0.022672 -0.394200 0.000000 0.000000 0.000000 1.000000
-0.100542 0.960345 -0.260055 11.646600 0.001022 -0.261279 -0.965263 18.688601 -0.994932 -0.097315 0.025288 -0.394200 0.000000 0.000000 0.000000 1.000000
-0.110016 0.945775 -0.305625 11.646600 0.006338 -0.306818 -0.951747 18.688601 -0.993910 -0.106645 0.027761 -0.394200 0.000000 0.000000 0.000000 1.000000
-0.105252 0.942368 -0.317592 11.646600 0.007951 -0.318558 -0.947870 18.688601 -0.994414 -0.102290 0.026036 -0.394200 0.000000 0.000000 0.000000 1.000000
-0.091391 0.948751 -0.302521 11.646600 0.006375 -0.303229 -0.952896 18.688601 -0.995795 -0.089015 0.021664 -0.394200 0.000000 0.000000 0.000000 1.000000
-0.079669 0.952091 -0.295254 11.646600 0.005808 -0.295747 -0.955249 18.688601 -0.996804 -0.077819 0.018032 -0.394200 0.000000 0.000000 0.000000 1.000000
-0.073546 0.951039 -0.300193 11.646600 0.006518 -0.300543 -0.953746 18.688601 -0.997271 -0.072100 0.015905 -0.394200 0.000000 0.000000 0.000000 1.000000
-0.068067 0.950842 -0.302103 11.646600 0.006833 -0.302354 -0.953171 18.688601 -0.997657 -0.066944 0.014083 -0.394200 0.000000 0.000000 0.000000 1.000000
-0.058118 0.951088 -0.303403 11.646600 0.007133 -0.303514 -0.952800 18.688601 -0.998284 -0.057539 0.010855 -0.394200 0.000000 0.000000 0.000000 1.000000
-0.045056 0.949376 -0.310895 11.646600 0.008103 -0.310854 -0.950423 18.688601 -0.998952 -0.045341 0.006313 -0.394200 0.000000 0.000000 0.000000 1.000000
-0.033240 0.947042 -0.319386 11.646600 0.009072 -0.319263 -0.947623 18.688601 -0.999406 -0.034396 0.002020 -0.394200 0.000000 0.000000 0.000000 1.000000
-0.024321 0.943499 -0.330482 11.646600 0.010124 -0.330331 -0.943811 18.688601 -0.999653 -0.026300 -0.001518 -0.394200 0.000000 0.000000 0.000000 1.000000
-0.017633 0.936399 -0.350495 11.646600 0.011793 -0.350330 -0.936552 18.688601 -0.999775 -0.020647 -0.004866 -0.394200 0.000000 0.000000 0.000000 1.000000
-0.010372 0.924792 -0.380333 11.646600 0.014132 -0.380180 -0.924805 18.688601 -0.999846 -0.014967 -0.009126 -0.394200 0.000000 0.000000 0.000000 1.000000
-0.002197 0.907831 -0.419330 11.646600 0.016960 -0.419236 -0.907719 18.688601 -0.999854 -0.009106 -0.014475 -0.394200 0.000000 0.000000 0.000000 1.000000
0.003699 0.888208 -0.459427 11.646600 0.019698 -0.459406 -0.888008 18.688601 -0.999799 -0.005765 -0.019195 -0.394200 0.000000 0.000000 0.000000 1.000000
0.007386 0.868843 -0.495032 11.646600 0.022089 -0.495066 -0.868574 18.688601 -0.999729 -0.004520 -0.022848 -0.394200 0.000000 0.000000 0.000000 1.000000
0.011109 0.850469 -0.525908 11.646600 0.024103 -0.526015 -0.850134 18.688601 -0.999648 -0.003231 -0.026342 -0.394200 0.000000 0.000000 0.000000 1.000000
0.014311 0.834900 -0.550215 11.646600 0.025639 -0.550397 -0.834509 18.688601 -0.999569 -0.002164 -0.029282 -0.394200 0.000000 0.000000 0.000000 1.000000
0.016040 0.826222 -0.563116 11.646600 0.026421 -0.563342 -0.825801 18.688601 -0.999522 -0.001632 -0.030866 -0.394200 0.000000 0.000000 0.000000 1.000000
0.016456 0.823948 -0.566426 11.646600 0.026590 -0.566663 -0.823520 18.688601 -0.999511 -0.001509 -0.031234 -0.394200 0.000000 0.000000 0.000000 1.000000
0.016375 0.821922 -0.569365 11.646600 0.026758 -0.569597 -0.821488 18.688601 -0.999508 -0.001783 -0.031321 -0.394200 0.000000 0.000000 0.000000 1.000000
0.016311 0.818046 -0.574921 11.646600 0.027112 -0.575148 -0.817600 18.688601 -0.999499 -0.002251 -0.031561 -0.394200 0.000000 0.000000 0.000000 1.000000
0.016028 0.814568 -0.579846 11.646600 0.027442 -0.580061 -0.814111 18.688601 -0.999495 -0.002864 -0.031650 -0.394200 0.000000 0.000000 0.000000 1.000000
0.015602 0.812819 -0.582307 11.646600 0.027603 -0.582506 -0.812357 18.688601 -0.999497 -0.003400 -0.031525 -0.394200 0.000000 0.000000 0.000000 1.000000
0.015342 0.812743 -0.582421 11.646600 0.027598 -0.582611 -0.812282 18.688601 -0.999501 -0.003611 -0.031369 -0.394200 0.000000 0.000000 0.000000 1.000000</float_array>
        <technique_common>
          <accessor source="#mixamorig_LeftShoulder-Matrix-animation-output-transform-array" count="42" stride="16">
            <param type="float4x4"/>
          </accessor>
        </technique_common>
      </source>
      <source id="mixamorig_LeftShoulder-Interpolations">
        <Name_array id="mixamorig_LeftShoulder-Interpolations-array" count="42">
 LINEAR LINEAR LINEAR LINEAR LINEAR LINEAR LINEAR LINEAR LINEAR LINEAR LINEAR
LINEAR LINEAR LINEAR LINEAR LINEAR LINEAR LINEAR LINEAR LINEAR LINEAR LINEAR LINEAR
LINEAR LINEAR LINEAR LINEAR LINEAR LINEAR LINEAR LINEAR LINEAR LINEAR LINEAR LINEAR
LINEAR LINEAR LINEAR LINEAR LINEAR LINEAR LINEAR</Name_array>
        <technique_common>
          <accessor source="#mixamorig_LeftShoulder-Interpolations-array" count="42">
            <param type="name"/>
          </accessor>
        </technique_common>
      </source>
      <sampler id="mixamorig_LeftShoulder-Matrix-animation-transform">
        <input semantic="INPUT" source="#mixamorig_LeftShoulder-Matrix-animation-input"/>
        <input semantic="OUTPUT" source="#mixamorig_LeftShoulder-Matrix-animation-output-transform"/>
        <input semantic="INTERPOLATION" source="#mixamorig_LeftShoulder-Interpolations"/>
      </sampler>
      <channel source="#mixamorig_LeftShoulder-Matrix-animation-transform" target="mixamorig_LeftShoulder/matrix"/>
    </animation>
    <animation id="mixamorig_LeftArm-anim" name="mixamorig_LeftArm">
      <source id="mixamorig_LeftArm-Matrix-animation-input">
        <float_array id="mixamorig_LeftArm-Matrix-animation-input-array" count="42">

0.000000 0.033333 0.066667 0.100000 0.133333 0.166667 0.200000 0.233333 0.266667 0.300000 0.333333 0.366667 0.400000 0.433333 0.466667 0.500000
0.533333 0.566667 0.600000 0.633333 0.666667 0.700000 0.733333 0.766667 0.800000 0.833333 0.866667 0.900000 0.933333 0.966667 1.000000 1.033333
1.066667 1.100000 1.133333 1.166667 1.200000 1.233333 1.266667 1.300000 1.333333 1.366667</float_array>
        <technique_common>
          <accessor source="#mixamorig_LeftArm-Matrix-animation-input-array" count="42">
            <param name="TIME" type="float"/>
          </accessor>
        </technique_common>
      </source>
      <source id="mixamorig_LeftArm-Matrix-animation-output-transform">
        <float_array id="mixamorig_LeftArm-Matrix-animation-output-transform-array" count="672">

0.834988 -0.126720 -0.535479 0.000000 -0.193482 0.843373 -0.501285 24.455700 0.515131 0.522172 0.679688 0.000000 0.000000 0.000000 0.000000 1.000000
0.827545 -0.041433 -0.559868 0.000000 -0.286834 0.826074 -0.485106 24.455700 0.482592 0.562036 0.671729 0.000000 0.000000 0.000000 0.000000 1.000000
0.811845 0.044347 -0.582186 0.000000 -0.376928 0.801306 -0.464580 24.455700 0.445907 0.596609 0.667252 0.000000 0.000000 0.000000 0.000000 1.000000
0.788317 0.125995 -0.602230 0.000000 -0.457261 0.774877 -0.436438 24.455700 0.411665 0.619428 0.668462 0.000000 0.000000 0.000000 0.000000 1.000000
0.760210 0.199438 -0.618309 0.000000 -0.524858 0.749431 -0.403580 24.455700 0.382891 0.631329 0.674402 0.000000 0.000000 0.000000 0.000000 1.000000
0.732918 0.258419 -0.629325 0.000000 -0.578224 0.724019 -0.376102 24.455700 0.358452 0.639543 0.680071 -0.000000 0.000000 0.000000 0.000000 1.000000
0.710859 0.298803 -0.636708 0.000000 -0.616182 0.701057 -0.358941 24.455700 0.339116 0.647484 0.682469 0.000000 0.000000 0.000000 0.000000 1.000000
0.696297 0.323597 -0.640667 0.000000 -0.639507 0.684972 -0.349061 24.455700 0.325884 0.652762 0.683887 0.000000 0.000000 0.000000 0.000000 1.000000
0.690757 0.335158 -0.640722 0.000000 -0.647981 0.680155 -0.342797 24.455700 0.320899 0.651965 0.686998 0.000000 0.000000 0.000000 0.000000 1.000000
0.693668 0.332284 -0.639071 0.000000 -0.639495 0.692394 -0.334120 24.455700 0.331467 0.640451 0.692786 0.000000 0.000000 0.000000 0.000000 1.000000
0.704176 0.310782 -0.638396 -0.000000 -0.612766 0.720209 -0.325295 24.455700 0.358683 0.620253 0.697591 0.000000 0.000000 0.000000 0.000000 1.000000
0.716271 0.264952 -0.645566 -0.000000 -0.569019 0.757280 -0.320539 24.455700 0.403947 0.596932 0.693181 0.000000 0.000000 0.000000 0.000000 1.000000
0.730011 0.170730 -0.661767 0.000000 -0.495796 0.798752 -0.340854 24.455700 0.470393 0.576929 0.667745 0.000000 0.000000 0.000000 0.000000 1.000000
0.781224 -0.044159 -0.622686 0.000000 -0.325303 0.822554 -0.466458 24.455700 0.532791 0.566970 0.628234 0.000000 0.000000 0.000000 0.000000 1.000000
0.820610 -0.411104 -0.396979 0.000000 0.020898 0.715763 -0.698030 24.455700 0.571106 0.564514 0.595954 0.000000 0.000000 0.000000 0.000000 1.000000
0.711547 -0.701328 -0.042904 0.000000 0.385069 0.440298 -0.811085 24.455700 0.587727 0.560604 0.583352 -0.000000 0.000000 0.000000 0.000000 1.000000
0.591506 -0.776204 0.218239 -0.000000 0.573791 0.215068 -0.790259 24.455700 0.566466 0.592667 0.572593 0.000000 0.000000 0.000000 0.000000 1.000000
0.579358 -0.729398 0.363762 0.000000 0.651725 0.146537 -0.744165 24.455700 0.489488 0.668211 0.560264 0.000000 0.000000 0.000000 0.000000 1.000000
0.575392 -0.681951 0.451516 0.000000 0.720652 0.161674 -0.674182 24.455700 0.386761 0.713305 0.584476 -0.000000 0.000000 0.000000 0.000000 1.000000
0.549494 -0.681386 0.483497 0.000000 0.771066 0.190733 -0.607517 24.455700 0.321735 0.706635 0.630201 0.000000 0.000000 0.000000 0.000000 1.000000
0.545181 -0.702045 0.458160 0.000000 0.773479 0.210492 -0.597849 24.455700 0.323278 0.680313 0.657773 -0.000000 0.000000 0.000000 0.000000 1.000000
0.557330 -0.722955 0.408313 0.000000 0.744670 0.217740 -0.630916 24.455700 0.367218 0.655687 0.659716 0.000000 0.000000 0.000000 0.000000 1.000000
0.585686 -0.729457 0.353362 0.000000 0.696760 0.230365 -0.679307 24.455700 0.414123 0.644069 0.643178 0.000000 0.000000 0.000000 0.000000 1.000000
0.639208 -0.717633 0.276434 -0.000000 0.623210 0.272772 -0.732943 24.455700 0.450580 0.640779 0.621594 0.000000 0.000000 0.000000 0.000000 1.000000
0.704201 -0.692012 0.158808 0.000000 0.522797 0.354048 -0.775457 24.455700 0.480400 0.629102 0.611103 0.000000 0.000000 0.000000 0.000000 1.000000
0.758488 -0.651584 0.011586 0.000000 0.410836 0.464289 -0.784633 24.455700 0.505876 0.599894 0.619852 0.000000 0.000000 0.000000 0.000000 1.000000
0.795944 -0.591115 -0.130602 0.000000 0.302877 0.575642 -0.759541 24.455700 0.524156 0.564995 0.637214 0.000000 0.000000 0.000000 0.000000 1.000000
0.821201 -0.516559 -0.242479 0.000000 0.208112 0.666766 -0.715620 24.455700 0.531337 0.537205 0.655051 0.000000 0.000000 0.000000 0.000000 1.000000
0.833687 -0.449456 -0.320867 -0.000000 0.135480 0.729735 -0.670173 24.455700 0.535361 0.515243 0.669263 0.000000 0.000000 0.000000 0.000000 1.000000
0.833609 -0.401037 -0.379823 -0.000000 0.082156 0.770017 -0.632712 24.455700 0.546211 0.496229 0.674841 0.000000 0.000000 0.000000 0.000000 1.000000
0.823872 -0.368436 -0.430685 0.000000 0.044484 0.799576 -0.598915 24.455700 0.565028 0.474271 0.675138 0.000000 0.000000 0.000000 0.000000 1.000000
0.811311 -0.342555 -0.473741 -0.000000 0.017671 0.824346 -0.565810 24.455700 0.584348 0.450677 0.674854 -0.000000 0.000000 0.000000 0.000000 1.000000
0.800934 -0.315273 -0.509027 -0.000000 -0.006402 0.845586 -0.533800 24.455700 0.598719 0.430797 0.675240 0.000000 0.000000 0.000000 0.000000 1.000000
0.796220 -0.288083 -0.532016 -0.000000 -0.025175 0.862818 -0.504887 24.455700 0.604483 0.415395 0.679741 0.000000 0.000000 0.000000 0.000000 1.000000
0.795902 -0.266940 -0.543399 0.000000 -0.036687 0.874635 -0.483392 24.455700 0.604313 0.404669 0.686330 0.000000 0.000000 0.000000 0.000000 1.000000
0.800113 -0.249906 -0.545312 0.000000 -0.047023 0.880155 -0.472352 24.455700 0.598003 0.403577 0.692472 0.000000 0.000000 0.000000 0.000000 1.000000
0.808038 -0.236862 -0.539417 -0.000000 -0.056411 0.880302 -0.471049 24.455700 0.586423 0.411054 0.697956 0.000000 0.000000 0.000000 0.000000 1.000000
0.814954 -0.230899 -0.531540 0.000000 -0.058815 0.879511 -0.472230 24.455700 0.576533 0.416109 0.703181 -0.000000 0.000000 0.000000 0.000000 1.000000
0.818728 -0.231505 -0.525443 0.000000 -0.054318 0.879784 -0.472260 24.455700 0.571607 0.415193 0.707729 0.000000 0.000000 0.000000 0.000000 1.000000
0.820830 -0.235918 -0.520174 0.000000 -0.046817 0.879859 -0.472924 24.455700 0.569251 0.412543 0.711169 0.000000 0.000000 0.000000 0.000000 1.000000
0.823090 -0.242639 -0.513468 0.000000 -0.037619 0.878854 -0.475605 24.455700 0.566664 0.410782 0.714248 0.000000 0.000000 0.000000 0.000000 1.000000
0.826622 -0.252173 -0.503095 -0.000000 -0.025637 0.876180 -0.481302 24.455700 0.562174 0.410752 0.717805 0.000000 0.000000 0.000000 0.000000 1.000000</float_array>
        <technique_common>
          <accessor source="#mixamorig_LeftArm-Matrix-animation-output-transform-array" count="42" stride="16">
            <param type="float4x4"/>
          </accessor>
        </technique_common>
      </source>
      <source id="mixamorig_LeftArm-Interpolations">
        <Name_array id="mixamorig_LeftArm-Interpolations-array" count="42">
 LINEAR LINEAR LINEAR LINEAR LINEAR LINEAR LINEAR LINEAR LINEAR LINEAR LINEAR
LINEAR LINEAR LINEAR LINEAR LINEAR LINEAR LINEAR LINEAR LINEAR LINEAR LINEAR LINEAR
LINEAR LINEAR LINEAR LINEAR LINEAR LINEAR LINEAR LINEAR LINEAR LINEAR LINEAR LINEAR
LINEAR LINEAR LINEAR LINEAR LINEAR LINEAR LINEAR</Name_array>
        <technique_common>
          <accessor source="#mixamorig_LeftArm-Interpolations-array" count="42">
            <param type="name"/>
          </accessor>
        </technique_common>
      </source>
      <sampler id="mixamorig_LeftArm-Matrix-animation-transform">
        <input semantic="INPUT" source="#mixamorig_LeftArm-Matrix-animation-input"/>
        <input semantic="OUTPUT" source="#mixamorig_LeftArm-Matrix-animation-output-transform"/>
        <input semantic="INTERPOLATION" source="#mixamorig_LeftArm-Interpolations"/>
      </sampler>
      <channel source="#mixamorig_LeftArm-Matrix-animation-transform" target="mixamorig_LeftArm/matrix"/>
    </animation>
    <animation id="mixamorig_LeftForeArm-anim" name="mixamorig_LeftForeArm">
      <source id="mixamorig_LeftForeArm-Matrix-animation-input">
        <float_array id="mixamorig_LeftForeArm-Matrix-animation-input-array" count="42">

0.000000 0.033333 0.066667 0.100000 0.133333 0.166667 0.200000 0.233333 0.266667 0.300000 0.333333 0.366667 0.400000 0.433333 0.466667 0.500000
0.533333 0.566667 0.600000 0.633333 0.666667 0.700000 0.733333 0.766667 0.800000 0.833333 0.866667 0.900000 0.933333 0.966667 1.000000 1.033333
1.066667 1.100000 1.133333 1.166667 1.200000 1.233333 1.266667 1.300000 1.333333 1.366667</float_array>
        <technique_common>
          <accessor source="#mixamorig_LeftForeArm-Matrix-animation-input-array" count="42">
            <param name="TIME" type="float"/>
          </accessor>
        </technique_common>
      </source>
      <source id="mixamorig_LeftForeArm-Matrix-animation-output-transform">
        <float_array id="mixamorig_LeftForeArm-Matrix-animation-output-transform-array" count="672">

-0.113830 -0.977995 0.174840 0.000000 0.985947 -0.132861 -0.101273 22.756701 0.122274 0.160855 0.979375 0.000000 0.000000 0.000000 0.000000 1.000000
-0.080399 -0.982072 0.170499 0.000000 0.989789 -0.098858 -0.102684 22.756701 0.117698 0.160503 0.979993 -0.000000 0.000000 0.000000 0.000000 1.000000
-0.034212 -0.985792 0.164451 0.000000 0.993184 -0.051880 -0.104375 22.756701 0.111424 0.159759 0.980847 0.000000 0.000000 0.000000 0.000000 1.000000
0.012473 -0.987316 0.158279 0.000000 0.994379 -0.004397 -0.105789 22.756701 0.105143 0.158709 0.981711 -0.000000 0.000000 0.000000 0.000000 1.000000
0.059232 -0.986598 0.152038 0.000000 0.993332 0.043162 -0.106906 22.756701 0.098911 0.157357 0.982576 0.000000 0.000000 0.000000 0.000000 1.000000
0.116407 -0.982659 0.144326 0.000000 0.988990 0.101315 -0.107864 22.756701 0.091371 0.155293 0.983634 -0.000000 0.000000 0.000000 0.000000 1.000000
0.179930 -0.974281 0.135652 0.000000 0.980163 0.165924 -0.108396 22.756701 0.083100 0.152464 0.984809 -0.000000 0.000000 0.000000 0.000000 1.000000
0.231530 -0.964301 0.128522 0.000000 0.969818 0.218406 -0.108406 22.756701 0.076466 0.149742 0.985764 0.000000 0.000000 0.000000 0.000000 1.000000
0.247438 -0.960636 0.126308 -0.000000 0.966040 0.234586 -0.108331 22.756701 0.074437 0.148824 0.986058 0.000000 0.000000 0.000000 0.000000 1.000000
0.208696 -0.969074 0.131686 0.000000 0.974753 0.195182 -0.108449 22.756701 0.079392 0.150995 0.985341 -0.000000 0.000000 0.000000 0.000000 1.000000
0.122650 -0.982024 0.143479 0.000000 0.988310 0.107664 -0.107941 22.756701 0.090553 0.155040 0.983749 -0.000000 0.000000 0.000000 0.000000 1.000000
-0.009410 -0.986880 0.161180 -0.000000 0.994098 -0.026655 -0.105164 22.756701 0.108081 0.159239 0.981306 -0.000000 0.000000 0.000000 0.000000 1.000000
-0.179959 -0.966438 0.183335 -0.000000 0.974856 -0.200121 -0.098020 22.756701 0.131420 0.161085 0.978151 0.000000 0.000000 0.000000 0.000000 1.000000
-0.345263 -0.916066 0.204001 0.000000 0.925643 -0.368253 -0.087031 22.756701 0.154850 0.158783 0.975095 0.000000 0.000000 0.000000 0.000000 1.000000
-0.430047 -0.877015 0.214251 -0.000000 0.887186 -0.454489 -0.079635 22.756701 0.167215 0.155834 0.973527 0.000000 0.000000 0.000000 0.000000 1.000000
-0.429451 -0.877325 0.214180 0.000000 0.887491 -0.453882 -0.079691 22.756701 0.167128 0.155860 0.973538 0.000000 0.000000 0.000000 0.000000 1.000000
-0.422251 -0.881022 0.213319 0.000000 0.891138 -0.446559 -0.080370 22.756701 0.166067 0.156161 0.973671 -0.000000 0.000000 0.000000 0.000000 1.000000
-0.416527 -0.883907 0.212634 0.000000 0.893983 -0.440738 -0.080902 22.756701 0.165226 0.156393 0.973777 -0.000000 0.000000 0.000000 0.000000 1.000000
-0.388288 -0.897471 0.209235 0.000000 0.907349 -0.412014 -0.083440 22.756701 0.161092 0.157450 0.974299 0.000000 0.000000 0.000000 0.000000 1.000000
-0.352392 -0.913152 0.204873 0.000000 0.922779 -0.375504 -0.086457 22.756701 0.155879 0.158586 0.974963 0.000000 0.000000 0.000000 0.000000 1.000000
-0.331534 -0.921495 0.202317 0.000000 0.930976 -0.354290 -0.088109 22.756701 0.152870 0.159141 0.975348 -0.000000 0.000000 0.000000 0.000000 1.000000
-0.318087 -0.926583 0.200662 0.000000 0.935969 -0.340612 -0.089134 22.756701 0.150938 0.159461 0.975597 -0.000000 0.000000 0.000000 0.000000 1.000000
-0.303106 -0.931988 0.198811 0.000000 0.941269 -0.325375 -0.090242 22.756701 0.148793 0.159782 0.975874 0.000000 0.000000 0.000000 0.000000 1.000000
-0.283590 -0.938620 0.196390 -0.000000 0.947765 -0.305525 -0.091630 22.756701 0.146008 0.160146 0.976235 0.000000 0.000000 0.000000 0.000000 1.000000
-0.265337 -0.944413 0.194114 0.000000 0.953430 -0.286960 -0.092875 22.756701 0.143416 0.160431 0.976573 -0.000000 0.000000 0.000000 0.000000 1.000000
-0.246498 -0.949984 0.191754 0.000000 0.958868 -0.267799 -0.094105 22.756701 0.140750 0.160671 0.976921 0.000000 0.000000 0.000000 0.000000 1.000000
-0.225423 -0.955733 0.189102 0.000000 0.964469 -0.246363 -0.095416 22.756701 0.137780 0.160874 0.977311 0.000000 0.000000 0.000000 0.000000 1.000000
-0.207129 -0.960317 0.186788 0.000000 0.968925 -0.227755 -0.096501 22.756701 0.135213 0.160996 0.977649 0.000000 0.000000 0.000000 0.000000 1.000000
-0.196595 -0.962787 0.185452 -0.000000 0.971321 -0.217042 -0.097103 22.756701 0.133740 0.161043 0.977844 0.000000 0.000000 0.000000 0.000000 1.000000
-0.195623 -0.963008 0.185329 0.000000 0.971536 -0.216053 -0.097158 22.756701 0.133604 0.161047 0.977862 0.000000 0.000000 0.000000 0.000000 1.000000
-0.200673 -0.961845 0.185970 0.000000 0.970408 -0.221190 -0.096872 22.756701 0.134310 0.161027 0.977768 0.000000 0.000000 0.000000 0.000000 1.000000
-0.205823 -0.960629 0.186622 0.000000 0.969228 -0.226428 -0.096576 22.756701 0.135031 0.161002 0.977673 0.000000 0.000000 0.000000 0.000000 1.000000
-0.210640 -0.959466 0.187233 0.000000 0.968099 -0.231327 -0.096297 22.756701 0.135706 0.160976 0.977584 0.000000 0.000000 0.000000 0.000000 1.000000
-0.214827 -0.958433 0.187763 0.000000 0.967096 -0.235586 -0.096049 22.756701 0.136291 0.160951 0.977507 -0.000000 0.000000 0.000000 0.000000 1.000000
-0.215869 -0.958173 0.187895 0.000000 0.966843 -0.236645 -0.095989 22.756701 0.136438 0.160944 0.977487 0.000000 0.000000 0.000000 0.000000 1.000000
-0.212570 -0.958992 0.187477 0.000000 0.967639 -0.233289 -0.096183 22.756701 0.135976 0.160965 0.977548 0.000000 0.000000 0.000000 0.000000 1.000000
-0.206936 -0.960363 0.186764 0.000000 0.968969 -0.227560 -0.096513 22.756701 0.135187 0.160997 0.977653 0.000000 0.000000 0.000000 0.000000 1.000000
-0.202372 -0.961447 0.186185 -0.000000 0.970022 -0.222917 -0.096774 22.756701 0.134547 0.161019 0.977737 -0.000000 0.000000 0.000000 0.000000 1.000000
-0.200451 -0.961897 0.185942 0.000000 0.970458 -0.220964 -0.096885 22.756701 0.134280 0.161028 0.977772 0.000000 0.000000 0.000000 0.000000 1.000000
-0.198812 -0.962277 0.185733 0.000000 0.970827 -0.219296 -0.096977 22.756701 0.134050 0.161035 0.977803 0.000000 0.000000 0.000000 0.000000 1.000000
-0.195497 -0.963037 0.185312 0.000000 0.971563 -0.215925 -0.097164 22.756701 0.133586 0.161047 0.977864 -0.000000 0.000000 0.000000 0.000000 1.000000
-0.191613 -0.963912 0.184819 0.000000 0.972411 -0.211974 -0.097381 22.756701 0.133044 0.161060 0.977936 -0.000000 0.000000 0.000000 0.000000 1.000000</float_array>
        <technique_common>
          <accessor source="#mixamorig_LeftForeArm-Matrix-animation-output-transform-array" count="42" stride="16">
            <param type="float4x4"/>
          </accessor>
        </technique_common>
      </source>
      <source id="mixamorig_LeftForeArm-Interpolations">
        <Name_array id="mixamorig_LeftForeArm-Interpolations-array" count="42">
 LINEAR LINEAR LINEAR LINEAR LINEAR LINEAR LINEAR LINEAR LINEAR LINEAR LINEAR
LINEAR LINEAR LINEAR LINEAR LINEAR LINEAR LINEAR LINEAR LINEAR LINEAR LINEAR LINEAR
LINEAR LINEAR LINEAR LINEAR LINEAR LINEAR LINEAR LINEAR LINEAR LINEAR LINEAR LINEAR
LINEAR LINEAR LINEAR LINEAR LINEAR LINEAR LINEAR</Name_array>
        <technique_common>
          <accessor source="#mixamorig_LeftForeArm-Interpolations-array" count="42">
            <param type="name"/>
          </accessor>
        </technique_common>
      </source>
      <sampler id="mixamorig_LeftForeArm-Matrix-animation-transform">
        <input semantic="INPUT" source="#mixamorig_LeftForeArm-Matrix-animation-input"/>
        <input semantic="OUTPUT" source="#mixamorig_LeftForeArm-Matrix-animation-output-transform"/>
        <input semantic="INTERPOLATION" source="#mixamorig_LeftForeArm-Interpolations"/>
      </sampler>
      <channel source="#mixamorig_LeftForeArm-Matrix-animation-transform" target="mixamorig_LeftForeArm/matrix"/>
    </animation>
    <animation id="mixamorig_LeftHand-anim" name="mixamorig_LeftHand">
      <source id="mixamorig_LeftHand-Matrix-animation-input">
        <float_array id="mixamorig_LeftHand-Matrix-animation-input-array" count="42">

0.000000 0.033333 0.066667 0.100000 0.133333 0.166667 0.200000 0.233333 0.266667 0.300000 0.333333 0.366667 0.400000 0.433333 0.466667 0.500000
0.533333 0.566667 0.600000 0.633333 0.666667 0.700000 0.733333 0.766667 0.800000 0.833333 0.866667 0.900000 0.933333 0.966667 1.000000 1.033333
1.066667 1.100000 1.133333 1.166667 1.200000 1.233333 1.266667 1.300000 1.333333 1.366667</float_array>
        <technique_common>
          <accessor source="#mixamorig_LeftHand-Matrix-animation-input-array" count="42">
            <param name="TIME" type="float"/>
          </accessor>
        </technique_common>
      </source>
      <source id="mixamorig_LeftHand-Matrix-animation-output-transform">
        <float_array id="mixamorig_LeftHand-Matrix-animation-output-transform-array" count="672">

0.913175 -0.042800 0.405314 0.000000 -0.102283 0.938580 0.329555 32.238300 -0.394524 -0.342398 0.852710 0.000000 0.000000 0.000000 0.000000 1.000000
0.911761 -0.043674 0.408393 -0.000000 -0.102088 0.939027 0.328338 32.238300 -0.397832 -0.341058 0.851710 0.000000 0.000000 0.000000 0.000000 1.000000
0.911389 -0.046266 0.408938 0.000000 -0.101661 0.937558 0.332642 32.238300 -0.398793 -0.344739 0.849776 0.000000 0.000000 0.000000 0.000000 1.000000
0.907982 -0.044877 0.416598 0.000000 -0.109330 0.934431 0.338947 32.238300 -0.404493 -0.353304 0.843541 -0.000000 0.000000 0.000000 0.000000 1.000000
0.903692 -0.037845 0.426508 0.000000 -0.124320 0.929987 0.345931 32.238300 -0.409739 -0.365638 0.835717 -0.000000 0.000000 0.000000 0.000000 1.000000
0.904390 -0.032165 0.425492 0.000000 -0.135290 0.924094 0.357418 32.238300 -0.404691 -0.380810 0.831390 -0.000000 0.000000 0.000000 0.000000 1.000000
0.907292 -0.034328 0.419097 0.000000 -0.136586 0.918561 0.370931 32.238300 -0.397699 -0.393786 0.828715 0.000000 0.000000 0.000000 0.000000 1.000000
0.905403 -0.042777 0.422393 -0.000000 -0.135490 0.913774 0.382962 32.238300 -0.402354 -0.403965 0.821537 0.000000 0.000000 0.000000 0.000000 1.000000
0.900023 -0.052463 0.432674 -0.000000 -0.134162 0.911177 0.389560 32.238300 -0.414680 -0.408662 0.813041 -0.000000 0.000000 0.000000 0.000000 1.000000
0.897314 -0.061950 0.437023 0.000000 -0.127252 0.911755 0.390525 32.238300 -0.422651 -0.406036 0.810248 0.000000 0.000000 0.000000 0.000000 1.000000
0.909128 -0.071163 0.410393 0.000000 -0.107666 0.911659 0.396593 32.238300 -0.402361 -0.404739 0.821153 -0.000000 0.000000 0.000000 0.000000 1.000000
0.943427 -0.055910 0.326834 0.000000 -0.082609 0.914969 0.394977 32.238300 -0.321126 -0.399631 0.858588 0.000000 0.000000 0.000000 0.000000 1.000000
0.983749 -0.004487 0.179491 0.000000 -0.062620 0.928343 0.366412 32.238300 -0.168273 -0.371698 0.912976 0.000000 0.000000 0.000000 0.000000 1.000000
0.999405 0.022637 -0.026030 0.000000 -0.010691 0.920671 0.390193 32.238300 0.032798 -0.389683 0.920365 0.000000 0.000000 0.000000 0.000000 1.000000
0.987647 -0.014356 -0.156037 0.000000 0.081309 0.898196 0.432010 32.238300 0.133950 -0.439360 0.888268 -0.000000 0.000000 0.000000 0.000000 1.000000
0.975925 -0.093781 -0.196916 0.000000 0.166401 0.903814 0.394248 32.238300 0.141003 -0.417524 0.897659 -0.000000 0.000000 0.000000 0.000000 1.000000
0.952352 -0.176221 -0.248942 0.000000 0.260135 0.895419 0.361323 32.238300 0.159234 -0.408865 0.898596 0.000000 0.000000 0.000000 0.000000 1.000000
0.922893 -0.224155 -0.313085 0.000000 0.332947 0.872992 0.356416 32.238300 0.193429 -0.433174 0.880310 0.000000 0.000000 0.000000 0.000000 1.000000
0.915023 -0.217273 -0.339891 -0.000000 0.337329 0.874180 0.349312 32.238300 0.221230 -0.434284 0.873187 0.000000 0.000000 0.000000 0.000000 1.000000
0.928990 -0.193944 -0.315221 -0.000000 0.295182 0.902043 0.314939 32.238300 0.223263 -0.385622 0.895237 0.000000 0.000000 0.000000 0.000000 1.000000
0.953660 -0.173736 -0.245659 -0.000000 0.240262 0.931192 0.274146 32.238300 0.181127 -0.320465 0.929782 0.000000 0.000000 0.000000 0.000000 1.000000
0.979158 -0.144514 -0.142707 0.000000 0.176127 0.954080 0.242302 32.238300 0.101138 -0.262386 0.959648 0.000000 0.000000 0.000000 0.000000 1.000000
0.992607 -0.120751 -0.012240 0.000000 0.120430 0.967372 0.222909 32.238300 -0.015076 -0.222735 0.974762 0.000000 0.000000 0.000000 0.000000 1.000000
0.985880 -0.110379 0.125922 0.000000 0.080647 0.972017 0.220633 32.238300 -0.146751 -0.207363 0.967194 0.000000 0.000000 0.000000 0.000000 1.000000
0.963630 -0.101078 0.247388 0.000000 0.043629 0.972795 0.227521 32.238300 -0.263655 -0.208452 0.941825 0.000000 0.000000 0.000000 0.000000 1.000000
0.935643 -0.083757 0.342865 -0.000000 0.004678 0.974292 0.225238 32.238300 -0.352917 -0.209139 0.911982 0.000000 0.000000 0.000000 0.000000 1.000000
0.912002 -0.065308 0.404954 -0.000000 -0.026798 0.975648 0.217697 32.238300 -0.409310 -0.209392 0.888043 0.000000 0.000000 0.000000 0.000000 1.000000
0.899654 -0.055534 0.433056 -0.000000 -0.045862 0.974370 0.220226 32.238300 -0.434187 -0.217987 0.874050 -0.000000 0.000000 0.000000 0.000000 1.000000
0.895063 -0.052260 0.442868 0.000000 -0.058370 0.970836 0.232531 32.238300 -0.442104 -0.233980 0.865909 0.000000 0.000000 0.000000 0.000000 1.000000
0.890701 -0.049565 0.451879 0.000000 -0.068755 0.967914 0.241691 32.238300 -0.449360 -0.246343 0.858715 0.000000 0.000000 0.000000 0.000000 1.000000
0.886834 -0.043399 0.460045 -0.000000 -0.077961 0.967256 0.241534 32.238300 -0.455464 -0.250066 0.854412 -0.000000 0.000000 0.000000 0.000000 1.000000
0.885698 -0.036396 0.462834 -0.000000 -0.085581 0.967039 0.239816 32.238300 -0.456306 -0.252014 0.853389 0.000000 0.000000 0.000000 0.000000 1.000000
0.887787 -0.030624 0.459235 0.000000 -0.090836 0.966500 0.240054 32.238300 -0.451202 -0.254832 0.855264 0.000000 0.000000 0.000000 0.000000 1.000000
0.892749 -0.026142 0.449796 0.000000 -0.093880 0.965610 0.242454 32.238300 -0.440666 -0.258678 0.859593 0.000000 0.000000 0.000000 0.000000 1.000000
0.899376 -0.021442 0.436649 -0.000000 -0.096277 0.964560 0.245671 32.238300 -0.426442 -0.262990 0.865438 0.000000 0.000000 0.000000 0.000000 1.000000
0.906563 -0.018579 0.421662 0.000000 -0.095960 0.963795 0.248777 32.238300 -0.411018 -0.265995 0.871958 0.000000 0.000000 0.000000 0.000000 1.000000
0.910113 -0.020863 0.413834 0.000000 -0.093809 0.962426 0.254827 32.238300 -0.403601 -0.270742 0.873959 0.000000 0.000000 0.000000 0.000000 1.000000
0.910985 -0.022183 0.411842 0.000000 -0.095013 0.960408 0.261896 32.238300 -0.401346 -0.277713 0.872810 -0.000000 0.000000 0.000000 0.000000 1.000000
0.913634 -0.017500 0.406161 -0.000000 -0.099929 0.958753 0.266095 32.238300 -0.394065 -0.283701 0.874201 0.000000 0.000000 0.000000 0.000000 1.000000
0.916992 -0.013009 0.398694 0.000000 -0.102743 0.958045 0.267569 32.238300 -0.385448 -0.286322 0.877183 0.000000 0.000000 0.000000 0.000000 1.000000
0.919935 -0.012363 0.391875 0.000000 -0.102293 0.957316 0.270337 32.238300 -0.378491 -0.288779 0.879404 0.000000 0.000000 0.000000 0.000000 1.000000
0.921366 -0.013721 0.388454 -0.000000 -0.101956 0.955853 0.275590 32.238300 -0.375086 -0.293525 0.879292 0.000000 0.000000 0.000000 0.000000 1.000000</float_array>
        <technique_common>
          <accessor source="#mixamorig_LeftHand-Matrix-animation-output-transform-array" count="42" stride="16">
            <param type="float4x4"/>
          </accessor>
        </technique_common>
      </source>
      <source id="mixamorig_LeftHand-Interpolations">
        <Name_array id="mixamorig_LeftHand-Interpolations-array" count="42">
 LINEAR LINEAR LINEAR LINEAR LINEAR LINEAR LINEAR LINEAR LINEAR LINEAR LINEAR
LINEAR LINEAR LINEAR LINEAR LINEAR LINEAR LINEAR LINEAR LINEAR LINEAR LINEAR LINEAR
LINEAR LINEAR LINEAR LINEAR LINEAR LINEAR LINEAR LINEAR LINEAR LINEAR LINEAR LINEAR
LINEAR LINEAR LINEAR LINEAR LINEAR LINEAR LINEAR</Name_array>
        <technique_common>
          <accessor source="#mixamorig_LeftHand-Interpolations-array" count="42">
            <param type="name"/>
          </accessor>
        </technique_common>
      </source>
      <sampler id="mixamorig_LeftHand-Matrix-animation-transform">
        <input semantic="INPUT" source="#mixamorig_LeftHand-Matrix-animation-input"/>
        <input semantic="OUTPUT" source="#mixamorig_LeftHand-Matrix-animation-output-transform"/>
        <input semantic="INTERPOLATION" source="#mixamorig_LeftHand-Interpolations"/>
      </sampler>
      <channel source="#mixamorig_LeftHand-Matrix-animation-transform" target="mixamorig_LeftHand/matrix"/>
    </animation>
    <animation id="mixamorig_LeftHandThumb1-anim" name="mixamorig_LeftHandThumb1">
      <source id="mixamorig_LeftHandThumb1-Matrix-animation-input">
        <float_array id="mixamorig_LeftHandThumb1-Matrix-animation-input-array" count="42">

0.000000 0.033333 0.066667 0.100000 0.133333 0.166667 0.200000 0.233333 0.266667 0.300000 0.333333 0.366667 0.400000 0.433333 0.466667 0.500000
0.533333 0.566667 0.600000 0.633333 0.666667 0.700000 0.733333 0.766667 0.800000 0.833333 0.866667 0.900000 0.933333 0.966667 1.000000 1.033333
1.066667 1.100000 1.133333 1.166667 1.200000 1.233333 1.266667 1.300000 1.333333 1.366667</float_array>
        <technique_common>
          <accessor source="#mixamorig_LeftHandThumb1-Matrix-animation-input-array" count="42">
            <param name="TIME" type="float"/>
          </accessor>
        </technique_common>
      </source>
      <source id="mixamorig_LeftHandThumb1-Matrix-animation-output-transform">
        <float_array id="mixamorig_LeftHandThumb1-Matrix-animation-output-transform-array" count="672">

0.918929 -0.260346 0.296293 -4.692600 0.352851 0.878314 -0.322585 3.810700 -0.176254 0.400980 0.898972 2.639400 0.000000 0.000000 0.000000 1.000000
0.918929 -0.260345 0.296292 -4.692600 0.352850 0.878314 -0.322585 3.810700 -0.176254 0.400980 0.898971 2.639400 0.000000 0.000000 0.000000 1.000000
0.918929 -0.260345 0.296293 -4.692600 0.352850 0.878314 -0.322585 3.810700 -0.176254 0.400980 0.898971 2.639400 0.000000 0.000000 0.000000 1.000000
0.918929 -0.260345 0.296293 -4.692600 0.352850 0.878314 -0.322585 3.810700 -0.176255 0.400979 0.898972 2.639400 0.000000 0.000000 0.000000 1.000000
0.918929 -0.260346 0.296293 -4.692600 0.352851 0.878314 -0.322585 3.810700 -0.176255 0.400979 0.898972 2.639400 0.000000 0.000000 0.000000 1.000000
0.918929 -0.260345 0.296292 -4.692600 0.352850 0.878314 -0.322585 3.810700 -0.176254 0.400980 0.898972 2.639400 0.000000 0.000000 0.000000 1.000000
0.918929 -0.260346 0.296293 -4.692600 0.352851 0.878314 -0.322585 3.810700 -0.176255 0.400979 0.898972 2.639400 0.000000 0.000000 0.000000 1.000000
0.918929 -0.260345 0.296292 -4.692600 0.352850 0.878314 -0.322585 3.810700 -0.176255 0.400979 0.898972 2.639400 0.000000 0.000000 0.000000 1.000000
0.918929 -0.260346 0.296293 -4.692600 0.352851 0.878314 -0.322585 3.810700 -0.176254 0.400980 0.898972 2.639400 0.000000 0.000000 0.000000 1.000000
0.918929 -0.260345 0.296292 -4.692600 0.352850 0.878314 -0.322585 3.810700 -0.176254 0.400980 0.898971 2.639400 0.000000 0.000000 0.000000 1.000000
0.918929 -0.260345 0.296292 -4.692600 0.352850 0.878314 -0.322585 3.810700 -0.176255 0.400979 0.898972 2.639400 0.000000 0.000000 0.000000 1.000000
0.918929 -0.260346 0.296293 -4.692600 0.352851 0.878314 -0.322585 3.810700 -0.176254 0.400980 0.898971 2.639400 0.000000 0.000000 0.000000 1.000000
0.918929 -0.260345 0.296292 -4.692600 0.352850 0.878314 -0.322585 3.810700 -0.176254 0.400979 0.898972 2.639400 0.000000 0.000000 0.000000 1.000000
0.918929 -0.260345 0.296292 -4.692600 0.352850 0.878314 -0.322585 3.810700 -0.176254 0.400980 0.898972 2.639400 0.000000 0.000000 0.000000 1.000000
0.918929 -0.260345 0.296293 -4.692600 0.352850 0.878314 -0.322585 3.810700 -0.176255 0.400979 0.898972 2.639400 0.000000 0.000000 0.000000 1.000000
0.918929 -0.260345 0.296292 -4.692600 0.352850 0.878314 -0.322585 3.810700 -0.176254 0.400979 0.898972 2.639400 0.000000 0.000000 0.000000 1.000000
0.918929 -0.260345 0.296293 -4.692600 0.352850 0.878314 -0.322585 3.810700 -0.176255 0.400979 0.898972 2.639400 0.000000 0.000000 0.000000 1.000000
0.918929 -0.260345 0.296292 -4.692600 0.352850 0.878314 -0.322585 3.810700 -0.176254 0.400980 0.898972 2.639400 0.000000 0.000000 0.000000 1.000000
0.918929 -0.260345 0.296292 -4.692600 0.352850 0.878314 -0.322584 3.810700 -0.176254 0.400979 0.898972 2.639400 0.000000 0.000000 0.000000 1.000000
0.918929 -0.260345 0.296292 -4.692600 0.352850 0.878314 -0.322585 3.810700 -0.176254 0.400980 0.898972 2.639400 0.000000 0.000000 0.000000 1.000000
0.918929 -0.260345 0.296292 -4.692600 0.352850 0.878314 -0.322585 3.810700 -0.176254 0.400980 0.898971 2.639400 0.000000 0.000000 0.000000 1.000000
0.918929 -0.260346 0.296293 -4.692600 0.352851 0.878314 -0.322585 3.810700 -0.176255 0.400980 0.898971 2.639400 0.000000 0.000000 0.000000 1.000000
0.918929 -0.260345 0.296293 -4.692600 0.352850 0.878314 -0.322585 3.810700 -0.176255 0.400980 0.898971 2.639400 0.000000 0.000000 0.000000 1.000000
0.918929 -0.260345 0.296292 -4.692600 0.352850 0.878314 -0.322585 3.810700 -0.176254 0.400979 0.898972 2.639400 0.000000 0.000000 0.000000 1.000000
0.918929 -0.260345 0.296292 -4.692600 0.352850 0.878314 -0.322585 3.810700 -0.176254 0.400980 0.898971 2.639400 0.000000 0.000000 0.000000 1.000000
0.918929 -0.260345 0.296292 -4.692600 0.352850 0.878314 -0.322584 3.810700 -0.176255 0.400979 0.898972 2.639400 0.000000 0.000000 0.000000 1.000000
0.918929 -0.260345 0.296292 -4.692600 0.352850 0.878314 -0.322585 3.810700 -0.176254 0.400980 0.898972 2.639400 0.000000 0.000000 0.000000 1.000000
0.918929 -0.260345 0.296292 -4.692600 0.352850 0.878314 -0.322585 3.810700 -0.176254 0.400980 0.898971 2.639400 0.000000 0.000000 0.000000 1.000000
0.918929 -0.260345 0.296293 -4.692600 0.352850 0.878314 -0.322585 3.810700 -0.176255 0.400980 0.898971 2.639400 0.000000 0.000000 0.000000 1.000000
0.918929 -0.260345 0.296292 -4.692600 0.352850 0.878314 -0.322585 3.810700 -0.176254 0.400980 0.898971 2.639400 0.000000 0.000000 0.000000 1.000000
0.918929 -0.260345 0.296293 -4.692600 0.352850 0.878314 -0.322585 3.810700 -0.176255 0.400980 0.898971 2.639400 0.000000 0.000000 0.000000 1.000000
0.918929 -0.260345 0.296292 -4.692600 0.352850 0.878314 -0.322585 3.810700 -0.176254 0.400979 0.898972 2.639400 0.000000 0.000000 0.000000 1.000000
0.918929 -0.260345 0.296292 -4.692600 0.352850 0.878314 -0.322585 3.810700 -0.176254 0.400980 0.898971 2.639400 0.000000 0.000000 0.000000 1.000000
0.918929 -0.260345 0.296293 -4.692600 0.352850 0.878314 -0.322584 3.810700 -0.176255 0.400979 0.898972 2.639400 0.000000 0.000000 0.000000 1.000000
0.918929 -0.260345 0.296293 -4.692600 0.352850 0.878314 -0.322585 3.810700 -0.176255 0.400979 0.898972 2.639400 0.000000 0.000000 0.000000 1.000000
0.918929 -0.260345 0.296293 -4.692600 0.352850 0.878314 -0.322585 3.810700 -0.176255 0.400979 0.898972 2.639400 0.000000 0.000000 0.000000 1.000000
0.918929 -0.260345 0.296293 -4.692600 0.352850 0.878314 -0.322585 3.810700 -0.176254 0.400980 0.898971 2.639400 0.000000 0.000000 0.000000 1.000000
0.918929 -0.260345 0.296293 -4.692600 0.352850 0.878314 -0.322585 3.810700 -0.176255 0.400980 0.898972 2.639400 0.000000 0.000000 0.000000 1.000000
0.918929 -0.260345 0.296292 -4.692600 0.352850 0.878314 -0.322585 3.810700 -0.176254 0.400980 0.898971 2.639400 0.000000 0.000000 0.000000 1.000000
0.918929 -0.260345 0.296293 -4.692600 0.352850 0.878314 -0.322585 3.810700 -0.176255 0.400979 0.898972 2.639400 0.000000 0.000000 0.000000 1.000000
0.918929 -0.260345 0.296293 -4.692600 0.352850 0.878314 -0.322585 3.810700 -0.176255 0.400979 0.898972 2.639400 0.000000 0.000000 0.000000 1.000000
0.918929 -0.260345 0.296292 -4.692600 0.352850 0.878314 -0.322585 3.810700 -0.176254 0.400980 0.898972 2.639400 0.000000 0.000000 0.000000 1.000000</float_array>
        <technique_common>
          <accessor source="#mixamorig_LeftHandThumb1-Matrix-animation-output-transform-array" count="42" stride="16">
            <param type="float4x4"/>
          </accessor>
        </technique_common>
      </source>
      <source id="mixamorig_LeftHandThumb1-Interpolations">
        <Name_array id="mixamorig_LeftHandThumb1-Interpolations-array" count="42">
 LINEAR LINEAR LINEAR LINEAR LINEAR LINEAR LINEAR LINEAR LINEAR LINEAR LINEAR
LINEAR LINEAR LINEAR LINEAR LINEAR LINEAR LINEAR LINEAR LINEAR LINEAR LINEAR LINEAR
LINEAR LINEAR LINEAR LINEAR LINEAR LINEAR LINEAR LINEAR LINEAR LINEAR LINEAR LINEAR
LINEAR LINEAR LINEAR LINEAR LINEAR LINEAR LINEAR</Name_array>
        <technique_common>
          <accessor source="#mixamorig_LeftHandThumb1-Interpolations-array" count="42">
            <param type="name"/>
          </accessor>
        </technique_common>
      </source>
      <sampler id="mixamorig_LeftHandThumb1-Matrix-animation-transform">
        <input semantic="INPUT" source="#mixamorig_LeftHandThumb1-Matrix-animation-input"/>
        <input semantic="OUTPUT" source="#mixamorig_LeftHandThumb1-Matrix-animation-output-transform"/>
        <input semantic="INTERPOLATION" source="#mixamorig_LeftHandThumb1-Interpolations"/>
      </sampler>
      <channel source="#mixamorig_LeftHandThumb1-Matrix-animation-transform" target="mixamorig_LeftHandThumb1/matrix"/>
    </animation>
    <animation id="mixamorig_LeftHandThumb2-anim" name="mixamorig_LeftHandThumb2">
      <source id="mixamorig_LeftHandThumb2-Matrix-animation-input">
        <float_array id="mixamorig_LeftHandThumb2-Matrix-animation-input-array" count="42">

0.000000 0.033333 0.066667 0.100000 0.133333 0.166667 0.200000 0.233333 0.266667 0.300000 0.333333 0.366667 0.400000 0.433333 0.466667 0.500000
0.533333 0.566667 0.600000 0.633333 0.666667 0.700000 0.733333 0.766667 0.800000 0.833333 0.866667 0.900000 0.933333 0.966667 1.000000 1.033333
1.066667 1.100000 1.133333 1.166667 1.200000 1.233333 1.266667 1.300000 1.333333 1.366667</float_array>
        <technique_common>
          <accessor source="#mixamorig_LeftHandThumb2-Matrix-animation-input-array" count="42">
            <param name="TIME" type="float"/>
          </accessor>
        </technique_common>
      </source>
      <source id="mixamorig_LeftHandThumb2-Matrix-animation-output-transform">
        <float_array id="mixamorig_LeftHandThumb2-Matrix-animation-output-transform-array" count="672">

0.899082 0.279910 -0.336604 -0.935200 -0.354857 0.916250 -0.185911 5.193300 0.256375 0.286596 0.923111 0.000000 0.000000 0.000000 0.000000 1.000000
0.899082 0.279909 -0.336604 -0.935200 -0.354856 0.916250 -0.185911 5.193300 0.256375 0.286596 0.923111 0.000000 0.000000 0.000000 0.000000 1.000000
0.899082 0.279909 -0.336604 -0.935200 -0.354856 0.916250 -0.185912 5.193300 0.256375 0.286596 0.923111 0.000000 0.000000 0.000000 0.000000 1.000000
0.899082 0.279909 -0.336604 -0.935200 -0.354856 0.916250 -0.185911 5.193300 0.256375 0.286596 0.923111 0.000000 0.000000 0.000000 0.000000 1.000000
0.899082 0.279909 -0.336604 -0.935200 -0.354856 0.916250 -0.185911 5.193300 0.256375 0.286596 0.923111 0.000000 0.000000 0.000000 0.000000 1.000000
0.899082 0.279909 -0.336604 -0.935200 -0.354857 0.916250 -0.185911 5.193300 0.256375 0.286596 0.923111 0.000000 0.000000 0.000000 0.000000 1.000000
0.899082 0.279909 -0.336604 -0.935200 -0.354856 0.916250 -0.185912 5.193300 0.256375 0.286596 0.923111 0.000000 0.000000 0.000000 0.000000 1.000000
0.899082 0.279908 -0.336604 -0.935200 -0.354856 0.916250 -0.185912 5.193300 0.256375 0.286596 0.923111 0.000000 0.000000 0.000000 0.000000 1.000000
0.899082 0.279909 -0.336605 -0.935200 -0.354857 0.916250 -0.185912 5.193300 0.256376 0.286596 0.923111 0.000000 0.000000 0.000000 0.000000 1.000000
0.899082 0.279909 -0.336604 -0.935200 -0.354856 0.916250 -0.185911 5.193300 0.256375 0.286596 0.923111 -0.000000 0.000000 0.000000 0.000000 1.000000
0.899082 0.279909 -0.336604 -0.935200 -0.354856 0.916250 -0.185911 5.193300 0.256375 0.286596 0.923111 0.000000 0.000000 0.000000 0.000000 1.000000
0.899082 0.279909 -0.336604 -0.935200 -0.354857 0.916250 -0.185911 5.193300 0.256375 0.286596 0.923111 -0.000000 0.000000 0.000000 0.000000 1.000000
0.899082 0.279909 -0.336604 -0.935200 -0.354856 0.916250 -0.185911 5.193300 0.256376 0.286596 0.923111 -0.000000 0.000000 0.000000 0.000000 1.000000
0.899082 0.279908 -0.336604 -0.935200 -0.354856 0.916250 -0.185912 5.193300 0.256376 0.286596 0.923111 0.000000 0.000000 0.000000 0.000000 1.000000
0.899082 0.279909 -0.336604 -0.935200 -0.354856 0.916250 -0.185912 5.193300 0.256375 0.286596 0.923111 0.000000 0.000000 0.000000 0.000000 1.000000
0.899082 0.279909 -0.336604 -0.935200 -0.354856 0.916250 -0.185911 5.193300 0.256375 0.286595 0.923111 0.000000 0.000000 0.000000 0.000000 1.000000
0.899082 0.279909 -0.336604 -0.935200 -0.354856 0.916250 -0.185912 5.193300 0.256375 0.286596 0.923111 0.000000 0.000000 0.000000 0.000000 1.000000
0.899082 0.279909 -0.336604 -0.935200 -0.354856 0.916250 -0.185912 5.193300 0.256375 0.286596 0.923111 0.000000 0.000000 0.000000 0.000000 1.000000
0.899082 0.279909 -0.336604 -0.935200 -0.354856 0.916250 -0.185911 5.193300 0.256375 0.286596 0.923111 0.000000 0.000000 0.000000 0.000000 1.000000
0.899082 0.279909 -0.336605 -0.935200 -0.354856 0.916250 -0.185912 5.193300 0.256376 0.286596 0.923111 0.000000 0.000000 0.000000 0.000000 1.000000
0.899082 0.279909 -0.336604 -0.935200 -0.354856 0.916250 -0.185911 5.193300 0.256375 0.286596 0.923111 0.000000 0.000000 0.000000 0.000000 1.000000
0.899082 0.279909 -0.336604 -0.935200 -0.354857 0.916250 -0.185912 5.193300 0.256375 0.286596 0.923111 -0.000000 0.000000 0.000000 0.000000 1.000000
0.899082 0.279909 -0.336604 -0.935200 -0.354856 0.916250 -0.185911 5.193300 0.256375 0.286595 0.923112 -0.000000 0.000000 0.000000 0.000000 1.000000
0.899082 0.279909 -0.336604 -0.935200 -0.354856 0.916250 -0.185911 5.193300 0.256375 0.286596 0.923111 0.000000 0.000000 0.000000 0.000000 1.000000
0.899082 0.279909 -0.336604 -0.935200 -0.354856 0.916250 -0.185911 5.193300 0.256375 0.286596 0.923111 0.000000 0.000000 0.000000 0.000000 1.000000
0.899082 0.279909 -0.336604 -0.935200 -0.354857 0.916250 -0.185911 5.193300 0.256376 0.286596 0.923111 -0.000000 0.000000 0.000000 0.000000 1.000000
0.899082 0.279909 -0.336604 -0.935200 -0.354856 0.916250 -0.185912 5.193300 0.256375 0.286596 0.923111 0.000000 0.000000 0.000000 0.000000 1.000000
0.899082 0.279909 -0.336604 -0.935200 -0.354856 0.916250 -0.185911 5.193300 0.256376 0.286596 0.923111 0.000000 0.000000 0.000000 0.000000 1.000000
0.899082 0.279909 -0.336604 -0.935200 -0.354857 0.916250 -0.185912 5.193300 0.256375 0.286596 0.923111 0.000000 0.000000 0.000000 0.000000 1.000000
0.899082 0.279909 -0.336604 -0.935200 -0.354857 0.916250 -0.185911 5.193300 0.256375 0.286596 0.923111 0.000000 0.000000 0.000000 0.000000 1.000000
0.899082 0.279908 -0.336604 -0.935200 -0.354856 0.916250 -0.185912 5.193300 0.256376 0.286596 0.923111 -0.000000 0.000000 0.000000 0.000000 1.000000
0.899082 0.279909 -0.336604 -0.935200 -0.354857 0.916250 -0.185911 5.193300 0.256375 0.286596 0.923111 0.000000 0.000000 0.000000 0.000000 1.000000
0.899082 0.279909 -0.336604 -0.935200 -0.354856 0.916250 -0.185911 5.193300 0.256375 0.286596 0.923111 0.000000 0.000000 0.000000 0.000000 1.000000
0.899082 0.279908 -0.336604 -0.935200 -0.354856 0.916250 -0.185912 5.193300 0.256375 0.286596 0.923111 0.000000 0.000000 0.000000 0.000000 1.000000
0.899082 0.279909 -0.336604 -0.935200 -0.354857 0.916250 -0.185912 5.193300 0.256375 0.286596 0.923111 0.000000 0.000000 0.000000 0.000000 1.000000
0.899082 0.279909 -0.336605 -0.935200 -0.354857 0.916250 -0.185911 5.193300 0.256376 0.286596 0.923111 0.000000 0.000000 0.000000 0.000000 1.000000
0.899082 0.279909 -0.336604 -0.935200 -0.354856 0.916250 -0.185911 5.193300 0.256375 0.286596 0.923111 0.000000 0.000000 0.000000 0.000000 1.000000
0.899082 0.279909 -0.336604 -0.935200 -0.354857 0.916250 -0.185911 5.193300 0.256376 0.286596 0.923111 0.000000 0.000000 0.000000 0.000000 1.000000
0.899082 0.279909 -0.336604 -0.935200 -0.354856 0.916250 -0.185911 5.193300 0.256375 0.286596 0.923111 0.000000 0.000000 0.000000 0.000000 1.000000
0.899082 0.279909 -0.336604 -0.935200 -0.354857 0.916250 -0.185911 5.193300 0.256375 0.286596 0.923111 0.000000 0.000000 0.000000 0.000000 1.000000
0.899082 0.279909 -0.336604 -0.935200 -0.354857 0.916250 -0.185911 5.193300 0.256375 0.286596 0.923111 0.000000 0.000000 0.000000 0.000000 1.000000
0.899082 0.279909 -0.336604 -0.935200 -0.354856 0.916250 -0.185912 5.193300 0.256375 0.286596 0.923111 -0.000000 0.000000 0.000000 0.000000 1.000000</float_array>
        <technique_common>
          <accessor source="#mixamorig_LeftHandThumb2-Matrix-animation-output-transform-array" count="42" stride="16">
            <param type="float4x4"/>
          </accessor>
        </technique_common>
      </source>
      <source id="mixamorig_LeftHandThumb2-Interpolations">
        <Name_array id="mixamorig_LeftHandThumb2-Interpolations-array" count="42">
 LINEAR LINEAR LINEAR LINEAR LINEAR LINEAR LINEAR LINEAR LINEAR LINEAR LINEAR
LINEAR LINEAR LINEAR LINEAR LINEAR LINEAR LINEAR LINEAR LINEAR LINEAR LINEAR LINEAR
LINEAR LINEAR LINEAR LINEAR LINEAR LINEAR LINEAR LINEAR LINEAR LINEAR LINEAR LINEAR
LINEAR LINEAR LINEAR LINEAR LINEAR LINEAR LINEAR</Name_array>
        <technique_common>
          <accessor source="#mixamorig_LeftHandThumb2-Interpolations-array" count="42">
            <param type="name"/>
          </accessor>
        </technique_common>
      </source>
      <sampler id="mixamorig_LeftHandThumb2-Matrix-animation-transform">
        <input semantic="INPUT" source="#mixamorig_LeftHandThumb2-Matrix-animation-input"/>
        <input semantic="OUTPUT" source="#mixamorig_LeftHandThumb2-Matrix-animation-output-transform"/>
        <input semantic="INTERPOLATION" source="#mixamorig_LeftHandThumb2-Interpolations"/>
      </sampler>
      <channel source="#mixamorig_LeftHandThumb2-Matrix-animation-transform" target="mixamorig_LeftHandThumb2/matrix"/>
    </animation>
    <animation id="mixamorig_LeftHandThumb3-anim" name="mixamorig_LeftHandThumb3">
      <source id="mixamorig_LeftHandThumb3-Matrix-animation-input">
        <float_array id="mixamorig_LeftHandThumb3-Matrix-animation-input-array" count="42">

0.000000 0.033333 0.066667 0.100000 0.133333 0.166667 0.200000 0.233333 0.266667 0.300000 0.333333 0.366667 0.400000 0.433333 0.466667 0.500000
0.533333 0.566667 0.600000 0.633333 0.666667 0.700000 0.733333 0.766667 0.800000 0.833333 0.866667 0.900000 0.933333 0.966667 1.000000 1.033333
1.066667 1.100000 1.133333 1.166667 1.200000 1.233333 1.266667 1.300000 1.333333 1.366667</float_array>
        <technique_common>
          <accessor source="#mixamorig_LeftHandThumb3-Matrix-animation-input-array" count="42">
            <param name="TIME" type="float"/>
          </accessor>
        </technique_common>
      </source>
      <source id="mixamorig_LeftHandThumb3-Matrix-animation-output-transform">
        <float_array id="mixamorig_LeftHandThumb3-Matrix-animation-output-transform-array" count="672">

0.438058 0.890567 -0.122454 0.292500 -0.881924 0.452141 0.133335 5.213800 0.174110 0.049586 0.983477 0.000000 0.000000 0.000000 0.000000 1.000000
0.438059 0.890567 -0.122454 0.292500 -0.881924 0.452141 0.133335 5.213800 0.174110 0.049586 0.983477 0.000000 0.000000 0.000000 0.000000 1.000000
0.438059 0.890567 -0.122453 0.292500 -0.881924 0.452141 0.133335 5.213800 0.174110 0.049586 0.983477 0.000000 0.000000 0.000000 0.000000 1.000000
0.438059 0.890567 -0.122454 0.292500 -0.881924 0.452141 0.133335 5.213800 0.174110 0.049586 0.983477 0.000000 0.000000 0.000000 0.000000 1.000000
0.438059 0.890567 -0.122454 0.292500 -0.881924 0.452141 0.133335 5.213800 0.174110 0.049586 0.983477 0.000000 0.000000 0.000000 0.000000 1.000000
0.438059 0.890567 -0.122454 0.292500 -0.881924 0.452141 0.133335 5.213800 0.174110 0.049586 0.983477 0.000000 0.000000 0.000000 0.000000 1.000000
0.438059 0.890567 -0.122454 0.292500 -0.881924 0.452141 0.133336 5.213800 0.174111 0.049586 0.983477 0.000000 0.000000 0.000000 0.000000 1.000000
0.438059 0.890567 -0.122454 0.292500 -0.881924 0.452141 0.133335 5.213800 0.174110 0.049586 0.983477 0.000000 0.000000 0.000000 0.000000 1.000000
0.438059 0.890567 -0.122454 0.292500 -0.881924 0.452141 0.133335 5.213800 0.174110 0.049586 0.983477 0.000000 0.000000 0.000000 0.000000 1.000000
0.438059 0.890567 -0.122453 0.292500 -0.881924 0.452142 0.133335 5.213800 0.174110 0.049586 0.983477 -0.000000 0.000000 0.000000 0.000000 1.000000
0.438059 0.890567 -0.122454 0.292500 -0.881924 0.452141 0.133335 5.213800 0.174110 0.049586 0.983477 0.000000 0.000000 0.000000 0.000000 1.000000
0.438059 0.890567 -0.122453 0.292500 -0.881924 0.452141 0.133335 5.213800 0.174110 0.049586 0.983477 0.000000 0.000000 0.000000 0.000000 1.000000
0.438058 0.890567 -0.122454 0.292500 -0.881924 0.452141 0.133335 5.213800 0.174110 0.049586 0.983477 -0.000000 0.000000 0.000000 0.000000 1.000000
0.438059 0.890567 -0.122454 0.292500 -0.881924 0.452141 0.133335 5.213800 0.174110 0.049586 0.983477 0.000000 0.000000 0.000000 0.000000 1.000000
0.438059 0.890567 -0.122453 0.292500 -0.881924 0.452141 0.133335 5.213800 0.174110 0.049586 0.983477 0.000000 0.000000 0.000000 0.000000 1.000000
0.438058 0.890567 -0.122454 0.292500 -0.881924 0.452141 0.133335 5.213800 0.174110 0.049586 0.983477 0.000000 0.000000 0.000000 0.000000 1.000000
0.438059 0.890567 -0.122454 0.292500 -0.881924 0.452141 0.133335 5.213800 0.174111 0.049586 0.983477 0.000000 0.000000 0.000000 0.000000 1.000000
0.438059 0.890567 -0.122454 0.292500 -0.881924 0.452141 0.133335 5.213800 0.174110 0.049586 0.983477 0.000000 0.000000 0.000000 0.000000 1.000000
0.438058 0.890567 -0.122454 0.292500 -0.881924 0.452141 0.133335 5.213800 0.174110 0.049586 0.983477 0.000000 0.000000 0.000000 0.000000 1.000000
0.438059 0.890567 -0.122453 0.292500 -0.881924 0.452141 0.133335 5.213800 0.174110 0.049586 0.983477 0.000000 0.000000 0.000000 0.000000 1.000000
0.438059 0.890567 -0.122454 0.292500 -0.881924 0.452141 0.133335 5.213800 0.174110 0.049586 0.983477 -0.000000 0.000000 0.000000 0.000000 1.000000
0.438059 0.890567 -0.122454 0.292500 -0.881924 0.452141 0.133335 5.213800 0.174110 0.049586 0.983477 0.000000 0.000000 0.000000 0.000000 1.000000
0.438058 0.890567 -0.122454 0.292500 -0.881924 0.452141 0.133335 5.213800 0.174110 0.049586 0.983477 0.000000 0.000000 0.000000 0.000000 1.000000
0.438059 0.890567 -0.122453 0.292500 -0.881924 0.452141 0.133335 5.213800 0.174110 0.049586 0.983477 0.000000 0.000000 0.000000 0.000000 1.000000
0.438059 0.890567 -0.122453 0.292500 -0.881924 0.452141 0.133335 5.213800 0.174110 0.049586 0.983477 0.000000 0.000000 0.000000 0.000000 1.000000
0.438059 0.890567 -0.122454 0.292500 -0.881924 0.452141 0.133335 5.213800 0.174110 0.049586 0.983477 0.000000 0.000000 0.000000 0.000000 1.000000
0.438059 0.890567 -0.122453 0.292500 -0.881924 0.452141 0.133335 5.213800 0.174110 0.049586 0.983477 0.000000 0.000000 0.000000 0.000000 1.000000
0.438059 0.890567 -0.122453 0.292500 -0.881924 0.452141 0.133335 5.213800 0.174110 0.049586 0.983477 0.000000 0.000000 0.000000 0.000000 1.000000
0.438059 0.890567 -0.122454 0.292500 -0.881924 0.452141 0.133335 5.213800 0.174110 0.049586 0.983477 0.000000 0.000000 0.000000 0.000000 1.000000
0.438059 0.890567 -0.122454 0.292500 -0.881924 0.452141 0.133335 5.213800 0.174111 0.049586 0.983477 0.000000 0.000000 0.000000 0.000000 1.000000
0.438059 0.890567 -0.122454 0.292500 -0.881924 0.452141 0.133335 5.213800 0.174110 0.049586 0.983477 -0.000000 0.000000 0.000000 0.000000 1.000000
0.438059 0.890567 -0.122454 0.292500 -0.881924 0.452141 0.133335 5.213800 0.174110 0.049586 0.983477 0.000000 0.000000 0.000000 0.000000 1.000000
0.438059 0.890567 -0.122454 0.292500 -0.881924 0.452141 0.133335 5.213800 0.174110 0.049586 0.983477 0.000000 0.000000 0.000000 0.000000 1.000000
0.438059 0.890567 -0.122454 0.292500 -0.881924 0.452141 0.133335 5.213800 0.174110 0.049586 0.983477 0.000000 0.000000 0.000000 0.000000 1.000000
0.438059 0.890567 -0.122454 0.292500 -0.881924 0.452141 0.133335 5.213800 0.174111 0.049586 0.983477 -0.000000 0.000000 0.000000 0.000000 1.000000
0.438058 0.890567 -0.122454 0.292500 -0.881924 0.452141 0.133335 5.213800 0.174110 0.049587 0.983477 0.000000 0.000000 0.000000 0.000000 1.000000
0.438059 0.890567 -0.122454 0.292500 -0.881924 0.452141 0.133335 5.213800 0.174110 0.049586 0.983477 0.000000 0.000000 0.000000 0.000000 1.000000
0.438059 0.890567 -0.122453 0.292500 -0.881924 0.452141 0.133335 5.213800 0.174110 0.049586 0.983477 -0.000000 0.000000 0.000000 0.000000 1.000000
0.438059 0.890567 -0.122454 0.292500 -0.881924 0.452141 0.133335 5.213800 0.174110 0.049586 0.983477 0.000000 0.000000 0.000000 0.000000 1.000000
0.438059 0.890567 -0.122454 0.292500 -0.881924 0.452141 0.133335 5.213800 0.174110 0.049586 0.983477 0.000000 0.000000 0.000000 0.000000 1.000000
0.438059 0.890567 -0.122454 0.292500 -0.881924 0.452141 0.133335 5.213800 0.174110 0.049586 0.983477 0.000000 0.000000 0.000000 0.000000 1.000000
0.438058 0.890567 -0.122454 0.292500 -0.881924 0.452140 0.133335 5.213800 0.174110 0.049586 0.983477 0.000000 0.000000 0.000000 0.000000 1.000000</float_array>
        <technique_common>
          <accessor source="#mixamorig_LeftHandThumb3-Matrix-animation-output-transform-array" count="42" stride="16">
            <param type="float4x4"/>
          </accessor>
        </technique_common>
      </source>
      <source id="mixamorig_LeftHandThumb3-Interpolations">
        <Name_array id="mixamorig_LeftHandThumb3-Interpolations-array" count="42">
 LINEAR LINEAR LINEAR LINEAR LINEAR LINEAR LINEAR LINEAR LINEAR LINEAR LINEAR
LINEAR LINEAR LINEAR LINEAR LINEAR LINEAR LINEAR LINEAR LINEAR LINEAR LINEAR LINEAR
LINEAR LINEAR LINEAR LINEAR LINEAR LINEAR LINEAR LINEAR LINEAR LINEAR LINEAR LINEAR
LINEAR LINEAR LINEAR LINEAR LINEAR LINEAR LINEAR</Name_array>
        <technique_common>
          <accessor source="#mixamorig_LeftHandThumb3-Interpolations-array" count="42">
            <param type="name"/>
          </accessor>
        </technique_common>
      </source>
      <sampler id="mixamorig_LeftHandThumb3-Matrix-animation-transform">
        <input semantic="INPUT" source="#mixamorig_LeftHandThumb3-Matrix-animation-input"/>
        <input semantic="OUTPUT" source="#mixamorig_LeftHandThumb3-Matrix-animation-output-transform"/>
        <input semantic="INTERPOLATION" source="#mixamorig_LeftHandThumb3-Interpolations"/>
      </sampler>
      <channel source="#mixamorig_LeftHandThumb3-Matrix-animation-transform" target="mixamorig_LeftHandThumb3/matrix"/>
    </animation>
    <animation id="mixamorig_LeftHandIndex1-anim" name="mixamorig_LeftHandIndex1">
      <source id="mixamorig_LeftHandIndex1-Matrix-animation-input">
        <float_array id="mixamorig_LeftHandIndex1-Matrix-animation-input-array" count="42">

0.000000 0.033333 0.066667 0.100000 0.133333 0.166667 0.200000 0.233333 0.266667 0.300000 0.333333 0.366667 0.400000 0.433333 0.466667 0.500000
0.533333 0.566667 0.600000 0.633333 0.666667 0.700000 0.733333 0.766667 0.800000 0.833333 0.866667 0.900000 0.933333 0.966667 1.000000 1.033333
1.066667 1.100000 1.133333 1.166667 1.200000 1.233333 1.266667 1.300000 1.333333 1.366667</float_array>
        <technique_common>
          <accessor source="#mixamorig_LeftHandIndex1-Matrix-animation-input-array" count="42">
            <param name="TIME" type="float"/>
          </accessor>
        </technique_common>
      </source>
      <source id="mixamorig_LeftHandIndex1-Matrix-animation-output-transform">
        <float_array id="mixamorig_LeftHandIndex1-Matrix-animation-output-transform-array" count="672">

0.991866 0.121282 0.038639 -5.727300 0.025553 0.107657 -0.993860 12.386500 -0.124697 0.986763 0.103682 0.169100 0.000000 0.000000 0.000000 1.000000
0.991866 0.121282 0.038639 -5.727300 0.025553 0.107657 -0.993860 12.386500 -0.124697 0.986763 0.103682 0.169100 0.000000 0.000000 0.000000 1.000000
0.991866 0.121282 0.038639 -5.727300 0.025552 0.107657 -0.993860 12.386500 -0.124697 0.986763 0.103682 0.169100 0.000000 0.000000 0.000000 1.000000
0.991866 0.121282 0.038639 -5.727300 0.025553 0.107657 -0.993860 12.386500 -0.124697 0.986763 0.103683 0.169100 0.000000 0.000000 0.000000 1.000000
0.991866 0.121282 0.038639 -5.727300 0.025553 0.107657 -0.993860 12.386500 -0.124697 0.986763 0.103682 0.169100 0.000000 0.000000 0.000000 1.000000
0.991866 0.121282 0.038639 -5.727300 0.025553 0.107657 -0.993860 12.386500 -0.124697 0.986763 0.103682 0.169100 0.000000 0.000000 0.000000 1.000000
0.991866 0.121282 0.038639 -5.727300 0.025553 0.107657 -0.993860 12.386500 -0.124697 0.986763 0.103683 0.169100 0.000000 0.000000 0.000000 1.000000
0.991866 0.121282 0.038639 -5.727300 0.025553 0.107657 -0.993860 12.386500 -0.124697 0.986763 0.103682 0.169100 0.000000 0.000000 0.000000 1.000000
0.991866 0.121282 0.038639 -5.727300 0.025553 0.107657 -0.993860 12.386500 -0.124697 0.986763 0.103682 0.169100 0.000000 0.000000 0.000000 1.000000
0.991866 0.121282 0.038639 -5.727300 0.025553 0.107657 -0.993860 12.386500 -0.124697 0.986763 0.103682 0.169100 0.000000 0.000000 0.000000 1.000000
0.991866 0.121282 0.038639 -5.727300 0.025552 0.107657 -0.993860 12.386500 -0.124697 0.986763 0.103682 0.169100 0.000000 0.000000 0.000000 1.000000
0.991866 0.121282 0.038639 -5.727300 0.025553 0.107657 -0.993860 12.386500 -0.124697 0.986763 0.103683 0.169100 0.000000 0.000000 0.000000 1.000000
0.991866 0.121282 0.038639 -5.727300 0.025553 0.107657 -0.993860 12.386500 -0.124697 0.986763 0.103682 0.169100 0.000000 0.000000 0.000000 1.000000
0.991866 0.121282 0.038639 -5.727300 0.025553 0.107657 -0.993860 12.386500 -0.124697 0.986763 0.103682 0.169100 0.000000 0.000000 0.000000 1.000000
0.991866 0.121282 0.038639 -5.727300 0.025553 0.107657 -0.993860 12.386500 -0.124697 0.986763 0.103682 0.169100 0.000000 0.000000 0.000000 1.000000
0.991866 0.121282 0.038639 -5.727300 0.025553 0.107657 -0.993860 12.386500 -0.124697 0.986763 0.103683 0.169100 0.000000 0.000000 0.000000 1.000000
0.991866 0.121282 0.038639 -5.727300 0.025553 0.107657 -0.993860 12.386500 -0.124697 0.986763 0.103683 0.169100 0.000000 0.000000 0.000000 1.000000
0.991866 0.121282 0.038639 -5.727300 0.025553 0.107657 -0.993860 12.386500 -0.124697 0.986763 0.103682 0.169100 0.000000 0.000000 0.000000 1.000000
0.991866 0.121282 0.038639 -5.727300 0.025553 0.107657 -0.993860 12.386500 -0.124697 0.986763 0.103683 0.169100 0.000000 0.000000 0.000000 1.000000
0.991866 0.121282 0.038639 -5.727300 0.025553 0.107657 -0.993860 12.386500 -0.124697 0.986763 0.103682 0.169100 0.000000 0.000000 0.000000 1.000000
0.991866 0.121282 0.038639 -5.727300 0.025552 0.107657 -0.993860 12.386500 -0.124697 0.986763 0.103682 0.169100 0.000000 0.000000 0.000000 1.000000
0.991866 0.121282 0.038639 -5.727300 0.025553 0.107657 -0.993860 12.386500 -0.124697 0.986763 0.103683 0.169100 0.000000 0.000000 0.000000 1.000000
0.991866 0.121282 0.038639 -5.727300 0.025553 0.107657 -0.993860 12.386500 -0.124697 0.986763 0.103682 0.169100 0.000000 0.000000 0.000000 1.000000
0.991866 0.121282 0.038639 -5.727300 0.025552 0.107657 -0.993860 12.386500 -0.124697 0.986763 0.103682 0.169100 0.000000 0.000000 0.000000 1.000000
0.991866 0.121282 0.038639 -5.727300 0.025553 0.107657 -0.993860 12.386500 -0.124697 0.986763 0.103682 0.169100 0.000000 0.000000 0.000000 1.000000
0.991866 0.121282 0.038639 -5.727300 0.025553 0.107657 -0.993860 12.386500 -0.124697 0.986763 0.103682 0.169100 0.000000 0.000000 0.000000 1.000000
0.991866 0.121282 0.038639 -5.727300 0.025553 0.107657 -0.993860 12.386500 -0.124697 0.986763 0.103683 0.169100 0.000000 0.000000 0.000000 1.000000
0.991866 0.121282 0.038639 -5.727300 0.025553 0.107657 -0.993860 12.386500 -0.124697 0.986763 0.103682 0.169100 0.000000 0.000000 0.000000 1.000000
0.991866 0.121282 0.038639 -5.727300 0.025553 0.107657 -0.993860 12.386500 -0.124697 0.986763 0.103682 0.169100 0.000000 0.000000 0.000000 1.000000
0.991866 0.121282 0.038639 -5.727300 0.025553 0.107657 -0.993860 12.386500 -0.124697 0.986763 0.103682 0.169100 0.000000 0.000000 0.000000 1.000000
0.991866 0.121282 0.038639 -5.727300 0.025553 0.107657 -0.993860 12.386500 -0.124697 0.986763 0.103682 0.169100 0.000000 0.000000 0.000000 1.000000
0.991866 0.121282 0.038639 -5.727300 0.025553 0.107657 -0.993860 12.386500 -0.124697 0.986763 0.103683 0.169100 0.000000 0.000000 0.000000 1.000000
0.991866 0.121282 0.038639 -5.727300 0.025553 0.107657 -0.993860 12.386500 -0.124697 0.986763 0.103682 0.169100 0.000000 0.000000 0.000000 1.000000
0.991866 0.121282 0.038639 -5.727300 0.025553 0.107657 -0.993860 12.386500 -0.124697 0.986763 0.103682 0.169100 0.000000 0.000000 0.000000 1.000000
0.991866 0.121282 0.038639 -5.727300 0.025553 0.107657 -0.993860 12.386500 -0.124697 0.986763 0.103682 0.169100 0.000000 0.000000 0.000000 1.000000
0.991866 0.121282 0.038639 -5.727300 0.025553 0.107657 -0.993860 12.386500 -0.124697 0.986763 0.103682 0.169100 0.000000 0.000000 0.000000 1.000000
0.991866 0.121282 0.038639 -5.727300 0.025553 0.107657 -0.993860 12.386500 -0.124697 0.986763 0.103682 0.169100 0.000000 0.000000 0.000000 1.000000
0.991866 0.121282 0.038639 -5.727300 0.025553 0.107657 -0.993860 12.386500 -0.124697 0.986763 0.103682 0.169100 0.000000 0.000000 0.000000 1.000000
0.991866 0.121282 0.038639 -5.727300 0.025553 0.107657 -0.993860 12.386500 -0.124697 0.986763 0.103682 0.169100 0.000000 0.000000 0.000000 1.000000
0.991866 0.121282 0.038639 -5.727300 0.025552 0.107657 -0.993860 12.386500 -0.124697 0.986763 0.103683 0.169100 0.000000 0.000000 0.000000 1.000000
0.991866 0.121282 0.038639 -5.727300 0.025553 0.107657 -0.993860 12.386500 -0.124697 0.986763 0.103683 0.169100 0.000000 0.000000 0.000000 1.000000
0.991866 0.121282 0.038639 -5.727300 0.025553 0.107657 -0.993860 12.386500 -0.124697 0.986763 0.103682 0.169100 0.000000 0.000000 0.000000 1.000000</float_array>
        <technique_common>
          <accessor source="#mixamorig_LeftHandIndex1-Matrix-animation-output-transform-array" count="42" stride="16">
            <param type="float4x4"/>
          </accessor>
        </technique_common>
      </source>
      <source id="mixamorig_LeftHandIndex1-Interpolations">
        <Name_array id="mixamorig_LeftHandIndex1-Interpolations-array" count="42">
 LINEAR LINEAR LINEAR LINEAR LINEAR LINEAR LINEAR LINEAR LINEAR LINEAR LINEAR
LINEAR LINEAR LINEAR LINEAR LINEAR LINEAR LINEAR LINEAR LINEAR LINEAR LINEAR LINEAR
LINEAR LINEAR LINEAR LINEAR LINEAR LINEAR LINEAR LINEAR LINEAR LINEAR LINEAR LINEAR
LINEAR LINEAR LINEAR LINEAR LINEAR LINEAR LINEAR</Name_array>
        <technique_common>
          <accessor source="#mixamorig_LeftHandIndex1-Interpolations-array" count="42">
            <param type="name"/>
          </accessor>
        </technique_common>
      </source>
      <sampler id="mixamorig_LeftHandIndex1-Matrix-animation-transform">
        <input semantic="INPUT" source="#mixamorig_LeftHandIndex1-Matrix-animation-input"/>
        <input semantic="OUTPUT" source="#mixamorig_LeftHandIndex1-Matrix-animation-output-transform"/>
        <input semantic="INTERPOLATION" source="#mixamorig_LeftHandIndex1-Interpolations"/>
      </sampler>
      <channel source="#mixamorig_LeftHandIndex1-Matrix-animation-transform" target="mixamorig_LeftHandIndex1/matrix"/>
    </animation>
    <animation id="mixamorig_LeftHandIndex2-anim" name="mixamorig_LeftHandIndex2">
      <source id="mixamorig_LeftHandIndex2-Matrix-animation-input">
        <float_array id="mixamorig_LeftHandIndex2-Matrix-animation-input-array" count="42">

0.000000 0.033333 0.066667 0.100000 0.133333 0.166667 0.200000 0.233333 0.266667 0.300000 0.333333 0.366667 0.400000 0.433333 0.466667 0.500000
0.533333 0.566667 0.600000 0.633333 0.666667 0.700000 0.733333 0.766667 0.800000 0.833333 0.866667 0.900000 0.933333 0.966667 1.000000 1.033333
1.066667 1.100000 1.133333 1.166667 1.200000 1.233333 1.266667 1.300000 1.333333 1.366667</float_array>
        <technique_common>
          <accessor source="#mixamorig_LeftHandIndex2-Matrix-animation-input-array" count="42">
            <param name="TIME" type="float"/>
          </accessor>
        </technique_common>
      </source>
      <source id="mixamorig_LeftHandIndex2-Matrix-animation-output-transform">
        <float_array id="mixamorig_LeftHandIndex2-Matrix-animation-output-transform-array" count="672">

0.980693 0.099484 -0.168357 -0.002100 -0.099423 -0.487699 -0.867332 4.467800 -0.168393 0.867325 -0.468392 0.000000 0.000000 0.000000 0.000000 1.000000
0.980693 0.099484 -0.168357 -0.002100 -0.099423 -0.487699 -0.867332 4.467800 -0.168393 0.867325 -0.468392 0.000000 0.000000 0.000000 0.000000 1.000000
0.980693 0.099484 -0.168358 -0.002100 -0.099423 -0.487699 -0.867332 4.467800 -0.168394 0.867325 -0.468392 0.000000 0.000000 0.000000 0.000000 1.000000
0.980693 0.099484 -0.168357 -0.002100 -0.099423 -0.487699 -0.867332 4.467800 -0.168393 0.867325 -0.468392 0.000000 0.000000 0.000000 0.000000 1.000000
0.980693 0.099484 -0.168358 -0.002100 -0.099423 -0.487699 -0.867332 4.467800 -0.168393 0.867325 -0.468392 -0.000000 0.000000 0.000000 0.000000 1.000000
0.980693 0.099484 -0.168357 -0.002100 -0.099423 -0.487699 -0.867332 4.467800 -0.168393 0.867325 -0.468392 0.000000 0.000000 0.000000 0.000000 1.000000
0.980693 0.099484 -0.168357 -0.002100 -0.099423 -0.487699 -0.867332 4.467800 -0.168393 0.867325 -0.468392 0.000000 0.000000 0.000000 0.000000 1.000000
0.980693 0.099484 -0.168357 -0.002100 -0.099423 -0.487699 -0.867332 4.467800 -0.168393 0.867325 -0.468392 0.000000 0.000000 0.000000 0.000000 1.000000
0.980693 0.099484 -0.168358 -0.002100 -0.099423 -0.487699 -0.867332 4.467800 -0.168393 0.867325 -0.468392 0.000000 0.000000 0.000000 0.000000 1.000000
0.980693 0.099484 -0.168358 -0.002100 -0.099423 -0.487699 -0.867332 4.467800 -0.168394 0.867325 -0.468392 -0.000000 0.000000 0.000000 0.000000 1.000000
0.980693 0.099484 -0.168357 -0.002100 -0.099423 -0.487699 -0.867332 4.467800 -0.168393 0.867325 -0.468392 -0.000000 0.000000 0.000000 0.000000 1.000000
0.980693 0.099484 -0.168357 -0.002100 -0.099423 -0.487700 -0.867332 4.467800 -0.168393 0.867325 -0.468393 0.000000 0.000000 0.000000 0.000000 1.000000
0.980693 0.099484 -0.168357 -0.002100 -0.099423 -0.487699 -0.867332 4.467800 -0.168394 0.867325 -0.468392 0.000000 0.000000 0.000000 0.000000 1.000000
0.980693 0.099484 -0.168358 -0.002100 -0.099423 -0.487699 -0.867332 4.467800 -0.168393 0.867325 -0.468392 0.000000 0.000000 0.000000 0.000000 1.000000
0.980693 0.099484 -0.168357 -0.002100 -0.099423 -0.487699 -0.867332 4.467800 -0.168393 0.867325 -0.468392 0.000000 0.000000 0.000000 0.000000 1.000000
0.980693 0.099484 -0.168357 -0.002100 -0.099423 -0.487699 -0.867332 4.467800 -0.168393 0.867325 -0.468392 0.000000 0.000000 0.000000 0.000000 1.000000
0.980693 0.099484 -0.168358 -0.002100 -0.099424 -0.487699 -0.867332 4.467800 -0.168393 0.867325 -0.468392 0.000000 0.000000 0.000000 0.000000 1.000000
0.980693 0.099484 -0.168357 -0.002100 -0.099423 -0.487699 -0.867332 4.467800 -0.168393 0.867325 -0.468392 -0.000000 0.000000 0.000000 0.000000 1.000000
0.980693 0.099484 -0.168357 -0.002100 -0.099423 -0.487699 -0.867332 4.467800 -0.168393 0.867325 -0.468392 -0.000000 0.000000 0.000000 0.000000 1.000000
0.980693 0.099484 -0.168358 -0.002100 -0.099423 -0.487699 -0.867332 4.467800 -0.168393 0.867325 -0.468392 0.000000 0.000000 0.000000 0.000000 1.000000
0.980693 0.099484 -0.168358 -0.002100 -0.099423 -0.487699 -0.867332 4.467800 -0.168393 0.867325 -0.468392 0.000000 0.000000 0.000000 0.000000 1.000000
0.980693 0.099483 -0.168358 -0.002100 -0.099423 -0.487699 -0.867332 4.467800 -0.168393 0.867325 -0.468392 0.000000 0.000000 0.000000 0.000000 1.000000
0.980693 0.099484 -0.168358 -0.002100 -0.099423 -0.487699 -0.867332 4.467800 -0.168393 0.867325 -0.468392 -0.000000 0.000000 0.000000 0.000000 1.000000
0.980693 0.099484 -0.168358 -0.002100 -0.099424 -0.487699 -0.867332 4.467800 -0.168393 0.867325 -0.468392 0.000000 0.000000 0.000000 0.000000 1.000000
0.980693 0.099484 -0.168358 -0.002100 -0.099423 -0.487699 -0.867332 4.467800 -0.168393 0.867325 -0.468392 -0.000000 0.000000 0.000000 0.000000 1.000000
0.980693 0.099484 -0.168357 -0.002100 -0.099423 -0.487699 -0.867332 4.467800 -0.168393 0.867325 -0.468392 0.000000 0.000000 0.000000 0.000000 1.000000
0.980693 0.099484 -0.168357 -0.002100 -0.099423 -0.487700 -0.867332 4.467800 -0.168393 0.867325 -0.468393 0.000000 0.000000 0.000000 0.000000 1.000000
0.980693 0.099484 -0.168357 -0.002100 -0.099423 -0.487699 -0.867332 4.467800 -0.168393 0.867325 -0.468392 0.000000 0.000000 0.000000 0.000000 1.000000
0.980693 0.099484 -0.168357 -0.002100 -0.099423 -0.487699 -0.867332 4.467800 -0.168393 0.867325 -0.468392 0.000000 0.000000 0.000000 0.000000 1.000000
0.980693 0.099484 -0.168357 -0.002100 -0.099423 -0.487699 -0.867332 4.467800 -0.168393 0.867325 -0.468392 -0.000000 0.000000 0.000000 0.000000 1.000000
0.980693 0.099484 -0.168357 -0.002100 -0.099423 -0.487699 -0.867332 4.467800 -0.168393 0.867325 -0.468392 -0.000000 0.000000 0.000000 0.000000 1.000000
0.980693 0.099484 -0.168358 -0.002100 -0.099423 -0.487699 -0.867332 4.467800 -0.168394 0.867325 -0.468392 0.000000 0.000000 0.000000 0.000000 1.000000
0.980693 0.099484 -0.168357 -0.002100 -0.099423 -0.487699 -0.867332 4.467800 -0.168393 0.867325 -0.468392 0.000000 0.000000 0.000000 0.000000 1.000000
0.980693 0.099484 -0.168357 -0.002100 -0.099423 -0.487699 -0.867332 4.467800 -0.168393 0.867325 -0.468392 0.000000 0.000000 0.000000 0.000000 1.000000
0.980693 0.099484 -0.168357 -0.002100 -0.099423 -0.487699 -0.867332 4.467800 -0.168393 0.867325 -0.468392 -0.000000 0.000000 0.000000 0.000000 1.000000
0.980693 0.099484 -0.168357 -0.002100 -0.099423 -0.487699 -0.867332 4.467800 -0.168393 0.867325 -0.468392 0.000000 0.000000 0.000000 0.000000 1.000000
0.980693 0.099484 -0.168357 -0.002100 -0.099423 -0.487699 -0.867332 4.467800 -0.168393 0.867325 -0.468392 -0.000000 0.000000 0.000000 0.000000 1.000000
0.980693 0.099484 -0.168357 -0.002100 -0.099423 -0.487700 -0.867332 4.467800 -0.168393 0.867325 -0.468393 0.000000 0.000000 0.000000 0.000000 1.000000
0.980693 0.099484 -0.168357 -0.002100 -0.099423 -0.487699 -0.867332 4.467800 -0.168393 0.867325 -0.468392 0.000000 0.000000 0.000000 0.000000 1.000000
0.980693 0.099484 -0.168358 -0.002100 -0.099423 -0.487699 -0.867332 4.467800 -0.168393 0.867325 -0.468392 0.000000 0.000000 0.000000 0.000000 1.000000
0.980693 0.099484 -0.168357 -0.002100 -0.099423 -0.487699 -0.867332 4.467800 -0.168393 0.867325 -0.468392 0.000000 0.000000 0.000000 0.000000 1.000000
0.980693 0.099484 -0.168357 -0.002100 -0.099423 -0.487699 -0.867332 4.467800 -0.168393 0.867325 -0.468392 0.000000 0.000000 0.000000 0.000000 1.000000</float_array>
        <technique_common>
          <accessor source="#mixamorig_LeftHandIndex2-Matrix-animation-output-transform-array" count="42" stride="16">
            <param type="float4x4"/>
          </accessor>
        </technique_common>
      </source>
      <source id="mixamorig_LeftHandIndex2-Interpolations">
        <Name_array id="mixamorig_LeftHandIndex2-Interpolations-array" count="42">
 LINEAR LINEAR LINEAR LINEAR LINEAR LINEAR LINEAR LINEAR LINEAR LINEAR LINEAR
LINEAR LINEAR LINEAR LINEAR LINEAR LINEAR LINEAR LINEAR LINEAR LINEAR LINEAR LINEAR
LINEAR LINEAR LINEAR LINEAR LINEAR LINEAR LINEAR LINEAR LINEAR LINEAR LINEAR LINEAR
LINEAR LINEAR LINEAR LINEAR LINEAR LINEAR LINEAR</Name_array>
        <technique_common>
          <accessor source="#mixamorig_LeftHandIndex2-Interpolations-array" count="42">
            <param type="name"/>
          </accessor>
        </technique_common>
      </source>
      <sampler id="mixamorig_LeftHandIndex2-Matrix-animation-transform">
        <input semantic="INPUT" source="#mixamorig_LeftHandIndex2-Matrix-animation-input"/>
        <input semantic="OUTPUT" source="#mixamorig_LeftHandIndex2-Matrix-animation-output-transform"/>
        <input semantic="INTERPOLATION" source="#mixamorig_LeftHandIndex2-Interpolations"/>
      </sampler>
      <channel source="#mixamorig_LeftHandIndex2-Matrix-animation-transform" target="mixamorig_LeftHandIndex2/matrix"/>
    </animation>
    <animation id="mixamorig_LeftHandIndex3-anim" name="mixamorig_LeftHandIndex3">
      <source id="mixamorig_LeftHandIndex3-Matrix-animation-input">
        <float_array id="mixamorig_LeftHandIndex3-Matrix-animation-input-array" count="42">

0.000000 0.033333 0.066667 0.100000 0.133333 0.166667 0.200000 0.233333 0.266667 0.300000 0.333333 0.366667 0.400000 0.433333 0.466667 0.500000
0.533333 0.566667 0.600000 0.633333 0.666667 0.700000 0.733333 0.766667 0.800000 0.833333 0.866667 0.900000 0.933333 0.966667 1.000000 1.033333
1.066667 1.100000 1.133333 1.166667 1.200000 1.233333 1.266667 1.300000 1.333333 1.366667</float_array>
        <technique_common>
          <accessor source="#mixamorig_LeftHandIndex3-Matrix-animation-input-array" count="42">
            <param name="TIME" type="float"/>
          </accessor>
        </technique_common>
      </source>
      <source id="mixamorig_LeftHandIndex3-Matrix-animation-output-transform">
        <float_array id="mixamorig_LeftHandIndex3-Matrix-animation-output-transform-array" count="672">

0.982868 0.108334 -0.149111 0.001900 -0.108966 -0.310943 -0.944161 4.434100 -0.148649 0.944234 -0.293811 0.000000 0.000000 0.000000 0.000000 1.000000
0.982868 0.108334 -0.149111 0.001900 -0.108966 -0.310944 -0.944161 4.434100 -0.148650 0.944234 -0.293812 0.000000 0.000000 0.000000 0.000000 1.000000
0.982868 0.108334 -0.149111 0.001900 -0.108966 -0.310943 -0.944162 4.434100 -0.148650 0.944234 -0.293811 -0.000000 0.000000 0.000000 0.000000 1.000000
0.982868 0.108334 -0.149110 0.001900 -0.108965 -0.310943 -0.944161 4.434100 -0.148650 0.944234 -0.293812 -0.000000 0.000000 0.000000 0.000000 1.000000
0.982868 0.108334 -0.149110 0.001900 -0.108965 -0.310944 -0.944161 4.434100 -0.148649 0.944234 -0.293812 0.000000 0.000000 0.000000 0.000000 1.000000
0.982868 0.108333 -0.149111 0.001900 -0.108966 -0.310943 -0.944161 4.434100 -0.148649 0.944234 -0.293812 0.000000 0.000000 0.000000 0.000000 1.000000
0.982868 0.108334 -0.149110 0.001900 -0.108965 -0.310943 -0.944161 4.434100 -0.148650 0.944234 -0.293812 0.000000 0.000000 0.000000 0.000000 1.000000
0.982868 0.108333 -0.149111 0.001900 -0.108966 -0.310944 -0.944161 4.434100 -0.148649 0.944234 -0.293812 0.000000 0.000000 0.000000 0.000000 1.000000
0.982868 0.108334 -0.149111 0.001900 -0.108966 -0.310944 -0.944161 4.434100 -0.148650 0.944234 -0.293812 0.000000 0.000000 0.000000 0.000000 1.000000
0.982868 0.108334 -0.149110 0.001900 -0.108965 -0.310943 -0.944161 4.434100 -0.148649 0.944234 -0.293812 0.000000 0.000000 0.000000 0.000000 1.000000
0.982868 0.108334 -0.149111 0.001900 -0.108966 -0.310943 -0.944161 4.434100 -0.148649 0.944234 -0.293812 0.000000 0.000000 0.000000 0.000000 1.000000
0.982868 0.108334 -0.149111 0.001900 -0.108966 -0.310944 -0.944161 4.434100 -0.148650 0.944234 -0.293812 0.000000 0.000000 0.000000 0.000000 1.000000
0.982868 0.108334 -0.149111 0.001900 -0.108966 -0.310943 -0.944161 4.434100 -0.148649 0.944234 -0.293811 0.000000 0.000000 0.000000 0.000000 1.000000
0.982868 0.108334 -0.149110 0.001900 -0.108965 -0.310943 -0.944162 4.434100 -0.148650 0.944234 -0.293811 0.000000 0.000000 0.000000 0.000000 1.000000
0.982868 0.108334 -0.149110 0.001900 -0.108965 -0.310944 -0.944161 4.434100 -0.148649 0.944234 -0.293812 0.000000 0.000000 0.000000 0.000000 1.000000
0.982868 0.108334 -0.149111 0.001900 -0.108966 -0.310943 -0.944161 4.434100 -0.148650 0.944234 -0.293812 0.000000 0.000000 0.000000 0.000000 1.000000
0.982868 0.108334 -0.149111 0.001900 -0.108966 -0.310943 -0.944161 4.434100 -0.148650 0.944234 -0.293812 0.000000 0.000000 0.000000 0.000000 1.000000
0.982868 0.108334 -0.149111 0.001900 -0.108965 -0.310943 -0.944161 4.434100 -0.148650 0.944234 -0.293812 0.000000 0.000000 0.000000 0.000000 1.000000
0.982868 0.108334 -0.149111 0.001900 -0.108965 -0.310944 -0.944161 4.434100 -0.148650 0.944234 -0.293812 0.000000 0.000000 0.000000 0.000000 1.000000
0.982868 0.108334 -0.149110 0.001900 -0.108965 -0.310943 -0.944161 4.434100 -0.148649 0.944234 -0.293812 0.000000 0.000000 0.000000 0.000000 1.000000
0.982868 0.108334 -0.149111 0.001900 -0.108966 -0.310944 -0.944161 4.434100 -0.148649 0.944234 -0.293812 -0.000000 0.000000 0.000000 0.000000 1.000000
0.982868 0.108334 -0.149111 0.001900 -0.108966 -0.310943 -0.944161 4.434100 -0.148650 0.944234 -0.293812 0.000000 0.000000 0.000000 0.000000 1.000000
0.982868 0.108334 -0.149110 0.001900 -0.108965 -0.310943 -0.944161 4.434100 -0.148650 0.944234 -0.293812 0.000000 0.000000 0.000000 0.000000 1.000000
0.982868 0.108334 -0.149111 0.001900 -0.108966 -0.310944 -0.944161 4.434100 -0.148650 0.944234 -0.293812 0.000000 0.000000 0.000000 0.000000 1.000000
0.982868 0.108334 -0.149110 0.001900 -0.108965 -0.310943 -0.944161 4.434100 -0.148650 0.944234 -0.293812 -0.000000 0.000000 0.000000 0.000000 1.000000
0.982868 0.108334 -0.149110 0.001900 -0.108965 -0.310943 -0.944161 4.434100 -0.148650 0.944234 -0.293812 0.000000 0.000000 0.000000 0.000000 1.000000
0.982868 0.108334 -0.149110 0.001900 -0.108965 -0.310943 -0.944161 4.434100 -0.148650 0.944234 -0.293812 -0.000000 0.000000 0.000000 0.000000 1.000000
0.982868 0.108334 -0.149110 0.001900 -0.108965 -0.310943 -0.944161 4.434100 -0.148650 0.944234 -0.293812 0.000000 0.000000 0.000000 0.000000 1.000000
0.982868 0.108334 -0.149110 0.001900 -0.108965 -0.310944 -0.944161 4.434100 -0.148650 0.944234 -0.293812 0.000000 0.000000 0.000000 0.000000 1.000000
0.982868 0.108334 -0.149111 0.001900 -0.108966 -0.310943 -0.944161 4.434100 -0.148650 0.944234 -0.293812 0.000000 0.000000 0.000000 0.000000 1.000000
0.982868 0.108334 -0.149110 0.001900 -0.108965 -0.310943 -0.944161 4.434100 -0.148650 0.944234 -0.293812 0.000000 0.000000 0.000000 0.000000 1.000000
0.982868 0.108334 -0.149110 0.001900 -0.108965 -0.310943 -0.944161 4.434100 -0.148650 0.944234 -0.293812 0.000000 0.000000 0.000000 0.000000 1.000000
0.982868 0.108334 -0.149111 0.001900 -0.108965 -0.310944 -0.944161 4.434100 -0.148650 0.944234 -0.293812 -0.000000 0.000000 0.000000 0.000000 1.000000
0.982868 0.108334 -0.149111 0.001900 -0.108966 -0.310944 -0.944161 4.434100 -0.148649 0.944234 -0.293812 0.000000 0.000000 0.000000 0.000000 1.000000
0.982868 0.108334 -0.149110 0.001900 -0.108965 -0.310944 -0.944161 4.434100 -0.148650 0.944234 -0.293812 0.000000 0.000000 0.000000 0.000000 1.000000
0.982868 0.108334 -0.149110 0.001900 -0.108966 -0.310943 -0.944162 4.434100 -0.148649 0.944234 -0.293811 -0.000000 0.000000 0.000000 0.000000 1.000000
0.982868 0.108334 -0.149110 0.001900 -0.108965 -0.310943 -0.944161 4.434100 -0.148649 0.944234 -0.293811 0.000000 0.000000 0.000000 0.000000 1.000000
0.982868 0.108334 -0.149110 0.001900 -0.108965 -0.310943 -0.944161 4.434100 -0.148650 0.944234 -0.293812 0.000000 0.000000 0.000000 0.000000 1.000000
0.982868 0.108334 -0.149111 0.001900 -0.108966 -0.310943 -0.944161 4.434100 -0.148650 0.944234 -0.293812 0.000000 0.000000 0.000000 0.000000 1.000000
0.982868 0.108334 -0.149111 0.001900 -0.108966 -0.310943 -0.944161 4.434100 -0.148650 0.944234 -0.293812 -0.000000 0.000000 0.000000 0.000000 1.000000
0.982868 0.108334 -0.149110 0.001900 -0.108965 -0.310943 -0.944161 4.434100 -0.148649 0.944234 -0.293812 0.000000 0.000000 0.000000 0.000000 1.000000
0.982868 0.108334 -0.149110 0.001900 -0.108965 -0.310943 -0.944161 4.434100 -0.148650 0.944234 -0.293812 0.000000 0.000000 0.000000 0.000000 1.000000</float_array>
        <technique_common>
          <accessor source="#mixamorig_LeftHandIndex3-Matrix-animation-output-transform-array" count="42" stride="16">
            <param type="float4x4"/>
          </accessor>
        </technique_common>
      </source>
      <source id="mixamorig_LeftHandIndex3-Interpolations">
        <Name_array id="mixamorig_LeftHandIndex3-Interpolations-array" count="42">
 LINEAR LINEAR LINEAR LINEAR LINEAR LINEAR LINEAR LINEAR LINEAR LINEAR LINEAR
LINEAR LINEAR LINEAR LINEAR LINEAR LINEAR LINEAR LINEAR LINEAR LINEAR LINEAR LINEAR
LINEAR LINEAR LINEAR LINEAR LINEAR LINEAR LINEAR LINEAR LINEAR LINEAR LINEAR LINEAR
LINEAR LINEAR LINEAR LINEAR LINEAR LINEAR LINEAR</Name_array>
        <technique_common>
          <accessor source="#mixamorig_LeftHandIndex3-Interpolations-array" count="42">
            <param type="name"/>
          </accessor>
        </technique_common>
      </source>
      <sampler id="mixamorig_LeftHandIndex3-Matrix-animation-transform">
        <input semantic="INPUT" source="#mixamorig_LeftHandIndex3-Matrix-animation-input"/>
        <input semantic="OUTPUT" source="#mixamorig_LeftHandIndex3-Matrix-animation-output-transform"/>
        <input semantic="INTERPOLATION" source="#mixamorig_LeftHandIndex3-Interpolations"/>
      </sampler>
      <channel source="#mixamorig_LeftHandIndex3-Matrix-animation-transform" target="mixamorig_LeftHandIndex3/matrix"/>
    </animation>
    <animation id="mixamorig_LeftHandMiddle1-anim" name="mixamorig_LeftHandMiddle1">
      <source id="mixamorig_LeftHandMiddle1-Matrix-animation-input">
        <float_array id="mixamorig_LeftHandMiddle1-Matrix-animation-input-array" count="42">

0.000000 0.033333 0.066667 0.100000 0.133333 0.166667 0.200000 0.233333 0.266667 0.300000 0.333333 0.366667 0.400000 0.433333 0.466667 0.500000
0.533333 0.566667 0.600000 0.633333 0.666667 0.700000 0.733333 0.766667 0.800000 0.833333 0.866667 0.900000 0.933333 0.966667 1.000000 1.033333
1.066667 1.100000 1.133333 1.166667 1.200000 1.233333 1.266667 1.300000 1.333333 1.366667</float_array>
        <technique_common>
          <accessor source="#mixamorig_LeftHandMiddle1-Matrix-animation-input-array" count="42">
            <param name="TIME" type="float"/>
          </accessor>
        </technique_common>
      </source>
      <source id="mixamorig_LeftHandMiddle1-Matrix-animation-output-transform">
        <float_array id="mixamorig_LeftHandMiddle1-Matrix-animation-output-transform-array" count="672">

0.993971 0.102315 0.039412 -1.770900 0.030719 0.085198 -0.995890 12.045500 -0.105252 0.991097 0.081541 -0.275300 0.000000 0.000000 0.000000 1.000000
0.993971 0.102316 0.039412 -1.770900 0.030719 0.085198 -0.995890 12.045500 -0.105253 0.991097 0.081541 -0.275300 0.000000 0.000000 0.000000 1.000000
0.993971 0.102315 0.039412 -1.770900 0.030718 0.085198 -0.995890 12.045500 -0.105252 0.991097 0.081542 -0.275300 0.000000 0.000000 0.000000 1.000000
0.993971 0.102315 0.039412 -1.770900 0.030719 0.085198 -0.995890 12.045500 -0.105253 0.991097 0.081541 -0.275300 0.000000 0.000000 0.000000 1.000000
0.993971 0.102315 0.039412 -1.770900 0.030718 0.085198 -0.995890 12.045500 -0.105253 0.991097 0.081542 -0.275300 0.000000 0.000000 0.000000 1.000000
0.993971 0.102315 0.039412 -1.770900 0.030718 0.085198 -0.995890 12.045500 -0.105253 0.991097 0.081542 -0.275300 0.000000 0.000000 0.000000 1.000000
0.993971 0.102315 0.039412 -1.770900 0.030719 0.085198 -0.995890 12.045500 -0.105253 0.991097 0.081541 -0.275300 0.000000 0.000000 0.000000 1.000000
0.993971 0.102315 0.039412 -1.770900 0.030719 0.085198 -0.995890 12.045500 -0.105253 0.991097 0.081541 -0.275300 0.000000 0.000000 0.000000 1.000000
0.993971 0.102315 0.039412 -1.770900 0.030718 0.085198 -0.995890 12.045500 -0.105252 0.991097 0.081541 -0.275300 0.000000 0.000000 0.000000 1.000000
0.993971 0.102315 0.039412 -1.770900 0.030718 0.085198 -0.995890 12.045500 -0.105253 0.991097 0.081541 -0.275300 0.000000 0.000000 0.000000 1.000000
0.993971 0.102315 0.039412 -1.770900 0.030718 0.085198 -0.995890 12.045500 -0.105253 0.991097 0.081542 -0.275300 0.000000 0.000000 0.000000 1.000000
0.993971 0.102315 0.039413 -1.770900 0.030719 0.085198 -0.995890 12.045500 -0.105253 0.991097 0.081541 -0.275300 0.000000 0.000000 0.000000 1.000000
0.993971 0.102315 0.039412 -1.770900 0.030719 0.085198 -0.995890 12.045500 -0.105253 0.991097 0.081541 -0.275300 0.000000 0.000000 0.000000 1.000000
0.993971 0.102315 0.039412 -1.770900 0.030718 0.085198 -0.995890 12.045500 -0.105252 0.991097 0.081541 -0.275300 0.000000 0.000000 0.000000 1.000000
0.993971 0.102315 0.039412 -1.770900 0.030718 0.085198 -0.995890 12.045500 -0.105253 0.991097 0.081542 -0.275300 0.000000 0.000000 0.000000 1.000000
0.993971 0.102315 0.039412 -1.770900 0.030718 0.085198 -0.995890 12.045500 -0.105252 0.991097 0.081542 -0.275300 0.000000 0.000000 0.000000 1.000000
0.993971 0.102315 0.039412 -1.770900 0.030718 0.085198 -0.995890 12.045500 -0.105253 0.991097 0.081541 -0.275300 0.000000 0.000000 0.000000 1.000000
0.993971 0.102315 0.039412 -1.770900 0.030718 0.085198 -0.995890 12.045500 -0.105252 0.991097 0.081542 -0.275300 0.000000 0.000000 0.000000 1.000000
0.993971 0.102315 0.039412 -1.770900 0.030719 0.085198 -0.995890 12.045500 -0.105253 0.991097 0.081542 -0.275300 0.000000 0.000000 0.000000 1.000000
0.993971 0.102315 0.039412 -1.770900 0.030719 0.085198 -0.995890 12.045500 -0.105253 0.991097 0.081541 -0.275300 0.000000 0.000000 0.000000 1.000000
0.993971 0.102315 0.039412 -1.770900 0.030718 0.085198 -0.995890 12.045500 -0.105252 0.991097 0.081541 -0.275300 0.000000 0.000000 0.000000 1.000000
0.993971 0.102315 0.039412 -1.770900 0.030718 0.085198 -0.995890 12.045500 -0.105252 0.991097 0.081542 -0.275300 0.000000 0.000000 0.000000 1.000000
0.993971 0.102315 0.039412 -1.770900 0.030719 0.085198 -0.995890 12.045500 -0.105253 0.991097 0.081541 -0.275300 0.000000 0.000000 0.000000 1.000000
0.993971 0.102315 0.039412 -1.770900 0.030718 0.085198 -0.995890 12.045500 -0.105253 0.991097 0.081542 -0.275300 0.000000 0.000000 0.000000 1.000000
0.993971 0.102315 0.039412 -1.770900 0.030718 0.085198 -0.995890 12.045500 -0.105253 0.991097 0.081541 -0.275300 0.000000 0.000000 0.000000 1.000000
0.993971 0.102315 0.039412 -1.770900 0.030719 0.085198 -0.995890 12.045500 -0.105252 0.991097 0.081541 -0.275300 0.000000 0.000000 0.000000 1.000000
0.993971 0.102315 0.039412 -1.770900 0.030719 0.085198 -0.995890 12.045500 -0.105252 0.991097 0.081541 -0.275300 0.000000 0.000000 0.000000 1.000000
0.993971 0.102315 0.039412 -1.770900 0.030719 0.085198 -0.995890 12.045500 -0.105252 0.991097 0.081542 -0.275300 0.000000 0.000000 0.000000 1.000000
0.993971 0.102315 0.039412 -1.770900 0.030718 0.085198 -0.995890 12.045500 -0.105253 0.991097 0.081541 -0.275300 0.000000 0.000000 0.000000 1.000000
0.993971 0.102315 0.039412 -1.770900 0.030718 0.085198 -0.995890 12.045500 -0.105252 0.991097 0.081541 -0.275300 0.000000 0.000000 0.000000 1.000000
0.993971 0.102315 0.039412 -1.770900 0.030719 0.085198 -0.995890 12.045500 -0.105253 0.991097 0.081541 -0.275300 0.000000 0.000000 0.000000 1.000000
0.993971 0.102315 0.039412 -1.770900 0.030719 0.085198 -0.995890 12.045500 -0.105253 0.991097 0.081541 -0.275300 0.000000 0.000000 0.000000 1.000000
0.993971 0.102315 0.039412 -1.770900 0.030718 0.085198 -0.995890 12.045500 -0.105253 0.991097 0.081541 -0.275300 0.000000 0.000000 0.000000 1.000000
0.993971 0.102315 0.039412 -1.770900 0.030719 0.085198 -0.995890 12.045500 -0.105252 0.991097 0.081542 -0.275300 0.000000 0.000000 0.000000 1.000000
0.993971 0.102315 0.039412 -1.770900 0.030719 0.085198 -0.995890 12.045500 -0.105253 0.991097 0.081541 -0.275300 0.000000 0.000000 0.000000 1.000000
0.993971 0.102315 0.039412 -1.770900 0.030719 0.085198 -0.995890 12.045500 -0.105253 0.991097 0.081541 -0.275300 0.000000 0.000000 0.000000 1.000000
0.993971 0.102315 0.039412 -1.770900 0.030718 0.085198 -0.995890 12.045500 -0.105252 0.991097 0.081541 -0.275300 0.000000 0.000000 0.000000 1.000000
0.993971 0.102315 0.039412 -1.770900 0.030718 0.085198 -0.995890 12.045500 -0.105253 0.991097 0.081541 -0.275300 0.000000 0.000000 0.000000 1.000000
0.993971 0.102315 0.039412 -1.770900 0.030719 0.085198 -0.995890 12.045500 -0.105252 0.991097 0.081541 -0.275300 0.000000 0.000000 0.000000 1.000000
0.993971 0.102316 0.039412 -1.770900 0.030718 0.085198 -0.995890 12.045500 -0.105253 0.991097 0.081541 -0.275300 0.000000 0.000000 0.000000 1.000000
0.993971 0.102315 0.039412 -1.770900 0.030718 0.085198 -0.995890 12.045500 -0.105252 0.991097 0.081542 -0.275300 0.000000 0.000000 0.000000 1.000000
0.993971 0.102315 0.039412 -1.770900 0.030718 0.085198 -0.995890 12.045500 -0.105253 0.991097 0.081541 -0.275300 0.000000 0.000000 0.000000 1.000000</float_array>
        <technique_common>
          <accessor source="#mixamorig_LeftHandMiddle1-Matrix-animation-output-transform-array" count="42" stride="16">
            <param type="float4x4"/>
          </accessor>
        </technique_common>
      </source>
      <source id="mixamorig_LeftHandMiddle1-Interpolations">
        <Name_array id="mixamorig_LeftHandMiddle1-Interpolations-array" count="42">
 LINEAR LINEAR LINEAR LINEAR LINEAR LINEAR LINEAR LINEAR LINEAR LINEAR LINEAR
LINEAR LINEAR LINEAR LINEAR LINEAR LINEAR LINEAR LINEAR LINEAR LINEAR LINEAR LINEAR
LINEAR LINEAR LINEAR LINEAR LINEAR LINEAR LINEAR LINEAR LINEAR LINEAR LINEAR LINEAR
LINEAR LINEAR LINEAR LINEAR LINEAR LINEAR LINEAR</Name_array>
        <technique_common>
          <accessor source="#mixamorig_LeftHandMiddle1-Interpolations-array" count="42">
            <param type="name"/>
          </accessor>
        </technique_common>
      </source>
      <sampler id="mixamorig_LeftHandMiddle1-Matrix-animation-transform">
        <input semantic="INPUT" source="#mixamorig_LeftHandMiddle1-Matrix-animation-input"/>
        <input semantic="OUTPUT" source="#mixamorig_LeftHandMiddle1-Matrix-animation-output-transform"/>
        <input semantic="INTERPOLATION" source="#mixamorig_LeftHandMiddle1-Interpolations"/>
      </sampler>
      <channel source="#mixamorig_LeftHandMiddle1-Matrix-animation-transform" target="mixamorig_LeftHandMiddle1/matrix"/>
    </animation>
    <animation id="mixamorig_LeftHandMiddle2-anim" name="mixamorig_LeftHandMiddle2">
      <source id="mixamorig_LeftHandMiddle2-Matrix-animation-input">
        <float_array id="mixamorig_LeftHandMiddle2-Matrix-animation-input-array" count="42">

0.000000 0.033333 0.066667 0.100000 0.133333 0.166667 0.200000 0.233333 0.266667 0.300000 0.333333 0.366667 0.400000 0.433333 0.466667 0.500000
0.533333 0.566667 0.600000 0.633333 0.666667 0.700000 0.733333 0.766667 0.800000 0.833333 0.866667 0.900000 0.933333 0.966667 1.000000 1.033333
1.066667 1.100000 1.133333 1.166667 1.200000 1.233333 1.266667 1.300000 1.333333 1.366667</float_array>
        <technique_common>
          <accessor source="#mixamorig_LeftHandMiddle2-Matrix-animation-input-array" count="42">
            <param name="TIME" type="float"/>
          </accessor>
        </technique_common>
      </source>
      <source id="mixamorig_LeftHandMiddle2-Matrix-animation-output-transform">
        <float_array id="mixamorig_LeftHandMiddle2-Matrix-animation-output-transform-array" count="672">

0.983225 0.103968 -0.149861 -0.011100 -0.102474 -0.364817 -0.925423 5.491500 -0.150886 0.925256 -0.348043 0.000000 0.000000 0.000000 0.000000 1.000000
0.983225 0.103968 -0.149861 -0.011100 -0.102474 -0.364817 -0.925423 5.491500 -0.150886 0.925256 -0.348043 0.000000 0.000000 0.000000 0.000000 1.000000
0.983226 0.103968 -0.149861 -0.011100 -0.102474 -0.364817 -0.925423 5.491500 -0.150886 0.925256 -0.348043 0.000000 0.000000 0.000000 0.000000 1.000000
0.983225 0.103968 -0.149861 -0.011100 -0.102474 -0.364816 -0.925423 5.491500 -0.150886 0.925257 -0.348043 0.000000 0.000000 0.000000 0.000000 1.000000
0.983226 0.103968 -0.149861 -0.011100 -0.102474 -0.364816 -0.925423 5.491500 -0.150886 0.925257 -0.348042 0.000000 0.000000 0.000000 0.000000 1.000000
0.983225 0.103968 -0.149861 -0.011100 -0.102474 -0.364816 -0.925423 5.491500 -0.150886 0.925257 -0.348043 0.000000 0.000000 0.000000 0.000000 1.000000
0.983226 0.103968 -0.149861 -0.011100 -0.102474 -0.364817 -0.925423 5.491500 -0.150886 0.925256 -0.348043 0.000000 0.000000 0.000000 0.000000 1.000000
0.983225 0.103968 -0.149861 -0.011100 -0.102474 -0.364817 -0.925423 5.491500 -0.150886 0.925256 -0.348043 0.000000 0.000000 0.000000 0.000000 1.000000
0.983225 0.103968 -0.149861 -0.011100 -0.102475 -0.364817 -0.925423 5.491500 -0.150886 0.925256 -0.348043 0.000000 0.000000 0.000000 0.000000 1.000000
0.983225 0.103968 -0.149861 -0.011100 -0.102474 -0.364817 -0.925423 5.491500 -0.150886 0.925256 -0.348043 -0.000000 0.000000 0.000000 0.000000 1.000000
0.983226 0.103968 -0.149861 -0.011100 -0.102474 -0.364817 -0.925423 5.491500 -0.150886 0.925256 -0.348043 0.000000 0.000000 0.000000 0.000000 1.000000
0.983226 0.103968 -0.149861 -0.011100 -0.102474 -0.364816 -0.925423 5.491500 -0.150886 0.925256 -0.348043 0.000000 0.000000 0.000000 0.000000 1.000000
0.983226 0.103968 -0.149861 -0.011100 -0.102474 -0.364816 -0.925423 5.491500 -0.150886 0.925257 -0.348043 0.000000 0.000000 0.000000 0.000000 1.000000
0.983226 0.103968 -0.149861 -0.011100 -0.102474 -0.364817 -0.925423 5.491500 -0.150886 0.925256 -0.348043 -0.000000 0.000000 0.000000 0.000000 1.000000
0.983226 0.103968 -0.149861 -0.011100 -0.102474 -0.364817 -0.925423 5.491500 -0.150886 0.925256 -0.348043 0.000000 0.000000 0.000000 0.000000 1.000000
0.983225 0.103968 -0.149861 -0.011100 -0.102475 -0.364816 -0.925423 5.491500 -0.150886 0.925257 -0.348042 0.000000 0.000000 0.000000 0.000000 1.000000
0.983226 0.103968 -0.149861 -0.011100 -0.102474 -0.364817 -0.925423 5.491500 -0.150886 0.925256 -0.348043 0.000000 0.000000 0.000000 0.000000 1.000000
0.983225 0.103968 -0.149861 -0.011100 -0.102475 -0.364817 -0.925423 5.491500 -0.150886 0.925256 -0.348043 -0.000000 0.000000 0.000000 0.000000 1.000000
0.983226 0.103968 -0.149861 -0.011100 -0.102474 -0.364817 -0.925423 5.491500 -0.150886 0.925256 -0.348043 0.000000 0.000000 0.000000 0.000000 1.000000
0.983226 0.103968 -0.149861 -0.011100 -0.102474 -0.364816 -0.925423 5.491500 -0.150886 0.925257 -0.348043 -0.000000 0.000000 0.000000 0.000000 1.000000
0.983226 0.103968 -0.149861 -0.011100 -0.102474 -0.364816 -0.925423 5.491500 -0.150886 0.925257 -0.348043 0.000000 0.000000 0.000000 0.000000 1.000000
0.983225 0.103968 -0.149861 -0.011100 -0.102474 -0.364817 -0.925423 5.491500 -0.150886 0.925256 -0.348043 0.000000 0.000000 0.000000 0.000000 1.000000
0.983226 0.103968 -0.149861 -0.011100 -0.102474 -0.364816 -0.925423 5.491500 -0.150886 0.925257 -0.348043 0.000000 0.000000 0.000000 0.000000 1.000000
0.983226 0.103968 -0.149861 -0.011100 -0.102474 -0.364816 -0.925423 5.491500 -0.150886 0.925257 -0.348042 0.000000 0.000000 0.000000 0.000000 1.000000
0.983225 0.103968 -0.149861 -0.011100 -0.102475 -0.364817 -0.925423 5.491500 -0.150886 0.925256 -0.348043 0.000000 0.000000 0.000000 0.000000 1.000000
0.983226 0.103968 -0.149861 -0.011100 -0.102475 -0.364817 -0.925423 5.491500 -0.150886 0.925256 -0.348043 0.000000 0.000000 0.000000 0.000000 1.000000
0.983226 0.103968 -0.149861 -0.011100 -0.102475 -0.364817 -0.925423 5.491500 -0.150886 0.925256 -0.348043 0.000000 0.000000 0.000000 0.000000 1.000000
0.983226 0.103968 -0.149861 -0.011100 -0.102475 -0.364817 -0.925423 5.491500 -0.150886 0.925256 -0.348043 0.000000 0.000000 0.000000 0.000000 1.000000
0.983225 0.103968 -0.149861 -0.011100 -0.102474 -0.364816 -0.925423 5.491500 -0.150886 0.925256 -0.348043 0.000000 0.000000 0.000000 0.000000 1.000000
0.983226 0.103968 -0.149861 -0.011100 -0.102475 -0.364817 -0.925423 5.491500 -0.150886 0.925256 -0.348043 0.000000 0.000000 0.000000 0.000000 1.000000
0.983226 0.103968 -0.149861 -0.011100 -0.102474 -0.364817 -0.925423 5.491500 -0.150886 0.925256 -0.348043 0.000000 0.000000 0.000000 0.000000 1.000000
0.983226 0.103968 -0.149861 -0.011100 -0.102474 -0.364817 -0.925423 5.491500 -0.150886 0.925256 -0.348043 0.000000 0.000000 0.000000 0.000000 1.000000
0.983225 0.103968 -0.149861 -0.011100 -0.102474 -0.364816 -0.925423 5.491500 -0.150886 0.925257 -0.348042 -0.000000 0.000000 0.000000 0.000000 1.000000
0.983226 0.103968 -0.149861 -0.011100 -0.102475 -0.364817 -0.925423 5.491500 -0.150886 0.925257 -0.348043 0.000000 0.000000 0.000000 0.000000 1.000000
0.983226 0.103968 -0.149861 -0.011100 -0.102475 -0.364817 -0.925423 5.491500 -0.150886 0.925256 -0.348043 0.000000 0.000000 0.000000 0.000000 1.000000
0.983225 0.103968 -0.149861 -0.011100 -0.102474 -0.364816 -0.925423 5.491500 -0.150886 0.925257 -0.348043 -0.000000 0.000000 0.000000 0.000000 1.000000
0.983226 0.103968 -0.149861 -0.011100 -0.102475 -0.364817 -0.925423 5.491500 -0.150886 0.925257 -0.348043 0.000000 0.000000 0.000000 0.000000 1.000000
0.983226 0.103968 -0.149861 -0.011100 -0.102474 -0.364817 -0.925423 5.491500 -0.150886 0.925256 -0.348043 0.000000 0.000000 0.000000 0.000000 1.000000
0.983226 0.103968 -0.149861 -0.011100 -0.102475 -0.364817 -0.925423 5.491500 -0.150886 0.925256 -0.348043 -0.000000 0.000000 0.000000 0.000000 1.000000
0.983226 0.103968 -0.149861 -0.011100 -0.102474 -0.364817 -0.925423 5.491500 -0.150886 0.925256 -0.348043 0.000000 0.000000 0.000000 0.000000 1.000000
0.983225 0.103968 -0.149861 -0.011100 -0.102474 -0.364817 -0.925423 5.491500 -0.150886 0.925256 -0.348043 0.000000 0.000000 0.000000 0.000000 1.000000
0.983226 0.103968 -0.149861 -0.011100 -0.102474 -0.364817 -0.925423 5.491500 -0.150886 0.925256 -0.348043 0.000000 0.000000 0.000000 0.000000 1.000000</float_array>
        <technique_common>
          <accessor source="#mixamorig_LeftHandMiddle2-Matrix-animation-output-transform-array" count="42" stride="16">
            <param type="float4x4"/>
          </accessor>
        </technique_common>
      </source>
      <source id="mixamorig_LeftHandMiddle2-Interpolations">
        <Name_array id="mixamorig_LeftHandMiddle2-Interpolations-array" count="42">
 LINEAR LINEAR LINEAR LINEAR LINEAR LINEAR LINEAR LINEAR LINEAR LINEAR LINEAR
LINEAR LINEAR LINEAR LINEAR LINEAR LINEAR LINEAR LINEAR LINEAR LINEAR LINEAR LINEAR
LINEAR LINEAR LINEAR LINEAR LINEAR LINEAR LINEAR LINEAR LINEAR LINEAR LINEAR LINEAR
LINEAR LINEAR LINEAR LINEAR LINEAR LINEAR LINEAR</Name_array>
        <technique_common>
          <accessor source="#mixamorig_LeftHandMiddle2-Interpolations-array" count="42">
            <param type="name"/>
          </accessor>
        </technique_common>
      </source>
      <sampler id="mixamorig_LeftHandMiddle2-Matrix-animation-transform">
        <input semantic="INPUT" source="#mixamorig_LeftHandMiddle2-Matrix-animation-input"/>
        <input semantic="OUTPUT" source="#mixamorig_LeftHandMiddle2-Matrix-animation-output-transform"/>
        <input semantic="INTERPOLATION" source="#mixamorig_LeftHandMiddle2-Interpolations"/>
      </sampler>
      <channel source="#mixamorig_LeftHandMiddle2-Matrix-animation-transform" target="mixamorig_LeftHandMiddle2/matrix"/>
    </animation>
    <animation id="mixamorig_LeftHandMiddle3-anim" name="mixamorig_LeftHandMiddle3">
      <source id="mixamorig_LeftHandMiddle3-Matrix-animation-input">
        <float_array id="mixamorig_LeftHandMiddle3-Matrix-animation-input-array" count="42">

0.000000 0.033333 0.066667 0.100000 0.133333 0.166667 0.200000 0.233333 0.266667 0.300000 0.333333 0.366667 0.400000 0.433333 0.466667 0.500000
0.533333 0.566667 0.600000 0.633333 0.666667 0.700000 0.733333 0.766667 0.800000 0.833333 0.866667 0.900000 0.933333 0.966667 1.000000 1.033333
1.066667 1.100000 1.133333 1.166667 1.200000 1.233333 1.266667 1.300000 1.333333 1.366667</float_array>
        <technique_common>
          <accessor source="#mixamorig_LeftHandMiddle3-Matrix-animation-input-array" count="42">
            <param name="TIME" type="float"/>
          </accessor>
        </technique_common>
      </source>
      <source id="mixamorig_LeftHandMiddle3-Matrix-animation-output-transform">
        <float_array id="mixamorig_LeftHandMiddle3-Matrix-animation-output-transform-array" count="672">

0.983334 0.103595 -0.149406 0.004600 -0.106670 -0.336726 -0.935541 5.202800 -0.147226 0.935887 -0.320064 -0.000000 0.000000 0.000000 0.000000 1.000000
0.983334 0.103595 -0.149406 0.004600 -0.106670 -0.336726 -0.935541 5.202800 -0.147226 0.935887 -0.320064 0.000000 0.000000 0.000000 0.000000 1.000000
0.983334 0.103595 -0.149405 0.004600 -0.106670 -0.336727 -0.935541 5.202800 -0.147226 0.935886 -0.320064 0.000000 0.000000 0.000000 0.000000 1.000000
0.983334 0.103595 -0.149405 0.004600 -0.106670 -0.336726 -0.935541 5.202800 -0.147226 0.935887 -0.320064 -0.000000 0.000000 0.000000 0.000000 1.000000
0.983334 0.103595 -0.149406 0.004600 -0.106670 -0.336727 -0.935541 5.202800 -0.147226 0.935886 -0.320064 0.000000 0.000000 0.000000 0.000000 1.000000
0.983334 0.103595 -0.149406 0.004600 -0.106670 -0.336726 -0.935541 5.202800 -0.147226 0.935886 -0.320064 -0.000000 0.000000 0.000000 0.000000 1.000000
0.983334 0.103595 -0.149406 0.004600 -0.106670 -0.336726 -0.935541 5.202800 -0.147226 0.935886 -0.320064 0.000000 0.000000 0.000000 0.000000 1.000000
0.983334 0.103595 -0.149405 0.004600 -0.106669 -0.336726 -0.935541 5.202800 -0.147226 0.935886 -0.320064 0.000000 0.000000 0.000000 0.000000 1.000000
0.983334 0.103595 -0.149405 0.004600 -0.106670 -0.336726 -0.935541 5.202800 -0.147226 0.935887 -0.320064 0.000000 0.000000 0.000000 0.000000 1.000000
0.983334 0.103595 -0.149406 0.004600 -0.106670 -0.336726 -0.935541 5.202800 -0.147226 0.935886 -0.320064 0.000000 0.000000 0.000000 0.000000 1.000000
0.983334 0.103595 -0.149405 0.004600 -0.106669 -0.336726 -0.935541 5.202800 -0.147226 0.935886 -0.320064 0.000000 0.000000 0.000000 0.000000 1.000000
0.983334 0.103595 -0.149405 0.004600 -0.106669 -0.336727 -0.935541 5.202800 -0.147226 0.935886 -0.320064 0.000000 0.000000 0.000000 0.000000 1.000000
0.983334 0.103595 -0.149405 0.004600 -0.106669 -0.336726 -0.935541 5.202800 -0.147226 0.935887 -0.320064 -0.000000 0.000000 0.000000 0.000000 1.000000
0.983334 0.103594 -0.149405 0.004600 -0.106670 -0.336727 -0.935541 5.202800 -0.147226 0.935886 -0.320064 0.000000 0.000000 0.000000 0.000000 1.000000
0.983334 0.103595 -0.149406 0.004600 -0.106670 -0.336726 -0.935541 5.202800 -0.147226 0.935887 -0.320064 0.000000 0.000000 0.000000 0.000000 1.000000
0.983334 0.103595 -0.149405 0.004600 -0.106669 -0.336726 -0.935541 5.202800 -0.147226 0.935887 -0.320064 0.000000 0.000000 0.000000 0.000000 1.000000
0.983334 0.103595 -0.149405 0.004600 -0.106670 -0.336726 -0.935541 5.202800 -0.147226 0.935887 -0.320064 0.000000 0.000000 0.000000 0.000000 1.000000
0.983334 0.103595 -0.149405 0.004600 -0.106670 -0.336726 -0.935541 5.202800 -0.147226 0.935887 -0.320064 0.000000 0.000000 0.000000 0.000000 1.000000
0.983334 0.103595 -0.149405 0.004600 -0.106669 -0.336727 -0.935541 5.202800 -0.147226 0.935886 -0.320064 -0.000000 0.000000 0.000000 0.000000 1.000000
0.983334 0.103595 -0.149405 0.004600 -0.106670 -0.336727 -0.935541 5.202800 -0.147226 0.935886 -0.320064 0.000000 0.000000 0.000000 0.000000 1.000000
0.983334 0.103595 -0.149405 0.004600 -0.106669 -0.336727 -0.935541 5.202800 -0.147226 0.935886 -0.320064 0.000000 0.000000 0.000000 0.000000 1.000000
0.983334 0.103595 -0.149405 0.004600 -0.106669 -0.336726 -0.935541 5.202800 -0.147226 0.935886 -0.320064 0.000000 0.000000 0.000000 0.000000 1.000000
0.983334 0.103595 -0.149405 0.004600 -0.106670 -0.336727 -0.935541 5.202800 -0.147226 0.935886 -0.320065 -0.000000 0.000000 0.000000 0.000000 1.000000
0.983334 0.103595 -0.149405 0.004600 -0.106669 -0.336726 -0.935541 5.202800 -0.147226 0.935886 -0.320064 0.000000 0.000000 0.000000 0.000000 1.000000
0.983334 0.103595 -0.149406 0.004600 -0.106670 -0.336727 -0.935541 5.202800 -0.147226 0.935886 -0.320064 0.000000 0.000000 0.000000 0.000000 1.000000
0.983334 0.103595 -0.149405 0.004600 -0.106669 -0.336726 -0.935541 5.202800 -0.147226 0.935886 -0.320064 -0.000000 0.000000 0.000000 0.000000 1.000000
0.983334 0.103595 -0.149405 0.004600 -0.106670 -0.336726 -0.935541 5.202800 -0.147226 0.935886 -0.320064 0.000000 0.000000 0.000000 0.000000 1.000000
0.983334 0.103595 -0.149405 0.004600 -0.106670 -0.336726 -0.935541 5.202800 -0.147226 0.935886 -0.320064 0.000000 0.000000 0.000000 0.000000 1.000000
0.983334 0.103595 -0.149405 0.004600 -0.106669 -0.336726 -0.935541 5.202800 -0.147226 0.935886 -0.320064 -0.000000 0.000000 0.000000 0.000000 1.000000
0.983334 0.103595 -0.149406 0.004600 -0.106670 -0.336726 -0.935541 5.202800 -0.147226 0.935887 -0.320064 0.000000 0.000000 0.000000 0.000000 1.000000
0.983334 0.103595 -0.149405 0.004600 -0.106670 -0.336726 -0.935541 5.202800 -0.147226 0.935887 -0.320064 0.000000 0.000000 0.000000 0.000000 1.000000
0.983334 0.103595 -0.149405 0.004600 -0.106669 -0.336726 -0.935541 5.202800 -0.147226 0.935886 -0.320064 -0.000000 0.000000 0.000000 0.000000 1.000000
0.983334 0.103595 -0.149405 0.004600 -0.106669 -0.336727 -0.935541 5.202800 -0.147226 0.935886 -0.320064 0.000000 0.000000 0.000000 0.000000 1.000000
0.983334 0.103595 -0.149405 0.004600 -0.106669 -0.336726 -0.935541 5.202800 -0.147226 0.935886 -0.320064 0.000000 0.000000 0.000000 0.000000 1.000000
0.983334 0.103595 -0.149406 0.004600 -0.106670 -0.336726 -0.935541 5.202800 -0.147226 0.935886 -0.320064 0.000000 0.000000 0.000000 0.000000 1.000000
0.983334 0.103595 -0.149406 0.004600 -0.106670 -0.336726 -0.935541 5.202800 -0.147226 0.935887 -0.320064 0.000000 0.000000 0.000000 0.000000 1.000000
0.983334 0.103595 -0.149406 0.004600 -0.106670 -0.336726 -0.935541 5.202800 -0.147226 0.935887 -0.320064 0.000000 0.000000 0.000000 0.000000 1.000000
0.983334 0.103595 -0.149405 0.004600 -0.106669 -0.336727 -0.935541 5.202800 -0.147226 0.935886 -0.320065 0.000000 0.000000 0.000000 0.000000 1.000000
0.983334 0.103595 -0.149405 0.004600 -0.106670 -0.336726 -0.935541 5.202800 -0.147226 0.935886 -0.320064 0.000000 0.000000 0.000000 0.000000 1.000000
0.983334 0.103595 -0.149405 0.004600 -0.106669 -0.336726 -0.935541 5.202800 -0.147226 0.935887 -0.320064 0.000000 0.000000 0.000000 0.000000 1.000000
0.983334 0.103595 -0.149405 0.004600 -0.106669 -0.336726 -0.935541 5.202800 -0.147226 0.935887 -0.320064 0.000000 0.000000 0.000000 0.000000 1.000000
0.983334 0.103595 -0.149405 0.004600 -0.106669 -0.336726 -0.935541 5.202800 -0.147226 0.935886 -0.320064 0.000000 0.000000 0.000000 0.000000 1.000000</float_array>
        <technique_common>
          <accessor source="#mixamorig_LeftHandMiddle3-Matrix-animation-output-transform-array" count="42" stride="16">
            <param type="float4x4"/>
          </accessor>
        </technique_common>
      </source>
      <source id="mixamorig_LeftHandMiddle3-Interpolations">
        <Name_array id="mixamorig_LeftHandMiddle3-Interpolations-array" count="42">
 LINEAR LINEAR LINEAR LINEAR LINEAR LINEAR LINEAR LINEAR LINEAR LINEAR LINEAR
LINEAR LINEAR LINEAR LINEAR LINEAR LINEAR LINEAR LINEAR LINEAR LINEAR LINEAR LINEAR
LINEAR LINEAR LINEAR LINEAR LINEAR LINEAR LINEAR LINEAR LINEAR LINEAR LINEAR LINEAR
LINEAR LINEAR LINEAR LINEAR LINEAR LINEAR LINEAR</Name_array>
        <technique_common>
          <accessor source="#mixamorig_LeftHandMiddle3-Interpolations-array" count="42">
            <param type="name"/>
          </accessor>
        </technique_common>
      </source>
      <sampler id="mixamorig_LeftHandMiddle3-Matrix-animation-transform">
        <input semantic="INPUT" source="#mixamorig_LeftHandMiddle3-Matrix-animation-input"/>
        <input semantic="OUTPUT" source="#mixamorig_LeftHandMiddle3-Matrix-animation-output-transform"/>
        <input semantic="INTERPOLATION" source="#mixamorig_LeftHandMiddle3-Interpolations"/>
      </sampler>
      <channel source="#mixamorig_LeftHandMiddle3-Matrix-animation-transform" target="mixamorig_LeftHandMiddle3/matrix"/>
    </animation>
    <animation id="mixamorig_LeftHandRing1-anim" name="mixamorig_LeftHandRing1">
      <source id="mixamorig_LeftHandRing1-Matrix-animation-input">
        <float_array id="mixamorig_LeftHandRing1-Matrix-animation-input-array" count="42">

0.000000 0.033333 0.066667 0.100000 0.133333 0.166667 0.200000 0.233333 0.266667 0.300000 0.333333 0.366667 0.400000 0.433333 0.466667 0.500000
0.533333 0.566667 0.600000 0.633333 0.666667 0.700000 0.733333 0.766667 0.800000 0.833333 0.866667 0.900000 0.933333 0.966667 1.000000 1.033333
1.066667 1.100000 1.133333 1.166667 1.200000 1.233333 1.266667 1.300000 1.333333 1.366667</float_array>
        <technique_common>
          <accessor source="#mixamorig_LeftHandRing1-Matrix-animation-input-array" count="42">
            <param name="TIME" type="float"/>
          </accessor>
        </technique_common>
      </source>
      <source id="mixamorig_LeftHandRing1-Matrix-animation-output-transform">
        <float_array id="mixamorig_LeftHandRing1-Matrix-animation-output-transform-array" count="672">

0.998211 0.045440 0.038865 2.070500 0.037416 0.032317 -0.998777 12.281600 -0.046640 0.998444 0.030559 -0.183500 0.000000 0.000000 0.000000 1.000000
0.998211 0.045440 0.038864 2.070500 0.037415 0.032316 -0.998777 12.281600 -0.046640 0.998444 0.030558 -0.183500 0.000000 0.000000 0.000000 1.000000
0.998211 0.045440 0.038865 2.070500 0.037415 0.032317 -0.998777 12.281600 -0.046640 0.998444 0.030559 -0.183500 0.000000 0.000000 0.000000 1.000000
0.998211 0.045440 0.038865 2.070500 0.037416 0.032317 -0.998777 12.281600 -0.046641 0.998444 0.030559 -0.183500 0.000000 0.000000 0.000000 1.000000
0.998211 0.045440 0.038865 2.070500 0.037416 0.032317 -0.998777 12.281600 -0.046640 0.998444 0.030559 -0.183500 0.000000 0.000000 0.000000 1.000000
0.998211 0.045440 0.038865 2.070500 0.037416 0.032317 -0.998777 12.281600 -0.046640 0.998444 0.030559 -0.183500 0.000000 0.000000 0.000000 1.000000
0.998211 0.045440 0.038865 2.070500 0.037416 0.032317 -0.998777 12.281600 -0.046640 0.998444 0.030559 -0.183500 0.000000 0.000000 0.000000 1.000000
0.998211 0.045440 0.038865 2.070500 0.037416 0.032317 -0.998777 12.281600 -0.046641 0.998444 0.030559 -0.183500 0.000000 0.000000 0.000000 1.000000
0.998211 0.045440 0.038865 2.070500 0.037416 0.032317 -0.998777 12.281600 -0.046640 0.998444 0.030559 -0.183500 0.000000 0.000000 0.000000 1.000000
0.998211 0.045440 0.038865 2.070500 0.037415 0.032317 -0.998777 12.281600 -0.046640 0.998444 0.030559 -0.183500 0.000000 0.000000 0.000000 1.000000
0.998211 0.045440 0.038865 2.070500 0.037416 0.032317 -0.998777 12.281600 -0.046640 0.998444 0.030559 -0.183500 0.000000 0.000000 0.000000 1.000000
0.998211 0.045440 0.038865 2.070500 0.037416 0.032317 -0.998777 12.281600 -0.046640 0.998444 0.030559 -0.183500 0.000000 0.000000 0.000000 1.000000
0.998211 0.045440 0.038865 2.070500 0.037416 0.032317 -0.998777 12.281600 -0.046640 0.998444 0.030559 -0.183500 0.000000 0.000000 0.000000 1.000000
0.998211 0.045440 0.038865 2.070500 0.037416 0.032317 -0.998777 12.281600 -0.046640 0.998444 0.030559 -0.183500 0.000000 0.000000 0.000000 1.000000
0.998211 0.045440 0.038864 2.070500 0.037415 0.032317 -0.998777 12.281600 -0.046640 0.998444 0.030559 -0.183500 0.000000 0.000000 0.000000 1.000000
0.998211 0.045440 0.038864 2.070500 0.037415 0.032318 -0.998777 12.281600 -0.046640 0.998444 0.030560 -0.183500 0.000000 0.000000 0.000000 1.000000
0.998211 0.045440 0.038865 2.070500 0.037416 0.032317 -0.998777 12.281600 -0.046640 0.998444 0.030559 -0.183500 0.000000 0.000000 0.000000 1.000000
0.998211 0.045440 0.038865 2.070500 0.037416 0.032317 -0.998777 12.281600 -0.046640 0.998444 0.030559 -0.183500 0.000000 0.000000 0.000000 1.000000
0.998211 0.045440 0.038865 2.070500 0.037416 0.032318 -0.998777 12.281600 -0.046640 0.998444 0.030560 -0.183500 0.000000 0.000000 0.000000 1.000000
0.998211 0.045440 0.038864 2.070500 0.037415 0.032317 -0.998777 12.281600 -0.046640 0.998444 0.030559 -0.183500 0.000000 0.000000 0.000000 1.000000
0.998211 0.045440 0.038865 2.070500 0.037416 0.032317 -0.998777 12.281600 -0.046640 0.998444 0.030559 -0.183500 0.000000 0.000000 0.000000 1.000000
0.998211 0.045440 0.038865 2.070500 0.037416 0.032317 -0.998777 12.281600 -0.046640 0.998444 0.030559 -0.183500 0.000000 0.000000 0.000000 1.000000
0.998211 0.045440 0.038865 2.070500 0.037416 0.032317 -0.998777 12.281600 -0.046640 0.998444 0.030559 -0.183500 0.000000 0.000000 0.000000 1.000000
0.998211 0.045440 0.038865 2.070500 0.037416 0.032317 -0.998777 12.281600 -0.046640 0.998444 0.030559 -0.183500 0.000000 0.000000 0.000000 1.000000
0.998211 0.045440 0.038864 2.070500 0.037415 0.032317 -0.998777 12.281600 -0.046640 0.998444 0.030559 -0.183500 0.000000 0.000000 0.000000 1.000000
0.998211 0.045440 0.038865 2.070500 0.037416 0.032317 -0.998777 12.281600 -0.046640 0.998444 0.030559 -0.183500 0.000000 0.000000 0.000000 1.000000
0.998211 0.045440 0.038865 2.070500 0.037416 0.032317 -0.998777 12.281600 -0.046640 0.998444 0.030559 -0.183500 0.000000 0.000000 0.000000 1.000000
0.998211 0.045440 0.038865 2.070500 0.037416 0.032317 -0.998777 12.281600 -0.046640 0.998444 0.030559 -0.183500 0.000000 0.000000 0.000000 1.000000
0.998211 0.045440 0.038865 2.070500 0.037416 0.032317 -0.998777 12.281600 -0.046640 0.998444 0.030559 -0.183500 0.000000 0.000000 0.000000 1.000000
0.998211 0.045440 0.038864 2.070500 0.037415 0.032316 -0.998777 12.281600 -0.046641 0.998444 0.030558 -0.183500 0.000000 0.000000 0.000000 1.000000
0.998211 0.045440 0.038864 2.070500 0.037415 0.032317 -0.998777 12.281600 -0.046640 0.998444 0.030559 -0.183500 0.000000 0.000000 0.000000 1.000000
0.998211 0.045440 0.038865 2.070500 0.037416 0.032317 -0.998777 12.281600 -0.046640 0.998444 0.030559 -0.183500 0.000000 0.000000 0.000000 1.000000
0.998211 0.045440 0.038865 2.070500 0.037415 0.032317 -0.998777 12.281600 -0.046640 0.998444 0.030559 -0.183500 0.000000 0.000000 0.000000 1.000000
0.998211 0.045440 0.038865 2.070500 0.037416 0.032317 -0.998777 12.281600 -0.046641 0.998444 0.030559 -0.183500 0.000000 0.000000 0.000000 1.000000
0.998211 0.045440 0.038864 2.070500 0.037415 0.032317 -0.998777 12.281600 -0.046641 0.998444 0.030559 -0.183500 0.000000 0.000000 0.000000 1.000000
0.998211 0.045440 0.038865 2.070500 0.037416 0.032317 -0.998777 12.281600 -0.046640 0.998444 0.030559 -0.183500 0.000000 0.000000 0.000000 1.000000
0.998211 0.045440 0.038865 2.070500 0.037416 0.032317 -0.998777 12.281600 -0.046640 0.998444 0.030559 -0.183500 0.000000 0.000000 0.000000 1.000000
0.998211 0.045440 0.038865 2.070500 0.037416 0.032317 -0.998777 12.281600 -0.046640 0.998444 0.030559 -0.183500 0.000000 0.000000 0.000000 1.000000
0.998211 0.045440 0.038865 2.070500 0.037416 0.032317 -0.998777 12.281600 -0.046640 0.998444 0.030559 -0.183500 0.000000 0.000000 0.000000 1.000000
0.998211 0.045440 0.038865 2.070500 0.037415 0.032317 -0.998777 12.281600 -0.046641 0.998444 0.030559 -0.183500 0.000000 0.000000 0.000000 1.000000
0.998211 0.045440 0.038865 2.070500 0.037415 0.032317 -0.998777 12.281600 -0.046640 0.998444 0.030559 -0.183500 0.000000 0.000000 0.000000 1.000000
0.998211 0.045440 0.038865 2.070500 0.037416 0.032317 -0.998777 12.281600 -0.046640 0.998444 0.030559 -0.183500 0.000000 0.000000 0.000000 1.000000</float_array>
        <technique_common>
          <accessor source="#mixamorig_LeftHandRing1-Matrix-animation-output-transform-array" count="42" stride="16">
            <param type="float4x4"/>
          </accessor>
        </technique_common>
      </source>
      <source id="mixamorig_LeftHandRing1-Interpolations">
        <Name_array id="mixamorig_LeftHandRing1-Interpolations-array" count="42">
 LINEAR LINEAR LINEAR LINEAR LINEAR LINEAR LINEAR LINEAR LINEAR LINEAR LINEAR
LINEAR LINEAR LINEAR LINEAR LINEAR LINEAR LINEAR LINEAR LINEAR LINEAR LINEAR LINEAR
LINEAR LINEAR LINEAR LINEAR LINEAR LINEAR LINEAR LINEAR LINEAR LINEAR LINEAR LINEAR
LINEAR LINEAR LINEAR LINEAR LINEAR LINEAR LINEAR</Name_array>
        <technique_common>
          <accessor source="#mixamorig_LeftHandRing1-Interpolations-array" count="42">
            <param type="name"/>
          </accessor>
        </technique_common>
      </source>
      <sampler id="mixamorig_LeftHandRing1-Matrix-animation-transform">
        <input semantic="INPUT" source="#mixamorig_LeftHandRing1-Matrix-animation-input"/>
        <input semantic="OUTPUT" source="#mixamorig_LeftHandRing1-Matrix-animation-output-transform"/>
        <input semantic="INTERPOLATION" source="#mixamorig_LeftHandRing1-Interpolations"/>
      </sampler>
      <channel source="#mixamorig_LeftHandRing1-Matrix-animation-transform" target="mixamorig_LeftHandRing1/matrix"/>
    </animation>
    <animation id="mixamorig_LeftHandRing2-anim" name="mixamorig_LeftHandRing2">
      <source id="mixamorig_LeftHandRing2-Matrix-animation-input">
        <float_array id="mixamorig_LeftHandRing2-Matrix-animation-input-array" count="42">

0.000000 0.033333 0.066667 0.100000 0.133333 0.166667 0.200000 0.233333 0.266667 0.300000 0.333333 0.366667 0.400000 0.433333 0.466667 0.500000
0.533333 0.566667 0.600000 0.633333 0.666667 0.700000 0.733333 0.766667 0.800000 0.833333 0.866667 0.900000 0.933333 0.966667 1.000000 1.033333
1.066667 1.100000 1.133333 1.166667 1.200000 1.233333 1.266667 1.300000 1.333333 1.366667</float_array>
        <technique_common>
          <accessor source="#mixamorig_LeftHandRing2-Matrix-animation-input-array" count="42">
            <param name="TIME" type="float"/>
          </accessor>
        </technique_common>
      </source>
      <source id="mixamorig_LeftHandRing2-Matrix-animation-output-transform">
        <float_array id="mixamorig_LeftHandRing2-Matrix-animation-output-transform-array" count="672">

0.984677 0.104967 -0.139261 -0.012400 -0.101043 -0.307446 -0.946186 4.691400 -0.142133 0.945758 -0.292128 0.000000 0.000000 0.000000 0.000000 1.000000
0.984677 0.104967 -0.139261 -0.012400 -0.101043 -0.307446 -0.946186 4.691400 -0.142133 0.945758 -0.292129 0.000000 0.000000 0.000000 0.000000 1.000000
0.984677 0.104967 -0.139261 -0.012400 -0.101043 -0.307446 -0.946186 4.691400 -0.142134 0.945758 -0.292128 0.000000 0.000000 0.000000 0.000000 1.000000
0.984677 0.104967 -0.139260 -0.012400 -0.101043 -0.307446 -0.946186 4.691400 -0.142133 0.945758 -0.292129 -0.000000 0.000000 0.000000 0.000000 1.000000
0.984677 0.104967 -0.139260 -0.012400 -0.101043 -0.307446 -0.946186 4.691400 -0.142133 0.945758 -0.292129 0.000000 0.000000 0.000000 0.000000 1.000000
0.984677 0.104967 -0.139260 -0.012400 -0.101043 -0.307445 -0.946186 4.691400 -0.142134 0.945759 -0.292128 0.000000 0.000000 0.000000 0.000000 1.000000
0.984677 0.104967 -0.139260 -0.012400 -0.101043 -0.307446 -0.946186 4.691400 -0.142134 0.945758 -0.292129 0.000000 0.000000 0.000000 0.000000 1.000000
0.984677 0.104967 -0.139260 -0.012400 -0.101043 -0.307446 -0.946186 4.691400 -0.142133 0.945758 -0.292129 0.000000 0.000000 0.000000 0.000000 1.000000
0.984677 0.104967 -0.139260 -0.012400 -0.101043 -0.307446 -0.946186 4.691400 -0.142133 0.945758 -0.292129 0.000000 0.000000 0.000000 0.000000 1.000000
0.984677 0.104967 -0.139260 -0.012400 -0.101042 -0.307446 -0.946186 4.691400 -0.142134 0.945758 -0.292129 0.000000 0.000000 0.000000 0.000000 1.000000
0.984677 0.104967 -0.139260 -0.012400 -0.101043 -0.307446 -0.946186 4.691400 -0.142134 0.945758 -0.292128 0.000000 0.000000 0.000000 0.000000 1.000000
0.984677 0.104967 -0.139261 -0.012400 -0.101043 -0.307445 -0.946186 4.691400 -0.142134 0.945759 -0.292128 0.000000 0.000000 0.000000 0.000000 1.000000
0.984677 0.104967 -0.139260 -0.012400 -0.101043 -0.307446 -0.946186 4.691400 -0.142133 0.945758 -0.292129 0.000000 0.000000 0.000000 0.000000 1.000000
0.984677 0.104967 -0.139260 -0.012400 -0.101043 -0.307446 -0.946186 4.691400 -0.142133 0.945758 -0.292129 0.000000 0.000000 0.000000 0.000000 1.000000
0.984677 0.104967 -0.139260 -0.012400 -0.101043 -0.307446 -0.946186 4.691400 -0.142133 0.945758 -0.292128 0.000000 0.000000 0.000000 0.000000 1.000000
0.984677 0.104967 -0.139261 -0.012400 -0.101043 -0.307445 -0.946186 4.691400 -0.142134 0.945759 -0.292128 0.000000 0.000000 0.000000 0.000000 1.000000
0.984677 0.104967 -0.139261 -0.012400 -0.101043 -0.307446 -0.946186 4.691400 -0.142134 0.945758 -0.292129 0.000000 0.000000 0.000000 0.000000 1.000000
0.984677 0.104967 -0.139260 -0.012400 -0.101043 -0.307445 -0.946186 4.691400 -0.142133 0.945759 -0.292128 0.000000 0.000000 0.000000 0.000000 1.000000
0.984677 0.104967 -0.139261 -0.012400 -0.101043 -0.307446 -0.946186 4.691400 -0.142134 0.945758 -0.292129 -0.000000 0.000000 0.000000 0.000000 1.000000
0.984677 0.104967 -0.139261 -0.012400 -0.101043 -0.307446 -0.946186 4.691400 -0.142133 0.945758 -0.292129 0.000000 0.000000 0.000000 0.000000 1.000000
0.984677 0.104967 -0.139260 -0.012400 -0.101043 -0.307446 -0.946186 4.691400 -0.142133 0.945758 -0.292128 0.000000 0.000000 0.000000 0.000000 1.000000
0.984677 0.104967 -0.139260 -0.012400 -0.101043 -0.307446 -0.946186 4.691400 -0.142133 0.945758 -0.292129 0.000000 0.000000 0.000000 0.000000 1.000000
0.984677 0.104967 -0.139261 -0.012400 -0.101043 -0.307446 -0.946186 4.691400 -0.142134 0.945758 -0.292129 0.000000 0.000000 0.000000 0.000000 1.000000
0.984677 0.104967 -0.139260 -0.012400 -0.101043 -0.307446 -0.946186 4.691400 -0.142133 0.945758 -0.292129 0.000000 0.000000 0.000000 0.000000 1.000000
0.984677 0.104967 -0.139261 -0.012400 -0.101043 -0.307446 -0.946186 4.691400 -0.142134 0.945758 -0.292129 0.000000 0.000000 0.000000 0.000000 1.000000
0.984677 0.104967 -0.139260 -0.012400 -0.101043 -0.307447 -0.946185 4.691400 -0.142133 0.945758 -0.292129 0.000000 0.000000 0.000000 0.000000 1.000000
0.984677 0.104967 -0.139260 -0.012400 -0.101043 -0.307445 -0.946186 4.691400 -0.142133 0.945759 -0.292128 0.000000 0.000000 0.000000 0.000000 1.000000
0.984677 0.104967 -0.139261 -0.012400 -0.101043 -0.307446 -0.946186 4.691400 -0.142133 0.945758 -0.292129 -0.000000 0.000000 0.000000 0.000000 1.000000
0.984677 0.104967 -0.139260 -0.012400 -0.101043 -0.307446 -0.946186 4.691400 -0.142133 0.945758 -0.292129 0.000000 0.000000 0.000000 0.000000 1.000000
0.984677 0.104967 -0.139260 -0.012400 -0.101043 -0.307446 -0.946186 4.691400 -0.142134 0.945758 -0.292128 0.000000 0.000000 0.000000 0.000000 1.000000
0.984677 0.104967 -0.139260 -0.012400 -0.101043 -0.307445 -0.946186 4.691400 -0.142134 0.945759 -0.292128 -0.000000 0.000000 0.000000 0.000000 1.000000
0.984677 0.104967 -0.139260 -0.012400 -0.101043 -0.307446 -0.946186 4.691400 -0.142134 0.945758 -0.292129 -0.000000 0.000000 0.000000 0.000000 1.000000
0.984677 0.104967 -0.139260 -0.012400 -0.101043 -0.307446 -0.946186 4.691400 -0.142134 0.945758 -0.292128 0.000000 0.000000 0.000000 0.000000 1.000000
0.984677 0.104967 -0.139260 -0.012400 -0.101043 -0.307446 -0.946186 4.691400 -0.142133 0.945758 -0.292129 -0.000000 0.000000 0.000000 0.000000 1.000000
0.984677 0.104967 -0.139261 -0.012400 -0.101043 -0.307446 -0.946186 4.691400 -0.142134 0.945758 -0.292129 0.000000 0.000000 0.000000 0.000000 1.000000
0.984677 0.104967 -0.139261 -0.012400 -0.101043 -0.307446 -0.946186 4.691400 -0.142133 0.945758 -0.292129 -0.000000 0.000000 0.000000 0.000000 1.000000
0.984677 0.104967 -0.139260 -0.012400 -0.101043 -0.307445 -0.946186 4.691400 -0.142134 0.945758 -0.292128 0.000000 0.000000 0.000000 0.000000 1.000000
0.984677 0.104967 -0.139260 -0.012400 -0.101043 -0.307446 -0.946186 4.691400 -0.142133 0.945758 -0.292129 0.000000 0.000000 0.000000 0.000000 1.000000
0.984677 0.104967 -0.139261 -0.012400 -0.101043 -0.307446 -0.946186 4.691400 -0.142133 0.945758 -0.292128 0.000000 0.000000 0.000000 0.000000 1.000000
0.984677 0.104967 -0.139261 -0.012400 -0.101043 -0.307446 -0.946186 4.691400 -0.142134 0.945758 -0.292129 0.000000 0.000000 0.000000 0.000000 1.000000
0.984677 0.104967 -0.139261 -0.012400 -0.101043 -0.307446 -0.946186 4.691400 -0.142133 0.945758 -0.292128 0.000000 0.000000 0.000000 0.000000 1.000000
0.984677 0.104967 -0.139260 -0.012400 -0.101043 -0.307446 -0.946186 4.691400 -0.142134 0.945758 -0.292128 0.000000 0.000000 0.000000 0.000000 1.000000</float_array>
        <technique_common>
          <accessor source="#mixamorig_LeftHandRing2-Matrix-animation-output-transform-array" count="42" stride="16">
            <param type="float4x4"/>
          </accessor>
        </technique_common>
      </source>
      <source id="mixamorig_LeftHandRing2-Interpolations">
        <Name_array id="mixamorig_LeftHandRing2-Interpolations-array" count="42">
 LINEAR LINEAR LINEAR LINEAR LINEAR LINEAR LINEAR LINEAR LINEAR LINEAR LINEAR
LINEAR LINEAR LINEAR LINEAR LINEAR LINEAR LINEAR LINEAR LINEAR LINEAR LINEAR LINEAR
LINEAR LINEAR LINEAR LINEAR LINEAR LINEAR LINEAR LINEAR LINEAR LINEAR LINEAR LINEAR
LINEAR LINEAR LINEAR LINEAR LINEAR LINEAR LINEAR</Name_array>
        <technique_common>
          <accessor source="#mixamorig_LeftHandRing2-Interpolations-array" count="42">
            <param type="name"/>
          </accessor>
        </technique_common>
      </source>
      <sampler id="mixamorig_LeftHandRing2-Matrix-animation-transform">
        <input semantic="INPUT" source="#mixamorig_LeftHandRing2-Matrix-animation-input"/>
        <input semantic="OUTPUT" source="#mixamorig_LeftHandRing2-Matrix-animation-output-transform"/>
        <input semantic="INTERPOLATION" source="#mixamorig_LeftHandRing2-Interpolations"/>
      </sampler>
      <channel source="#mixamorig_LeftHandRing2-Matrix-animation-transform" target="mixamorig_LeftHandRing2/matrix"/>
    </animation>
    <animation id="mixamorig_LeftHandRing3-anim" name="mixamorig_LeftHandRing3">
      <source id="mixamorig_LeftHandRing3-Matrix-animation-input">
        <float_array id="mixamorig_LeftHandRing3-Matrix-animation-input-array" count="42">

0.000000 0.033333 0.066667 0.100000 0.133333 0.166667 0.200000 0.233333 0.266667 0.300000 0.333333 0.366667 0.400000 0.433333 0.466667 0.500000
0.533333 0.566667 0.600000 0.633333 0.666667 0.700000 0.733333 0.766667 0.800000 0.833333 0.866667 0.900000 0.933333 0.966667 1.000000 1.033333
1.066667 1.100000 1.133333 1.166667 1.200000 1.233333 1.266667 1.300000 1.333333 1.366667</float_array>
        <technique_common>
          <accessor source="#mixamorig_LeftHandRing3-Matrix-animation-input-array" count="42">
            <param name="TIME" type="float"/>
          </accessor>
        </technique_common>
      </source>
      <source id="mixamorig_LeftHandRing3-Matrix-animation-output-transform">
        <float_array id="mixamorig_LeftHandRing3-Matrix-animation-output-transform-array" count="672">

0.985715 0.101887 -0.134105 -0.002100 -0.106108 -0.242658 -0.964291 4.518300 -0.130790 0.964747 -0.228381 0.000000 0.000000 0.000000 0.000000 1.000000
0.985715 0.101887 -0.134105 -0.002100 -0.106108 -0.242658 -0.964291 4.518300 -0.130790 0.964747 -0.228381 0.000000 0.000000 0.000000 0.000000 1.000000
0.985716 0.101887 -0.134104 -0.002100 -0.106108 -0.242658 -0.964291 4.518300 -0.130790 0.964747 -0.228381 0.000000 0.000000 0.000000 0.000000 1.000000
0.985715 0.101886 -0.134105 -0.002100 -0.106109 -0.242658 -0.964291 4.518300 -0.130790 0.964747 -0.228381 0.000000 0.000000 0.000000 0.000000 1.000000
0.985716 0.101886 -0.134105 -0.002100 -0.106108 -0.242658 -0.964291 4.518300 -0.130790 0.964747 -0.228381 0.000000 0.000000 0.000000 0.000000 1.000000
0.985716 0.101886 -0.134105 -0.002100 -0.106108 -0.242659 -0.964291 4.518300 -0.130790 0.964747 -0.228381 0.000000 0.000000 0.000000 0.000000 1.000000
0.985715 0.101887 -0.134105 -0.002100 -0.106108 -0.242658 -0.964291 4.518300 -0.130790 0.964747 -0.228381 0.000000 0.000000 0.000000 0.000000 1.000000
0.985716 0.101887 -0.134105 -0.002100 -0.106108 -0.242658 -0.964292 4.518300 -0.130790 0.964747 -0.228381 0.000000 0.000000 0.000000 0.000000 1.000000
0.985716 0.101887 -0.134105 -0.002100 -0.106108 -0.242659 -0.964291 4.518300 -0.130790 0.964746 -0.228382 0.000000 0.000000 0.000000 0.000000 1.000000
0.985716 0.101887 -0.134104 -0.002100 -0.106108 -0.242658 -0.964291 4.518300 -0.130790 0.964747 -0.228381 -0.000000 0.000000 0.000000 0.000000 1.000000
0.985716 0.101887 -0.134104 -0.002100 -0.106108 -0.242658 -0.964292 4.518300 -0.130790 0.964747 -0.228381 -0.000000 0.000000 0.000000 0.000000 1.000000
0.985715 0.101887 -0.134105 -0.002100 -0.106108 -0.242658 -0.964291 4.518300 -0.130790 0.964747 -0.228381 -0.000000 0.000000 0.000000 0.000000 1.000000
0.985716 0.101886 -0.134105 -0.002100 -0.106108 -0.242659 -0.964291 4.518300 -0.130790 0.964747 -0.228381 0.000000 0.000000 0.000000 0.000000 1.000000
0.985716 0.101887 -0.134104 -0.002100 -0.106108 -0.242658 -0.964292 4.518300 -0.130790 0.964747 -0.228381 0.000000 0.000000 0.000000 0.000000 1.000000
0.985716 0.101887 -0.134105 -0.002100 -0.106108 -0.242658 -0.964291 4.518300 -0.130790 0.964747 -0.228381 -0.000000 0.000000 0.000000 0.000000 1.000000
0.985716 0.101886 -0.134105 -0.002100 -0.106108 -0.242658 -0.964291 4.518300 -0.130790 0.964747 -0.228381 0.000000 0.000000 0.000000 0.000000 1.000000
0.985716 0.101887 -0.134105 -0.002100 -0.106108 -0.242658 -0.964291 4.518300 -0.130790 0.964747 -0.228381 0.000000 0.000000 0.000000 0.000000 1.000000
0.985716 0.101886 -0.134105 -0.002100 -0.106108 -0.242658 -0.964291 4.518300 -0.130790 0.964747 -0.228381 0.000000 0.000000 0.000000 0.000000 1.000000
0.985716 0.101887 -0.134105 -0.002100 -0.106108 -0.242658 -0.964291 4.518300 -0.130790 0.964747 -0.228381 0.000000 0.000000 0.000000 0.000000 1.000000
0.985716 0.101887 -0.134105 -0.002100 -0.106108 -0.242659 -0.964291 4.518300 -0.130790 0.964747 -0.228381 0.000000 0.000000 0.000000 0.000000 1.000000
0.985716 0.101887 -0.134105 -0.002100 -0.106108 -0.242658 -0.964291 4.518300 -0.130790 0.964747 -0.228381 -0.000000 0.000000 0.000000 0.000000 1.000000
0.985716 0.101886 -0.134105 -0.002100 -0.106108 -0.242658 -0.964291 4.518300 -0.130790 0.964747 -0.228381 0.000000 0.000000 0.000000 0.000000 1.000000
0.985716 0.101887 -0.134105 -0.002100 -0.106108 -0.242658 -0.964291 4.518300 -0.130790 0.964747 -0.228381 -0.000000 0.000000 0.000000 0.000000 1.000000
0.985716 0.101887 -0.134105 -0.002100 -0.106108 -0.242658 -0.964291 4.518300 -0.130790 0.964747 -0.228381 0.000000 0.000000 0.000000 0.000000 1.000000
0.985716 0.101887 -0.134105 -0.002100 -0.106108 -0.242659 -0.964291 4.518300 -0.130790 0.964747 -0.228381 0.000000 0.000000 0.000000 0.000000 1.000000
0.985716 0.101886 -0.134105 -0.002100 -0.106108 -0.242658 -0.964291 4.518300 -0.130790 0.964747 -0.228381 0.000000 0.000000 0.000000 0.000000 1.000000
0.985715 0.101887 -0.134105 -0.002100 -0.106108 -0.242658 -0.964291 4.518300 -0.130790 0.964747 -0.228381 0.000000 0.000000 0.000000 0.000000 1.000000
0.985716 0.101887 -0.134105 -0.002100 -0.106108 -0.242658 -0.964291 4.518300 -0.130790 0.964747 -0.228381 0.000000 0.000000 0.000000 0.000000 1.000000
0.985716 0.101886 -0.134104 -0.002100 -0.106108 -0.242658 -0.964292 4.518300 -0.130790 0.964747 -0.228381 -0.000000 0.000000 0.000000 0.000000 1.000000
0.985716 0.101886 -0.134104 -0.002100 -0.106108 -0.242659 -0.964291 4.518300 -0.130790 0.964747 -0.228381 -0.000000 0.000000 0.000000 0.000000 1.000000
0.985716 0.101887 -0.134105 -0.002100 -0.106108 -0.242659 -0.964291 4.518300 -0.130790 0.964747 -0.228382 0.000000 0.000000 0.000000 0.000000 1.000000
0.985716 0.101886 -0.134104 -0.002100 -0.106108 -0.242659 -0.964291 4.518300 -0.130790 0.964747 -0.228382 0.000000 0.000000 0.000000 0.000000 1.000000
0.985716 0.101887 -0.134104 -0.002100 -0.106108 -0.242658 -0.964291 4.518300 -0.130790 0.964747 -0.228381 0.000000 0.000000 0.000000 0.000000 1.000000
0.985716 0.101886 -0.134104 -0.002100 -0.106108 -0.242659 -0.964291 4.518300 -0.130790 0.964747 -0.228381 0.000000 0.000000 0.000000 0.000000 1.000000
0.985716 0.101887 -0.134104 -0.002100 -0.106107 -0.242659 -0.964291 4.518300 -0.130790 0.964747 -0.228381 0.000000 0.000000 0.000000 0.000000 1.000000
0.985716 0.101887 -0.134104 -0.002100 -0.106108 -0.242658 -0.964291 4.518300 -0.130790 0.964747 -0.228381 -0.000000 0.000000 0.000000 0.000000 1.000000
0.985716 0.101887 -0.134104 -0.002100 -0.106108 -0.242658 -0.964292 4.518300 -0.130790 0.964747 -0.228381 0.000000 0.000000 0.000000 0.000000 1.000000
0.985716 0.101886 -0.134105 -0.002100 -0.106108 -0.242658 -0.964291 4.518300 -0.130790 0.964747 -0.228381 0.000000 0.000000 0.000000 0.000000 1.000000
0.985716 0.101887 -0.134105 -0.002100 -0.106108 -0.242658 -0.964291 4.518300 -0.130790 0.964747 -0.228381 0.000000 0.000000 0.000000 0.000000 1.000000
0.985716 0.101887 -0.134104 -0.002100 -0.106108 -0.242658 -0.964292 4.518300 -0.130790 0.964747 -0.228381 0.000000 0.000000 0.000000 0.000000 1.000000
0.985715 0.101887 -0.134105 -0.002100 -0.106108 -0.242659 -0.964291 4.518300 -0.130790 0.964747 -0.228381 0.000000 0.000000 0.000000 0.000000 1.000000
0.985716 0.101886 -0.134105 -0.002100 -0.106108 -0.242658 -0.964291 4.518300 -0.130790 0.964747 -0.228381 -0.000000 0.000000 0.000000 0.000000 1.000000</float_array>
        <technique_common>
          <accessor source="#mixamorig_LeftHandRing3-Matrix-animation-output-transform-array" count="42" stride="16">
            <param type="float4x4"/>
          </accessor>
        </technique_common>
      </source>
      <source id="mixamorig_LeftHandRing3-Interpolations">
        <Name_array id="mixamorig_LeftHandRing3-Interpolations-array" count="42">
 LINEAR LINEAR LINEAR LINEAR LINEAR LINEAR LINEAR LINEAR LINEAR LINEAR LINEAR
LINEAR LINEAR LINEAR LINEAR LINEAR LINEAR LINEAR LINEAR LINEAR LINEAR LINEAR LINEAR
LINEAR LINEAR LINEAR LINEAR LINEAR LINEAR LINEAR LINEAR LINEAR LINEAR LINEAR LINEAR
LINEAR LINEAR LINEAR LINEAR LINEAR LINEAR LINEAR</Name_array>
        <technique_common>
          <accessor source="#mixamorig_LeftHandRing3-Interpolations-array" count="42">
            <param type="name"/>
          </accessor>
        </technique_common>
      </source>
      <sampler id="mixamorig_LeftHandRing3-Matrix-animation-transform">
        <input semantic="INPUT" source="#mixamorig_LeftHandRing3-Matrix-animation-input"/>
        <input semantic="OUTPUT" source="#mixamorig_LeftHandRing3-Matrix-animation-output-transform"/>
        <input semantic="INTERPOLATION" source="#mixamorig_LeftHandRing3-Interpolations"/>
      </sampler>
      <channel source="#mixamorig_LeftHandRing3-Matrix-animation-transform" target="mixamorig_LeftHandRing3/matrix"/>
    </animation>
    <animation id="mixamorig_LeftHandPinky1-anim" name="mixamorig_LeftHandPinky1">
      <source id="mixamorig_LeftHandPinky1-Matrix-animation-input">
        <float_array id="mixamorig_LeftHandPinky1-Matrix-animation-input-array" count="42">

0.000000 0.033333 0.066667 0.100000 0.133333 0.166667 0.200000 0.233333 0.266667 0.300000 0.333333 0.366667 0.400000 0.433333 0.466667 0.500000
0.533333 0.566667 0.600000 0.633333 0.666667 0.700000 0.733333 0.766667 0.800000 0.833333 0.866667 0.900000 0.933333 0.966667 1.000000 1.033333
1.066667 1.100000 1.133333 1.166667 1.200000 1.233333 1.266667 1.300000 1.333333 1.366667</float_array>
        <technique_common>
          <accessor source="#mixamorig_LeftHandPinky1-Matrix-animation-input-array" count="42">
            <param name="TIME" type="float"/>
          </accessor>
        </technique_common>
      </source>
      <source id="mixamorig_LeftHandPinky1-Matrix-animation-output-transform">
        <float_array id="mixamorig_LeftHandPinky1-Matrix-animation-output-transform-array" count="672">

0.999417 0.011003 0.032318 5.427700 0.032813 -0.048271 -0.998295 11.411600 -0.009424 0.998774 -0.048604 0.277100 0.000000 0.000000 0.000000 1.000000
0.999417 0.011003 0.032318 5.427700 0.032814 -0.048271 -0.998295 11.411600 -0.009425 0.998774 -0.048603 0.277100 0.000000 0.000000 0.000000 1.000000
0.999417 0.011003 0.032319 5.427700 0.032814 -0.048270 -0.998295 11.411600 -0.009424 0.998774 -0.048603 0.277100 0.000000 0.000000 0.000000 1.000000
0.999417 0.011003 0.032318 5.427700 0.032814 -0.048270 -0.998295 11.411600 -0.009424 0.998774 -0.048603 0.277100 0.000000 0.000000 0.000000 1.000000
0.999417 0.011003 0.032319 5.427700 0.032814 -0.048270 -0.998295 11.411600 -0.009425 0.998774 -0.048603 0.277100 0.000000 0.000000 0.000000 1.000000
0.999417 0.011003 0.032319 5.427700 0.032814 -0.048270 -0.998295 11.411600 -0.009424 0.998774 -0.048603 0.277100 0.000000 0.000000 0.000000 1.000000
0.999417 0.011003 0.032319 5.427700 0.032814 -0.048270 -0.998295 11.411600 -0.009424 0.998774 -0.048603 0.277100 0.000000 0.000000 0.000000 1.000000
0.999417 0.011003 0.032319 5.427700 0.032814 -0.048270 -0.998295 11.411600 -0.009424 0.998774 -0.048603 0.277100 0.000000 0.000000 0.000000 1.000000
0.999417 0.011003 0.032319 5.427700 0.032814 -0.048270 -0.998295 11.411600 -0.009424 0.998774 -0.048603 0.277100 0.000000 0.000000 0.000000 1.000000
0.999417 0.011003 0.032318 5.427700 0.032813 -0.048271 -0.998295 11.411600 -0.009425 0.998774 -0.048603 0.277100 0.000000 0.000000 0.000000 1.000000
0.999417 0.011003 0.032318 5.427700 0.032813 -0.048270 -0.998295 11.411600 -0.009424 0.998774 -0.048603 0.277100 0.000000 0.000000 0.000000 1.000000
0.999417 0.011003 0.032319 5.427700 0.032814 -0.048270 -0.998295 11.411600 -0.009424 0.998774 -0.048603 0.277100 0.000000 0.000000 0.000000 1.000000
0.999417 0.011003 0.032318 5.427700 0.032813 -0.048270 -0.998295 11.411600 -0.009424 0.998774 -0.048603 0.277100 0.000000 0.000000 0.000000 1.000000
0.999417 0.011003 0.032319 5.427700 0.032814 -0.048271 -0.998295 11.411600 -0.009424 0.998774 -0.048603 0.277100 0.000000 0.000000 0.000000 1.000000
0.999417 0.011003 0.032318 5.427700 0.032813 -0.048270 -0.998295 11.411600 -0.009424 0.998774 -0.048603 0.277100 0.000000 0.000000 0.000000 1.000000
0.999417 0.011003 0.032318 5.427700 0.032813 -0.048270 -0.998295 11.411600 -0.009424 0.998774 -0.048603 0.277100 0.000000 0.000000 0.000000 1.000000
0.999417 0.011003 0.032318 5.427700 0.032813 -0.048270 -0.998295 11.411600 -0.009424 0.998774 -0.048603 0.277100 0.000000 0.000000 0.000000 1.000000
0.999417 0.011003 0.032318 5.427700 0.032814 -0.048270 -0.998295 11.411600 -0.009424 0.998774 -0.048603 0.277100 0.000000 0.000000 0.000000 1.000000
0.999417 0.011003 0.032319 5.427700 0.032814 -0.048270 -0.998295 11.411600 -0.009424 0.998774 -0.048603 0.277100 0.000000 0.000000 0.000000 1.000000
0.999417 0.011003 0.032318 5.427700 0.032814 -0.048270 -0.998295 11.411600 -0.009424 0.998774 -0.048603 0.277100 0.000000 0.000000 0.000000 1.000000
0.999417 0.011003 0.032318 5.427700 0.032814 -0.048270 -0.998295 11.411600 -0.009424 0.998774 -0.048603 0.277100 0.000000 0.000000 0.000000 1.000000
0.999417 0.011003 0.032318 5.427700 0.032814 -0.048270 -0.998295 11.411600 -0.009424 0.998774 -0.048603 0.277100 0.000000 0.000000 0.000000 1.000000
0.999417 0.011003 0.032318 5.427700 0.032813 -0.048270 -0.998295 11.411600 -0.009424 0.998774 -0.048603 0.277100 0.000000 0.000000 0.000000 1.000000
0.999417 0.011003 0.032318 5.427700 0.032813 -0.048270 -0.998295 11.411600 -0.009424 0.998774 -0.048603 0.277100 0.000000 0.000000 0.000000 1.000000
0.999417 0.011003 0.032318 5.427700 0.032814 -0.048270 -0.998295 11.411600 -0.009424 0.998774 -0.048603 0.277100 0.000000 0.000000 0.000000 1.000000
0.999417 0.011003 0.032319 5.427700 0.032814 -0.048270 -0.998295 11.411600 -0.009424 0.998774 -0.048603 0.277100 0.000000 0.000000 0.000000 1.000000
0.999417 0.011003 0.032318 5.427700 0.032814 -0.048271 -0.998295 11.411600 -0.009424 0.998774 -0.048603 0.277100 0.000000 0.000000 0.000000 1.000000
0.999417 0.011003 0.032318 5.427700 0.032814 -0.048270 -0.998295 11.411600 -0.009424 0.998774 -0.048603 0.277100 0.000000 0.000000 0.000000 1.000000
0.999417 0.011003 0.032318 5.427700 0.032814 -0.048271 -0.998295 11.411600 -0.009424 0.998774 -0.048603 0.277100 0.000000 0.000000 0.000000 1.000000
0.999417 0.011003 0.032318 5.427700 0.032814 -0.048271 -0.998295 11.411600 -0.009424 0.998774 -0.048604 0.277100 0.000000 0.000000 0.000000 1.000000
0.999417 0.011003 0.032318 5.427700 0.032813 -0.048271 -0.998295 11.411600 -0.009424 0.998774 -0.048603 0.277100 0.000000 0.000000 0.000000 1.000000
0.999417 0.011003 0.032318 5.427700 0.032814 -0.048270 -0.998295 11.411600 -0.009424 0.998774 -0.048603 0.277100 0.000000 0.000000 0.000000 1.000000
0.999417 0.011003 0.032318 5.427700 0.032813 -0.048270 -0.998295 11.411600 -0.009424 0.998774 -0.048603 0.277100 0.000000 0.000000 0.000000 1.000000
0.999417 0.011003 0.032318 5.427700 0.032813 -0.048270 -0.998295 11.411600 -0.009425 0.998774 -0.048603 0.277100 0.000000 0.000000 0.000000 1.000000
0.999417 0.011003 0.032318 5.427700 0.032814 -0.048270 -0.998295 11.411600 -0.009424 0.998774 -0.048603 0.277100 0.000000 0.000000 0.000000 1.000000
0.999417 0.011003 0.032319 5.427700 0.032814 -0.048271 -0.998295 11.411600 -0.009424 0.998774 -0.048603 0.277100 0.000000 0.000000 0.000000 1.000000
0.999417 0.011003 0.032318 5.427700 0.032814 -0.048271 -0.998295 11.411600 -0.009424 0.998774 -0.048603 0.277100 0.000000 0.000000 0.000000 1.000000
0.999417 0.011003 0.032318 5.427700 0.032813 -0.048270 -0.998295 11.411600 -0.009424 0.998774 -0.048603 0.277100 0.000000 0.000000 0.000000 1.000000
0.999417 0.011003 0.032318 5.427700 0.032814 -0.048271 -0.998295 11.411600 -0.009424 0.998774 -0.048603 0.277100 0.000000 0.000000 0.000000 1.000000
0.999417 0.011003 0.032318 5.427700 0.032813 -0.048271 -0.998295 11.411600 -0.009425 0.998774 -0.048603 0.277100 0.000000 0.000000 0.000000 1.000000
0.999417 0.011003 0.032318 5.427700 0.032813 -0.048270 -0.998295 11.411600 -0.009424 0.998774 -0.048603 0.277100 0.000000 0.000000 0.000000 1.000000
0.999417 0.011003 0.032319 5.427700 0.032814 -0.048270 -0.998295 11.411600 -0.009424 0.998774 -0.048603 0.277100 0.000000 0.000000 0.000000 1.000000</float_array>
        <technique_common>
          <accessor source="#mixamorig_LeftHandPinky1-Matrix-animation-output-transform-array" count="42" stride="16">
            <param type="float4x4"/>
          </accessor>
        </technique_common>
      </source>
      <source id="mixamorig_LeftHandPinky1-Interpolations">
        <Name_array id="mixamorig_LeftHandPinky1-Interpolations-array" count="42">
 LINEAR LINEAR LINEAR LINEAR LINEAR LINEAR LINEAR LINEAR LINEAR LINEAR LINEAR
LINEAR LINEAR LINEAR LINEAR LINEAR LINEAR LINEAR LINEAR LINEAR LINEAR LINEAR LINEAR
LINEAR LINEAR LINEAR LINEAR LINEAR LINEAR LINEAR LINEAR LINEAR LINEAR LINEAR LINEAR
LINEAR LINEAR LINEAR LINEAR LINEAR LINEAR LINEAR</Name_array>
        <technique_common>
          <accessor source="#mixamorig_LeftHandPinky1-Interpolations-array" count="42">
            <param type="name"/>
          </accessor>
        </technique_common>
      </source>
      <sampler id="mixamorig_LeftHandPinky1-Matrix-animation-transform">
        <input semantic="INPUT" source="#mixamorig_LeftHandPinky1-Matrix-animation-input"/>
        <input semantic="OUTPUT" source="#mixamorig_LeftHandPinky1-Matrix-animation-output-transform"/>
        <input semantic="INTERPOLATION" source="#mixamorig_LeftHandPinky1-Interpolations"/>
      </sampler>
      <channel source="#mixamorig_LeftHandPinky1-Matrix-animation-transform" target="mixamorig_LeftHandPinky1/matrix"/>
    </animation>
    <animation id="mixamorig_LeftHandPinky2-anim" name="mixamorig_LeftHandPinky2">
      <source id="mixamorig_LeftHandPinky2-Matrix-animation-input">
        <float_array id="mixamorig_LeftHandPinky2-Matrix-animation-input-array" count="42">

0.000000 0.033333 0.066667 0.100000 0.133333 0.166667 0.200000 0.233333 0.266667 0.300000 0.333333 0.366667 0.400000 0.433333 0.466667 0.500000
0.533333 0.566667 0.600000 0.633333 0.666667 0.700000 0.733333 0.766667 0.800000 0.833333 0.866667 0.900000 0.933333 0.966667 1.000000 1.033333
1.066667 1.100000 1.133333 1.166667 1.200000 1.233333 1.266667 1.300000 1.333333 1.366667</float_array>
        <technique_common>
          <accessor source="#mixamorig_LeftHandPinky2-Matrix-animation-input-array" count="42">
            <param name="TIME" type="float"/>
          </accessor>
        </technique_common>
      </source>
      <source id="mixamorig_LeftHandPinky2-Matrix-animation-output-transform">
        <float_array id="mixamorig_LeftHandPinky2-Matrix-animation-output-transform-array" count="672">

0.991222 0.119388 -0.056790 -0.003300 -0.036604 -0.164931 -0.985626 4.452300 -0.127039 0.979053 -0.159113 0.000000 0.000000 0.000000 0.000000 1.000000
0.991222 0.119388 -0.056790 -0.003300 -0.036604 -0.164932 -0.985626 4.452300 -0.127039 0.979053 -0.159114 0.000000 0.000000 0.000000 0.000000 1.000000
0.991222 0.119388 -0.056790 -0.003300 -0.036605 -0.164931 -0.985626 4.452300 -0.127038 0.979053 -0.159114 0.000000 0.000000 0.000000 0.000000 1.000000
0.991222 0.119388 -0.056790 -0.003300 -0.036604 -0.164931 -0.985626 4.452300 -0.127039 0.979053 -0.159113 0.000000 0.000000 0.000000 0.000000 1.000000
0.991222 0.119388 -0.056790 -0.003300 -0.036604 -0.164932 -0.985626 4.452300 -0.127039 0.979053 -0.159114 0.000000 0.000000 0.000000 0.000000 1.000000
0.991222 0.119388 -0.056790 -0.003300 -0.036604 -0.164932 -0.985625 4.452300 -0.127039 0.979053 -0.159114 0.000000 0.000000 0.000000 0.000000 1.000000
0.991222 0.119388 -0.056791 -0.003300 -0.036605 -0.164931 -0.985626 4.452300 -0.127038 0.979053 -0.159114 0.000000 0.000000 0.000000 0.000000 1.000000
0.991222 0.119388 -0.056790 -0.003300 -0.036604 -0.164932 -0.985626 4.452300 -0.127039 0.979053 -0.159114 0.000000 0.000000 0.000000 0.000000 1.000000
0.991222 0.119388 -0.056790 -0.003300 -0.036605 -0.164932 -0.985626 4.452300 -0.127039 0.979053 -0.159114 0.000000 0.000000 0.000000 0.000000 1.000000
0.991222 0.119388 -0.056790 -0.003300 -0.036604 -0.164932 -0.985626 4.452300 -0.127039 0.979053 -0.159114 0.000000 0.000000 0.000000 0.000000 1.000000
0.991222 0.119388 -0.056790 -0.003300 -0.036604 -0.164932 -0.985625 4.452300 -0.127039 0.979053 -0.159114 0.000000 0.000000 0.000000 0.000000 1.000000
0.991222 0.119388 -0.056790 -0.003300 -0.036604 -0.164932 -0.985626 4.452300 -0.127039 0.979053 -0.159114 0.000000 0.000000 0.000000 0.000000 1.000000
0.991222 0.119388 -0.056790 -0.003300 -0.036605 -0.164932 -0.985626 4.452300 -0.127039 0.979053 -0.159114 0.000000 0.000000 0.000000 0.000000 1.000000
0.991222 0.119388 -0.056791 -0.003300 -0.036605 -0.164932 -0.985625 4.452300 -0.127038 0.979053 -0.159114 0.000000 0.000000 0.000000 0.000000 1.000000
0.991222 0.119388 -0.056790 -0.003300 -0.036605 -0.164932 -0.985625 4.452300 -0.127038 0.979053 -0.159114 0.000000 0.000000 0.000000 0.000000 1.000000
0.991222 0.119388 -0.056790 -0.003300 -0.036604 -0.164932 -0.985626 4.452300 -0.127038 0.979053 -0.159114 0.000000 0.000000 0.000000 0.000000 1.000000
0.991222 0.119388 -0.056790 -0.003300 -0.036604 -0.164931 -0.985626 4.452300 -0.127039 0.979053 -0.159113 -0.000000 0.000000 0.000000 0.000000 1.000000
0.991222 0.119388 -0.056791 -0.003300 -0.036605 -0.164932 -0.985626 4.452300 -0.127039 0.979053 -0.159114 0.000000 0.000000 0.000000 0.000000 1.000000
0.991222 0.119388 -0.056791 -0.003300 -0.036605 -0.164931 -0.985626 4.452300 -0.127038 0.979053 -0.159114 0.000000 0.000000 0.000000 0.000000 1.000000
0.991222 0.119388 -0.056791 -0.003300 -0.036605 -0.164931 -0.985626 4.452300 -0.127039 0.979053 -0.159113 -0.000000 0.000000 0.000000 0.000000 1.000000
0.991222 0.119388 -0.056790 -0.003300 -0.036604 -0.164931 -0.985626 4.452300 -0.127038 0.979053 -0.159114 0.000000 0.000000 0.000000 0.000000 1.000000
0.991222 0.119388 -0.056791 -0.003300 -0.036605 -0.164931 -0.985626 4.452300 -0.127039 0.979053 -0.159113 -0.000000 0.000000 0.000000 0.000000 1.000000
0.991222 0.119388 -0.056790 -0.003300 -0.036604 -0.164931 -0.985626 4.452300 -0.127039 0.979053 -0.159113 -0.000000 0.000000 0.000000 0.000000 1.000000
0.991222 0.119388 -0.056790 -0.003300 -0.036604 -0.164931 -0.985626 4.452300 -0.127039 0.979053 -0.159113 0.000000 0.000000 0.000000 0.000000 1.000000
0.991222 0.119388 -0.056790 -0.003300 -0.036604 -0.164932 -0.985626 4.452300 -0.127038 0.979053 -0.159114 0.000000 0.000000 0.000000 0.000000 1.000000
0.991222 0.119388 -0.056791 -0.003300 -0.036605 -0.164932 -0.985625 4.452300 -0.127039 0.979053 -0.159114 0.000000 0.000000 0.000000 0.000000 1.000000
0.991222 0.119388 -0.056790 -0.003300 -0.036604 -0.164932 -0.985625 4.452300 -0.127039 0.979053 -0.159114 0.000000 0.000000 0.000000 0.000000 1.000000
0.991222 0.119388 -0.056791 -0.003300 -0.036605 -0.164932 -0.985625 4.452300 -0.127038 0.979053 -0.159114 0.000000 0.000000 0.000000 0.000000 1.000000
0.991222 0.119389 -0.056790 -0.003300 -0.036604 -0.164932 -0.985626 4.452300 -0.127039 0.979053 -0.159114 0.000000 0.000000 0.000000 0.000000 1.000000
0.991222 0.119388 -0.056790 -0.003300 -0.036604 -0.164932 -0.985626 4.452300 -0.127039 0.979053 -0.159114 0.000000 0.000000 0.000000 0.000000 1.000000
0.991222 0.119388 -0.056791 -0.003300 -0.036605 -0.164931 -0.985626 4.452300 -0.127039 0.979053 -0.159113 0.000000 0.000000 0.000000 0.000000 1.000000
0.991222 0.119388 -0.056790 -0.003300 -0.036604 -0.164932 -0.985626 4.452300 -0.127039 0.979053 -0.159114 0.000000 0.000000 0.000000 0.000000 1.000000
0.991222 0.119388 -0.056790 -0.003300 -0.036605 -0.164931 -0.985626 4.452300 -0.127039 0.979053 -0.159113 -0.000000 0.000000 0.000000 0.000000 1.000000
0.991222 0.119388 -0.056790 -0.003300 -0.036604 -0.164931 -0.985626 4.452300 -0.127039 0.979053 -0.159113 0.000000 0.000000 0.000000 0.000000 1.000000
0.991222 0.119388 -0.056790 -0.003300 -0.036605 -0.164932 -0.985626 4.452300 -0.127039 0.979053 -0.159114 0.000000 0.000000 0.000000 0.000000 1.000000
0.991222 0.119388 -0.056791 -0.003300 -0.036605 -0.164932 -0.985625 4.452300 -0.127039 0.979053 -0.159114 0.000000 0.000000 0.000000 0.000000 1.000000
0.991222 0.119388 -0.056790 -0.003300 -0.036604 -0.164932 -0.985626 4.452300 -0.127039 0.979053 -0.159114 0.000000 0.000000 0.000000 0.000000 1.000000
0.991222 0.119389 -0.056791 -0.003300 -0.036605 -0.164931 -0.985626 4.452300 -0.127039 0.979053 -0.159113 -0.000000 0.000000 0.000000 0.000000 1.000000
0.991222 0.119388 -0.056790 -0.003300 -0.036604 -0.164931 -0.985626 4.452300 -0.127039 0.979053 -0.159113 0.000000 0.000000 0.000000 0.000000 1.000000
0.991222 0.119388 -0.056790 -0.003300 -0.036604 -0.164932 -0.985626 4.452300 -0.127039 0.979053 -0.159114 0.000000 0.000000 0.000000 0.000000 1.000000
0.991222 0.119388 -0.056790 -0.003300 -0.036605 -0.164931 -0.985626 4.452300 -0.127039 0.979053 -0.159113 0.000000 0.000000 0.000000 0.000000 1.000000
0.991222 0.119388 -0.056790 -0.003300 -0.036604 -0.164932 -0.985626 4.452300 -0.127039 0.979053 -0.159114 -0.000000 0.000000 0.000000 0.000000 1.000000</float_array>
        <technique_common>
          <accessor source="#mixamorig_LeftHandPinky2-Matrix-animation-output-transform-array" count="42" stride="16">
            <param type="float4x4"/>
          </accessor>
        </technique_common>
      </source>
      <source id="mixamorig_LeftHandPinky2-Interpolations">
        <Name_array id="mixamorig_LeftHandPinky2-Interpolations-array" count="42">
 LINEAR LINEAR LINEAR LINEAR LINEAR LINEAR LINEAR LINEAR LINEAR LINEAR LINEAR
LINEAR LINEAR LINEAR LINEAR LINEAR LINEAR LINEAR LINEAR LINEAR LINEAR LINEAR LINEAR
LINEAR LINEAR LINEAR LINEAR LINEAR LINEAR LINEAR LINEAR LINEAR LINEAR LINEAR LINEAR
LINEAR LINEAR LINEAR LINEAR LINEAR LINEAR LINEAR</Name_array>
        <technique_common>
          <accessor source="#mixamorig_LeftHandPinky2-Interpolations-array" count="42">
            <param type="name"/>
          </accessor>
        </technique_common>
      </source>
      <sampler id="mixamorig_LeftHandPinky2-Matrix-animation-transform">
        <input semantic="INPUT" source="#mixamorig_LeftHandPinky2-Matrix-animation-input"/>
        <input semantic="OUTPUT" source="#mixamorig_LeftHandPinky2-Matrix-animation-output-transform"/>
        <input semantic="INTERPOLATION" source="#mixamorig_LeftHandPinky2-Interpolations"/>
      </sampler>
      <channel source="#mixamorig_LeftHandPinky2-Matrix-animation-transform" target="mixamorig_LeftHandPinky2/matrix"/>
    </animation>
    <animation id="mixamorig_LeftHandPinky3-anim" name="mixamorig_LeftHandPinky3">
      <source id="mixamorig_LeftHandPinky3-Matrix-animation-input">
        <float_array id="mixamorig_LeftHandPinky3-Matrix-animation-input-array" count="42">

0.000000 0.033333 0.066667 0.100000 0.133333 0.166667 0.200000 0.233333 0.266667 0.300000 0.333333 0.366667 0.400000 0.433333 0.466667 0.500000
0.533333 0.566667 0.600000 0.633333 0.666667 0.700000 0.733333 0.766667 0.800000 0.833333 0.866667 0.900000 0.933333 0.966667 1.000000 1.033333
1.066667 1.100000 1.133333 1.166667 1.200000 1.233333 1.266667 1.300000 1.333333 1.366667</float_array>
        <technique_common>
          <accessor source="#mixamorig_LeftHandPinky3-Matrix-animation-input-array" count="42">
            <param name="TIME" type="float"/>
          </accessor>
        </technique_common>
      </source>
      <source id="mixamorig_LeftHandPinky3-Matrix-animation-output-transform">
        <float_array id="mixamorig_LeftHandPinky3-Matrix-animation-output-transform-array" count="672">

0.981052 0.089861 -0.171645 0.002700 -0.091377 -0.566604 -0.818908 3.536600 -0.170842 0.819076 -0.547657 0.000000 0.000000 0.000000 0.000000 1.000000
0.981052 0.089861 -0.171645 0.002700 -0.091377 -0.566604 -0.818908 3.536600 -0.170842 0.819076 -0.547657 0.000000 0.000000 0.000000 0.000000 1.000000
0.981052 0.089861 -0.171644 0.002700 -0.091377 -0.566604 -0.818908 3.536600 -0.170842 0.819076 -0.547657 -0.000000 0.000000 0.000000 0.000000 1.000000
0.981052 0.089861 -0.171645 0.002700 -0.091377 -0.566604 -0.818908 3.536600 -0.170842 0.819075 -0.547657 0.000000 0.000000 0.000000 0.000000 1.000000
0.981052 0.089861 -0.171645 0.002700 -0.091377 -0.566604 -0.818908 3.536600 -0.170842 0.819075 -0.547657 0.000000 0.000000 0.000000 0.000000 1.000000
0.981052 0.089860 -0.171645 0.002700 -0.091377 -0.566604 -0.818908 3.536600 -0.170842 0.819075 -0.547657 0.000000 0.000000 0.000000 0.000000 1.000000
0.981052 0.089861 -0.171645 0.002700 -0.091377 -0.566604 -0.818908 3.536600 -0.170842 0.819076 -0.547657 0.000000 0.000000 0.000000 0.000000 1.000000
0.981052 0.089861 -0.171644 0.002700 -0.091377 -0.566604 -0.818908 3.536600 -0.170843 0.819076 -0.547657 0.000000 0.000000 0.000000 0.000000 1.000000
0.981052 0.089861 -0.171645 0.002700 -0.091377 -0.566604 -0.818908 3.536600 -0.170842 0.819075 -0.547657 0.000000 0.000000 0.000000 0.000000 1.000000
0.981052 0.089861 -0.171645 0.002700 -0.091377 -0.566604 -0.818908 3.536600 -0.170842 0.819076 -0.547657 0.000000 0.000000 0.000000 0.000000 1.000000
0.981052 0.089861 -0.171644 0.002700 -0.091377 -0.566604 -0.818908 3.536600 -0.170842 0.819076 -0.547657 0.000000 0.000000 0.000000 0.000000 1.000000
0.981052 0.089861 -0.171645 0.002700 -0.091377 -0.566604 -0.818908 3.536600 -0.170842 0.819076 -0.547657 0.000000 0.000000 0.000000 0.000000 1.000000
0.981052 0.089861 -0.171645 0.002700 -0.091377 -0.566604 -0.818908 3.536600 -0.170842 0.819075 -0.547657 0.000000 0.000000 0.000000 0.000000 1.000000
0.981052 0.089861 -0.171645 0.002700 -0.091377 -0.566604 -0.818908 3.536600 -0.170842 0.819075 -0.547657 0.000000 0.000000 0.000000 0.000000 1.000000
0.981052 0.089861 -0.171645 0.002700 -0.091377 -0.566604 -0.818908 3.536600 -0.170842 0.819075 -0.547657 0.000000 0.000000 0.000000 0.000000 1.000000
0.981052 0.089861 -0.171645 0.002700 -0.091377 -0.566604 -0.818908 3.536600 -0.170842 0.819076 -0.547657 -0.000000 0.000000 0.000000 0.000000 1.000000
0.981052 0.089861 -0.171645 0.002700 -0.091377 -0.566604 -0.818908 3.536600 -0.170842 0.819075 -0.547657 0.000000 0.000000 0.000000 0.000000 1.000000
0.981052 0.089861 -0.171645 0.002700 -0.091377 -0.566604 -0.818908 3.536600 -0.170842 0.819075 -0.547657 0.000000 0.000000 0.000000 0.000000 1.000000
0.981052 0.089861 -0.171645 0.002700 -0.091377 -0.566604 -0.818908 3.536600 -0.170842 0.819075 -0.547657 -0.000000 0.000000 0.000000 0.000000 1.000000
0.981052 0.089861 -0.171645 0.002700 -0.091377 -0.566604 -0.818908 3.536600 -0.170842 0.819075 -0.547657 0.000000 0.000000 0.000000 0.000000 1.000000
0.981052 0.089861 -0.171645 0.002700 -0.091377 -0.566604 -0.818908 3.536600 -0.170842 0.819075 -0.547657 0.000000 0.000000 0.000000 0.000000 1.000000
0.981052 0.089861 -0.171645 0.002700 -0.091377 -0.566604 -0.818908 3.536600 -0.170842 0.819075 -0.547657 0.000000 0.000000 0.000000 0.000000 1.000000
0.981052 0.089861 -0.171645 0.002700 -0.091377 -0.566604 -0.818908 3.536600 -0.170842 0.819075 -0.547657 -0.000000 0.000000 0.000000 0.000000 1.000000
0.981052 0.089861 -0.171645 0.002700 -0.091377 -0.566604 -0.818908 3.536600 -0.170842 0.819076 -0.547657 0.000000 0.000000 0.000000 0.000000 1.000000
0.981052 0.089861 -0.171645 0.002700 -0.091377 -0.566604 -0.818908 3.536600 -0.170842 0.819076 -0.547657 0.000000 0.000000 0.000000 0.000000 1.000000
0.981052 0.089861 -0.171644 0.002700 -0.091377 -0.566604 -0.818908 3.536600 -0.170842 0.819076 -0.547657 0.000000 0.000000 0.000000 0.000000 1.000000
0.981052 0.089861 -0.171645 0.002700 -0.091377 -0.566604 -0.818908 3.536600 -0.170842 0.819076 -0.547657 0.000000 0.000000 0.000000 0.000000 1.000000
0.981052 0.089861 -0.171645 0.002700 -0.091377 -0.566604 -0.818908 3.536600 -0.170842 0.819076 -0.547657 0.000000 0.000000 0.000000 0.000000 1.000000
0.981052 0.089861 -0.171645 0.002700 -0.091377 -0.566604 -0.818908 3.536600 -0.170842 0.819076 -0.547657 -0.000000 0.000000 0.000000 0.000000 1.000000
0.981052 0.089861 -0.171645 0.002700 -0.091377 -0.566604 -0.818908 3.536600 -0.170842 0.819075 -0.547657 -0.000000 0.000000 0.000000 0.000000 1.000000
0.981052 0.089861 -0.171645 0.002700 -0.091377 -0.566604 -0.818908 3.536600 -0.170842 0.819075 -0.547657 -0.000000 0.000000 0.000000 0.000000 1.000000
0.981052 0.089861 -0.171645 0.002700 -0.091377 -0.566604 -0.818908 3.536600 -0.170842 0.819076 -0.547657 0.000000 0.000000 0.000000 0.000000 1.000000
0.981052 0.089861 -0.171645 0.002700 -0.091377 -0.566604 -0.818908 3.536600 -0.170842 0.819076 -0.547657 0.000000 0.000000 0.000000 0.000000 1.000000
0.981052 0.089861 -0.171645 0.002700 -0.091377 -0.566604 -0.818908 3.536600 -0.170842 0.819075 -0.547657 0.000000 0.000000 0.000000 0.000000 1.000000
0.981052 0.089861 -0.171645 0.002700 -0.091377 -0.566604 -0.818908 3.536600 -0.170842 0.819075 -0.547657 0.000000 0.000000 0.000000 0.000000 1.000000
0.981052 0.089861 -0.171645 0.002700 -0.091377 -0.566604 -0.818908 3.536600 -0.170842 0.819076 -0.547657 0.000000 0.000000 0.000000 0.000000 1.000000
0.981052 0.089861 -0.171645 0.002700 -0.091377 -0.566604 -0.818908 3.536600 -0.170843 0.819075 -0.547657 0.000000 0.000000 0.000000 0.000000 1.000000
0.981052 0.089861 -0.171644 0.002700 -0.091377 -0.566604 -0.818908 3.536600 -0.170842 0.819075 -0.547657 -0.000000 0.000000 0.000000 0.000000 1.000000
0.981052 0.089861 -0.171645 0.002700 -0.091377 -0.566604 -0.818908 3.536600 -0.170842 0.819076 -0.547657 -0.000000 0.000000 0.000000 0.000000 1.000000
0.981052 0.089861 -0.171645 0.002700 -0.091377 -0.566604 -0.818908 3.536600 -0.170842 0.819075 -0.547657 0.000000 0.000000 0.000000 0.000000 1.000000
0.981052 0.089861 -0.171645 0.002700 -0.091377 -0.566604 -0.818908 3.536600 -0.170842 0.819076 -0.547657 0.000000 0.000000 0.000000 0.000000 1.000000
0.981052 0.089861 -0.171644 0.002700 -0.091377 -0.566604 -0.818908 3.536600 -0.170842 0.819076 -0.547657 0.000000 0.000000 0.000000 0.000000 1.000000</float_array>
        <technique_common>
          <accessor source="#mixamorig_LeftHandPinky3-Matrix-animation-output-transform-array" count="42" stride="16">
            <param type="float4x4"/>
          </accessor>
        </technique_common>
      </source>
      <source id="mixamorig_LeftHandPinky3-Interpolations">
        <Name_array id="mixamorig_LeftHandPinky3-Interpolations-array" count="42">
 LINEAR LINEAR LINEAR LINEAR LINEAR LINEAR LINEAR LINEAR LINEAR LINEAR LINEAR
LINEAR LINEAR LINEAR LINEAR LINEAR LINEAR LINEAR LINEAR LINEAR LINEAR LINEAR LINEAR
LINEAR LINEAR LINEAR LINEAR LINEAR LINEAR LINEAR LINEAR LINEAR LINEAR LINEAR LINEAR
LINEAR LINEAR LINEAR LINEAR LINEAR LINEAR LINEAR</Name_array>
        <technique_common>
          <accessor source="#mixamorig_LeftHandPinky3-Interpolations-array" count="42">
            <param type="name"/>
          </accessor>
        </technique_common>
      </source>
      <sampler id="mixamorig_LeftHandPinky3-Matrix-animation-transform">
        <input semantic="INPUT" source="#mixamorig_LeftHandPinky3-Matrix-animation-input"/>
        <input semantic="OUTPUT" source="#mixamorig_LeftHandPinky3-Matrix-animation-output-transform"/>
        <input semantic="INTERPOLATION" source="#mixamorig_LeftHandPinky3-Interpolations"/>
      </sampler>
      <channel source="#mixamorig_LeftHandPinky3-Matrix-animation-transform" target="mixamorig_LeftHandPinky3/matrix"/>
    </animation>
    <animation id="mixamorig_RightShoulder-anim" name="mixamorig_RightShoulder">
      <source id="mixamorig_RightShoulder-Matrix-animation-input">
        <float_array id="mixamorig_RightShoulder-Matrix-animation-input-array" count="42">

0.000000 0.033333 0.066667 0.100000 0.133333 0.166667 0.200000 0.233333 0.266667 0.300000 0.333333 0.366667 0.400000 0.433333 0.466667 0.500000
0.533333 0.566667 0.600000 0.633333 0.666667 0.700000 0.733333 0.766667 0.800000 0.833333 0.866667 0.900000 0.933333 0.966667 1.000000 1.033333
1.066667 1.100000 1.133333 1.166667 1.200000 1.233333 1.266667 1.300000 1.333333 1.366667</float_array>
        <technique_common>
          <accessor source="#mixamorig_RightShoulder-Matrix-animation-input-array" count="42">
            <param name="TIME" type="float"/>
          </accessor>
        </technique_common>
      </source>
      <source id="mixamorig_RightShoulder-Matrix-animation-output-transform">
        <float_array id="mixamorig_RightShoulder-Matrix-animation-output-transform-array" count="672">

0.082001 -0.973137 0.215127 -11.646600 -0.016660 -0.217162 -0.975993 18.692900 0.996493 0.076449 -0.034020 -0.430500 0.000000 0.000000 0.000000 1.000000
0.068594 -0.972878 0.220916 -11.646600 -0.015668 -0.222461 -0.974816 18.692900 0.997522 0.063405 -0.030503 -0.430500 0.000000 0.000000 0.000000 1.000000
0.051210 -0.972968 0.225189 -11.646600 -0.014606 -0.226190 -0.973974 18.692900 0.998581 0.046588 -0.025794 -0.430500 0.000000 0.000000 0.000000 1.000000
0.027841 -0.976610 0.213207 -11.646600 -0.013227 -0.213631 -0.976825 18.692900 0.999525 0.024375 -0.018865 -0.430500 0.000000 0.000000 0.000000 1.000000
-0.001292 -0.980810 0.194961 -11.646600 -0.010892 -0.194936 -0.980755 18.692900 0.999940 -0.003391 -0.010431 -0.430500 0.000000 0.000000 0.000000 1.000000
-0.029630 -0.982674 0.182960 -11.646600 -0.008428 -0.182788 -0.983116 18.692900 0.999525 -0.030671 -0.002866 -0.430500 0.000000 0.000000 0.000000 1.000000
-0.053057 -0.982439 0.178881 -11.646600 -0.006518 -0.178789 -0.983866 18.692900 0.998570 -0.053367 0.003083 -0.430500 0.000000 0.000000 0.000000 1.000000
-0.075866 -0.979494 0.186642 -11.646600 -0.005186 -0.186791 -0.982386 18.692900 0.997105 -0.075497 0.009091 -0.430500 0.000000 0.000000 0.000000 1.000000
-0.100510 -0.972147 0.211726 -11.646600 -0.005151 -0.212292 -0.977193 18.692900 0.994923 -0.099309 0.016330 -0.430500 0.000000 0.000000 0.000000 1.000000
-0.123534 -0.962471 0.241640 -11.646600 -0.006251 -0.242745 -0.970070 18.692900 0.992321 -0.121347 0.023970 -0.430500 0.000000 0.000000 0.000000 1.000000
-0.144182 -0.956249 0.254559 -11.646600 -0.006350 -0.256347 -0.966564 18.692900 0.989531 -0.140978 0.030889 -0.430500 0.000000 0.000000 0.000000 1.000000
-0.167618 -0.956168 0.240099 -11.646600 -0.003672 -0.242938 -0.970035 18.692900 0.985845 -0.163477 0.037210 -0.430500 0.000000 0.000000 0.000000 1.000000
-0.186426 -0.962228 0.198401 -11.646600 0.002644 -0.202431 -0.979293 18.692900 0.982465 -0.182041 0.040282 -0.430500 0.000000 0.000000 0.000000 1.000000
-0.183884 -0.971427 0.150052 -11.646600 0.007452 -0.154028 -0.988038 18.692900 0.982920 -0.180566 0.035562 -0.430500 0.000000 0.000000 0.000000 1.000000
-0.175462 -0.974702 0.138452 -11.646600 0.006670 -0.141807 -0.989872 18.692900 0.984464 -0.172762 0.031383 -0.430500 0.000000 0.000000 0.000000 1.000000
-0.157301 -0.974662 0.159029 -11.646600 0.008772 -0.162406 -0.986685 18.692900 0.987512 -0.153812 0.034097 -0.430500 0.000000 0.000000 0.000000 1.000000
-0.122516 -0.977998 0.168851 -11.646600 0.002814 -0.170474 -0.985358 18.692900 0.992463 -0.120247 0.023638 -0.430500 0.000000 0.000000 0.000000 1.000000
-0.033425 -0.988491 0.147540 -11.646600 -0.029253 -0.146591 -0.988765 18.692900 0.999013 -0.037365 -0.024016 -0.430500 0.000000 0.000000 0.000000 1.000000
0.085911 -0.990188 0.110215 -11.646600 -0.087073 -0.117662 -0.989229 18.692900 0.992491 0.075389 -0.096327 -0.430500 0.000000 0.000000 0.000000 1.000000
0.174955 -0.982112 0.069619 -11.646600 -0.143950 -0.095465 -0.984969 18.692900 0.973997 0.162303 -0.158077 -0.430500 0.000000 0.000000 0.000000 1.000000
0.211346 -0.976069 0.051202 -11.646600 -0.150014 -0.084157 -0.985096 18.692900 0.965831 0.200515 -0.164211 -0.430500 0.000000 0.000000 0.000000 1.000000
0.242675 -0.969105 0.044091 -11.646600 -0.118746 -0.074781 -0.990105 18.692900 0.962813 0.235038 -0.133224 -0.430500 0.000000 0.000000 0.000000 1.000000
0.281681 -0.957986 0.054017 -11.646600 -0.076364 -0.078500 -0.993985 18.692900 0.956464 0.275862 -0.095268 -0.430500 0.000000 0.000000 0.000000 1.000000
0.295399 -0.951256 0.088607 -11.646600 -0.041780 -0.105520 -0.993539 18.692900 0.954460 0.289788 -0.070914 -0.430500 0.000000 0.000000 0.000000 1.000000
0.255241 -0.953882 0.157988 -11.646600 -0.017607 -0.167959 -0.985637 18.692900 0.966717 0.248794 -0.059665 -0.430500 0.000000 0.000000 0.000000 1.000000
0.173509 -0.954332 0.243196 -11.646600 -0.010008 -0.248638 -0.968545 18.692900 0.984781 0.165617 -0.052691 -0.430500 0.000000 0.000000 0.000000 1.000000
0.106795 -0.945857 0.306511 -11.646600 -0.013768 -0.309651 -0.950751 18.692900 0.994186 0.097315 -0.046092 -0.430500 0.000000 0.000000 0.000000 1.000000
0.093110 -0.939602 0.329360 -11.646600 -0.014802 -0.332067 -0.943140 18.692900 0.995546 0.082941 -0.044827 -0.430500 0.000000 0.000000 0.000000 1.000000
0.094277 -0.939777 0.328529 -11.646600 -0.015028 -0.331304 -0.943404 18.692900 0.995433 0.084004 -0.045358 -0.430500 0.000000 0.000000 0.000000 1.000000
0.093382 -0.943427 0.318158 -11.646600 -0.015349 -0.320881 -0.946995 18.692900 0.995512 0.083549 -0.044446 -0.430500 0.000000 0.000000 0.000000 1.000000
0.088478 -0.946186 0.311294 -11.646600 -0.015416 -0.313783 -0.949370 18.692900 0.995959 0.079199 -0.042349 -0.430500 0.000000 0.000000 0.000000 1.000000
0.084852 -0.946396 0.311663 -11.646600 -0.015271 -0.313990 -0.949304 18.692900 0.996277 0.075791 -0.041095 -0.430500 0.000000 0.000000 0.000000 1.000000
0.085345 -0.945502 0.314234 -11.646600 -0.015109 -0.316577 -0.948447 18.692900 0.996237 0.076197 -0.041304 -0.430500 0.000000 0.000000 0.000000 1.000000
0.086356 -0.947197 0.308806 -11.646600 -0.015111 -0.311174 -0.950233 18.692900 0.996150 0.077392 -0.041185 -0.430500 0.000000 0.000000 0.000000 1.000000
0.086014 -0.950713 0.297905 -11.646600 -0.015307 -0.300239 -0.953741 18.692900 0.996176 0.077475 -0.040378 -0.430500 0.000000 0.000000 0.000000 1.000000
0.087204 -0.953008 0.290123 -11.646600 -0.015490 -0.292494 -0.956142 18.692900 0.996070 0.078885 -0.040269 -0.430500 0.000000 0.000000 0.000000 1.000000
0.090429 -0.953759 0.286648 -11.646600 -0.015603 -0.289148 -0.957157 18.692900 0.995781 0.082082 -0.041029 -0.430500 0.000000 0.000000 0.000000 1.000000
0.093653 -0.954069 0.284572 -11.646600 -0.015675 -0.287206 -0.957740 18.692900 0.995481 0.085235 -0.041853 -0.430500 0.000000 0.000000 0.000000 1.000000
0.095755 -0.954764 0.281525 -11.646600 -0.015753 -0.284243 -0.958623 18.692900 0.995280 0.087358 -0.042258 -0.430500 0.000000 0.000000 0.000000 1.000000
0.097304 -0.955753 0.277612 -11.646600 -0.015845 -0.280387 -0.959756 18.692900 0.995129 0.088989 -0.042427 -0.430500 0.000000 0.000000 0.000000 1.000000
0.099138 -0.956502 0.274364 -11.646600 -0.015938 -0.277213 -0.960676 18.692900 0.994946 0.090867 -0.042728 -0.430500 0.000000 0.000000 0.000000 1.000000
0.101201 -0.956915 0.272161 -11.646600 -0.016013 -0.275096 -0.961283 18.692900 0.994737 0.092925 -0.043163 -0.430500 0.000000 0.000000 0.000000 1.000000</float_array>
        <technique_common>
          <accessor source="#mixamorig_RightShoulder-Matrix-animation-output-transform-array" count="42" stride="16">
            <param type="float4x4"/>
          </accessor>
        </technique_common>
      </source>
      <source id="mixamorig_RightShoulder-Interpolations">
        <Name_array id="mixamorig_RightShoulder-Interpolations-array" count="42">
 LINEAR LINEAR LINEAR LINEAR LINEAR LINEAR LINEAR LINEAR LINEAR LINEAR LINEAR
LINEAR LINEAR LINEAR LINEAR LINEAR LINEAR LINEAR LINEAR LINEAR LINEAR LINEAR LINEAR
LINEAR LINEAR LINEAR LINEAR LINEAR LINEAR LINEAR LINEAR LINEAR LINEAR LINEAR LINEAR
LINEAR LINEAR LINEAR LINEAR LINEAR LINEAR LINEAR</Name_array>
        <technique_common>
          <accessor source="#mixamorig_RightShoulder-Interpolations-array" count="42">
            <param type="name"/>
          </accessor>
        </technique_common>
      </source>
      <sampler id="mixamorig_RightShoulder-Matrix-animation-transform">
        <input semantic="INPUT" source="#mixamorig_RightShoulder-Matrix-animation-input"/>
        <input semantic="OUTPUT" source="#mixamorig_RightShoulder-Matrix-animation-output-transform"/>
        <input semantic="INTERPOLATION" source="#mixamorig_RightShoulder-Interpolations"/>
      </sampler>
      <channel source="#mixamorig_RightShoulder-Matrix-animation-transform" target="mixamorig_RightShoulder/matrix"/>
    </animation>
    <animation id="mixamorig_RightArm-anim" name="mixamorig_RightArm">
      <source id="mixamorig_RightArm-Matrix-animation-input">
        <float_array id="mixamorig_RightArm-Matrix-animation-input-array" count="42">

0.000000 0.033333 0.066667 0.100000 0.133333 0.166667 0.200000 0.233333 0.266667 0.300000 0.333333 0.366667 0.400000 0.433333 0.466667 0.500000
0.533333 0.566667 0.600000 0.633333 0.666667 0.700000 0.733333 0.766667 0.800000 0.833333 0.866667 0.900000 0.933333 0.966667 1.000000 1.033333
1.066667 1.100000 1.133333 1.166667 1.200000 1.233333 1.266667 1.300000 1.333333 1.366667</float_array>
        <technique_common>
          <accessor source="#mixamorig_RightArm-Matrix-animation-input-array" count="42">
            <param name="TIME" type="float"/>
          </accessor>
        </technique_common>
      </source>
      <source id="mixamorig_RightArm-Matrix-animation-output-transform">
        <float_array id="mixamorig_RightArm-Matrix-animation-output-transform-array" count="672">

0.671469 0.726681 -0.145132 0.000000 -0.576073 0.388694 -0.719066 24.455700 -0.466120 0.566437 0.679618 -0.000000 0.000000 0.000000 0.000000 1.000000
0.661891 0.737435 -0.134504 0.000000 -0.581762 0.392200 -0.712553 24.455700 -0.472709 0.549881 0.688605 0.000000 0.000000 0.000000 0.000000 1.000000
0.654096 0.746582 -0.121549 -0.000000 -0.583440 0.395694 -0.709242 24.455700 -0.481411 0.534829 0.694408 0.000000 0.000000 0.000000 0.000000 1.000000
0.655492 0.747542 -0.107291 -0.000000 -0.575118 0.402044 -0.712461 24.455700 -0.489458 0.528718 0.693461 0.000000 0.000000 0.000000 0.000000 1.000000
0.667509 0.739375 -0.088077 0.000000 -0.558273 0.418686 -0.716264 24.455700 -0.492710 0.527283 0.692249 0.000000 0.000000 0.000000 0.000000 1.000000
0.693845 0.717873 -0.056901 -0.000000 -0.529873 0.455432 -0.715413 24.455700 -0.487661 0.526537 0.696381 0.000000 0.000000 0.000000 0.000000 1.000000
0.737342 0.675485 -0.006911 0.000000 -0.481940 0.518850 -0.706066 24.455700 -0.473351 0.523942 0.708113 0.000000 0.000000 0.000000 0.000000 1.000000
0.788813 0.611055 0.066224 -0.000000 -0.414984 0.608966 -0.675979 24.455700 -0.453389 0.505739 0.733939 0.000000 0.000000 0.000000 0.000000 1.000000
0.844269 0.511137 0.161087 0.000000 -0.327016 0.729482 -0.600763 24.455700 -0.424583 0.454527 0.783029 -0.000000 0.000000 0.000000 0.000000 1.000000
0.906621 0.344180 0.244086 0.000000 -0.199226 0.859112 -0.471418 24.455700 -0.371950 0.378769 0.847459 0.000000 0.000000 0.000000 0.000000 1.000000
0.956447 0.119943 0.266125 0.000000 -0.025579 0.942612 -0.332908 24.455700 -0.290782 0.311601 0.904627 0.000000 0.000000 0.000000 0.000000 1.000000
0.972338 -0.090942 0.215146 0.000000 0.144537 0.957825 -0.248354 24.455700 -0.183486 0.272581 0.944475 0.000000 0.000000 0.000000 0.000000 1.000000
0.968453 -0.213338 0.128784 0.000000 0.240141 0.937020 -0.253625 24.455700 -0.066566 0.276551 0.958691 -0.000000 0.000000 0.000000 0.000000 1.000000
0.968494 -0.238633 0.071228 -0.000000 0.248996 0.922698 -0.294328 24.455700 0.004514 0.302791 0.953046 -0.000000 0.000000 0.000000 0.000000 1.000000
0.984696 -0.136836 0.107929 0.000000 0.160585 0.953020 -0.256836 24.455700 -0.067714 0.270238 0.960409 0.000000 0.000000 0.000000 0.000000 1.000000
0.957841 0.123160 0.259561 0.000000 -0.110166 0.991845 -0.064089 24.455700 -0.265337 0.032793 0.963598 -0.000000 0.000000 0.000000 0.000000 1.000000
0.772046 0.462147 0.436308 -0.000000 -0.571366 0.805344 0.157992 24.455700 -0.278362 -0.371269 0.885818 0.000000 0.000000 0.000000 0.000000 1.000000
0.533162 0.741244 0.407793 -0.000000 -0.840435 0.519319 0.154848 24.455700 -0.096995 -0.425283 0.899848 0.000000 0.000000 0.000000 0.000000 1.000000
0.334524 0.833362 0.440001 0.000000 -0.881050 0.442261 -0.167799 24.455700 -0.334433 -0.331530 0.882181 0.000000 0.000000 0.000000 0.000000 1.000000
0.239272 0.767552 0.594654 0.000000 -0.771025 0.522443 -0.364107 24.455700 -0.590144 -0.371373 0.716807 0.000000 0.000000 0.000000 0.000000 1.000000
0.199664 0.734221 0.648887 0.000000 -0.741097 0.546376 -0.390191 24.455700 -0.641022 -0.402981 0.653220 -0.000000 0.000000 0.000000 0.000000 1.000000
0.382466 0.655832 0.650848 -0.000000 -0.640240 0.695994 -0.325092 24.455700 -0.666192 -0.292362 0.686085 0.000000 0.000000 0.000000 0.000000 1.000000
0.595975 0.508720 0.621303 0.000000 -0.409733 0.858075 -0.309558 24.455700 -0.690603 -0.070080 0.719831 0.000000 0.000000 0.000000 0.000000 1.000000
0.721975 0.416829 0.552273 0.000000 -0.170415 0.880710 -0.441937 24.455700 -0.670605 0.224952 0.706884 0.000000 0.000000 0.000000 0.000000 1.000000
0.796399 0.449088 0.405054 0.000000 -0.105301 0.762504 -0.638357 24.455700 -0.595533 0.465735 0.654547 0.000000 0.000000 0.000000 0.000000 1.000000
0.813215 0.540433 0.215899 0.000000 -0.206355 0.614656 -0.761325 24.455700 -0.544149 0.574570 0.611368 0.000000 0.000000 0.000000 0.000000 1.000000
0.785882 0.615331 0.061291 0.000000 -0.342498 0.515655 -0.785363 24.455700 -0.514863 0.596211 0.615994 0.000000 0.000000 0.000000 0.000000 1.000000
0.755915 0.653933 -0.031051 0.000000 -0.437311 0.469077 -0.767285 24.455700 -0.487188 0.593581 0.640554 0.000000 0.000000 0.000000 0.000000 1.000000
0.729450 0.678915 -0.083528 -0.000000 -0.494069 0.438479 -0.750754 24.455700 -0.473073 0.588906 0.655280 0.000000 0.000000 0.000000 0.000000 1.000000
0.702417 0.702872 -0.112162 -0.000000 -0.532420 0.414279 -0.738175 24.455700 -0.472376 0.578224 0.665220 0.000000 0.000000 0.000000 0.000000 1.000000
0.673817 0.727385 -0.129929 -0.000000 -0.565700 0.394714 -0.724006 24.455700 -0.475346 0.561348 0.677447 0.000000 0.000000 0.000000 0.000000 1.000000
0.650046 0.745987 -0.144718 0.000000 -0.594294 0.380397 -0.708599 24.455700 -0.473556 0.546627 0.690611 0.000000 0.000000 0.000000 0.000000 1.000000
0.634482 0.756382 -0.159118 0.000000 -0.615871 0.370330 -0.695384 24.455700 -0.467050 0.539204 0.700802 0.000000 0.000000 0.000000 0.000000 1.000000
0.632656 0.755533 -0.170045 0.000000 -0.624303 0.367638 -0.689267 24.455700 -0.458249 0.542229 0.704270 0.000000 0.000000 0.000000 0.000000 1.000000
0.639589 0.749076 -0.172658 0.000000 -0.620835 0.370900 -0.690650 24.455700 -0.453310 0.548924 0.702277 0.000000 0.000000 0.000000 0.000000 1.000000
0.647701 0.742828 -0.169383 -0.000000 -0.611743 0.374519 -0.696783 24.455700 -0.454153 0.554925 0.696996 0.000000 0.000000 0.000000 0.000000 1.000000
0.654426 0.737689 -0.165959 -0.000000 -0.602115 0.375660 -0.704512 24.455700 -0.457366 0.560977 0.690015 -0.000000 0.000000 0.000000 0.000000 1.000000
0.660058 0.732868 -0.165007 0.000000 -0.594415 0.375219 -0.711253 24.455700 -0.459341 0.567551 0.683294 0.000000 0.000000 0.000000 0.000000 1.000000
0.665028 0.728090 -0.166201 0.000000 -0.589147 0.374703 -0.715893 24.455700 -0.458959 0.574005 0.678141 0.000000 0.000000 0.000000 0.000000 1.000000
0.669344 0.723566 -0.168614 0.000000 -0.585808 0.374410 -0.718781 24.455700 -0.456955 0.579888 0.674479 0.000000 0.000000 0.000000 0.000000 1.000000
0.672891 0.719814 -0.170544 0.000000 -0.582871 0.373955 -0.721401 24.455700 -0.455499 0.584830 0.671190 0.000000 0.000000 0.000000 0.000000 1.000000
0.675756 0.717010 -0.171027 0.000000 -0.579401 0.373236 -0.724561 24.455700 -0.455684 0.588720 0.667653 0.000000 0.000000 0.000000 0.000000 1.000000</float_array>
        <technique_common>
          <accessor source="#mixamorig_RightArm-Matrix-animation-output-transform-array" count="42" stride="16">
            <param type="float4x4"/>
          </accessor>
        </technique_common>
      </source>
      <source id="mixamorig_RightArm-Interpolations">
        <Name_array id="mixamorig_RightArm-Interpolations-array" count="42">
 LINEAR LINEAR LINEAR LINEAR LINEAR LINEAR LINEAR LINEAR LINEAR LINEAR LINEAR
LINEAR LINEAR LINEAR LINEAR LINEAR LINEAR LINEAR LINEAR LINEAR LINEAR LINEAR LINEAR
LINEAR LINEAR LINEAR LINEAR LINEAR LINEAR LINEAR LINEAR LINEAR LINEAR LINEAR LINEAR
LINEAR LINEAR LINEAR LINEAR LINEAR LINEAR LINEAR</Name_array>
        <technique_common>
          <accessor source="#mixamorig_RightArm-Interpolations-array" count="42">
            <param type="name"/>
          </accessor>
        </technique_common>
      </source>
      <sampler id="mixamorig_RightArm-Matrix-animation-transform">
        <input semantic="INPUT" source="#mixamorig_RightArm-Matrix-animation-input"/>
        <input semantic="OUTPUT" source="#mixamorig_RightArm-Matrix-animation-output-transform"/>
        <input semantic="INTERPOLATION" source="#mixamorig_RightArm-Interpolations"/>
      </sampler>
      <channel source="#mixamorig_RightArm-Matrix-animation-transform" target="mixamorig_RightArm/matrix"/>
    </animation>
    <animation id="mixamorig_RightForeArm-anim" name="mixamorig_RightForeArm">
      <source id="mixamorig_RightForeArm-Matrix-animation-input">
        <float_array id="mixamorig_RightForeArm-Matrix-animation-input-array" count="42">

0.000000 0.033333 0.066667 0.100000 0.133333 0.166667 0.200000 0.233333 0.266667 0.300000 0.333333 0.366667 0.400000 0.433333 0.466667 0.500000
0.533333 0.566667 0.600000 0.633333 0.666667 0.700000 0.733333 0.766667 0.800000 0.833333 0.866667 0.900000 0.933333 0.966667 1.000000 1.033333
1.066667 1.100000 1.133333 1.166667 1.200000 1.233333 1.266667 1.300000 1.333333 1.366667</float_array>
        <technique_common>
          <accessor source="#mixamorig_RightForeArm-Matrix-animation-input-array" count="42">
            <param name="TIME" type="float"/>
          </accessor>
        </technique_common>
      </source>
      <source id="mixamorig_RightForeArm-Matrix-animation-output-transform">
        <float_array id="mixamorig_RightForeArm-Matrix-animation-output-transform-array" count="672">

-0.465954 0.856877 -0.220562 -0.000000 -0.867430 -0.491545 -0.077127 22.759399 -0.174504 0.155384 0.972319 0.000000 0.000000 0.000000 0.000000 1.000000
-0.472057 0.853343 -0.221288 0.000000 -0.863938 -0.497754 -0.076493 22.759399 -0.175422 0.155070 0.972204 0.000000 0.000000 0.000000 0.000000 1.000000
-0.480266 0.848495 -0.222263 0.000000 -0.859149 -0.506106 -0.075629 22.759399 -0.176659 0.154634 0.972049 0.000000 0.000000 0.000000 0.000000 1.000000
-0.489644 0.842824 -0.223373 0.000000 -0.853544 -0.515650 -0.074625 22.759399 -0.178078 0.154119 0.971872 0.000000 0.000000 0.000000 0.000000 1.000000
-0.502384 0.834891 -0.224874 -0.000000 -0.845699 -0.528611 -0.073228 22.759399 -0.180009 0.153387 0.971632 0.000000 0.000000 0.000000 0.000000 1.000000
-0.522590 0.821743 -0.227242 0.000000 -0.832694 -0.549171 -0.070938 22.759399 -0.183087 0.152151 0.971251 0.000000 0.000000 0.000000 0.000000 1.000000
-0.549112 0.803386 -0.230320 0.000000 -0.814523 -0.576157 -0.067784 22.759399 -0.187157 0.150380 0.970751 0.000000 0.000000 0.000000 0.000000 1.000000
-0.574309 0.784718 -0.233212 0.000000 -0.796032 -0.601795 -0.064622 22.759399 -0.191056 0.148531 0.970276 0.000000 0.000000 0.000000 0.000000 1.000000
-0.594801 0.768592 -0.235538 0.000000 -0.780051 -0.622645 -0.061924 22.759399 -0.194251 0.146899 0.969890 0.000000 0.000000 0.000000 0.000000 1.000000
-0.612128 0.754254 -0.237487 0.000000 -0.765833 -0.640276 -0.059549 22.759399 -0.196972 0.145424 0.969564 0.000000 0.000000 0.000000 0.000000 1.000000
-0.628957 0.739675 -0.239363 0.000000 -0.751373 -0.657399 -0.057153 22.759399 -0.199631 0.143904 0.969247 0.000000 0.000000 0.000000 0.000000 1.000000
-0.645493 0.724684 -0.241189 -0.000000 -0.736498 -0.674224 -0.054710 22.759399 -0.202263 0.142320 0.968935 0.000000 0.000000 0.000000 0.000000 1.000000
-0.661256 0.709743 -0.242911 0.000000 -0.721667 -0.690263 -0.052294 22.759399 -0.204788 0.140722 0.968638 -0.000000 0.000000 0.000000 0.000000 1.000000
-0.679082 0.692028 -0.244838 0.000000 -0.704076 -0.708400 -0.049451 22.759399 -0.207665 0.138803 0.968302 0.000000 0.000000 0.000000 0.000000 1.000000
-0.693204 0.677334 -0.246348 0.000000 -0.689481 -0.722770 -0.047111 22.759399 -0.209963 0.137194 0.968036 0.000000 0.000000 0.000000 0.000000 1.000000
-0.651238 0.719314 -0.241819 0.000000 -0.731168 -0.680070 -0.053840 22.759399 -0.203181 0.141748 0.968827 0.000000 0.000000 0.000000 0.000000 1.000000
-0.293811 0.934814 -0.199494 0.000000 -0.944151 -0.316392 -0.092061 22.759399 -0.149179 0.161304 0.975565 0.000000 0.000000 0.000000 0.000000 1.000000
0.536682 0.839451 -0.085402 0.000000 -0.842861 0.528610 -0.100780 22.759399 -0.039456 0.126068 0.991237 0.000000 0.000000 0.000000 0.000000 1.000000
0.941099 0.337663 -0.017812 -0.000000 -0.338127 0.940079 -0.043842 22.759399 0.001941 0.047283 0.998880 0.000000 0.000000 0.000000 0.000000 1.000000
0.974184 0.225516 -0.010404 0.000000 -0.225729 0.973739 -0.029632 22.759399 0.003449 0.031215 0.999507 0.000000 0.000000 0.000000 0.000000 1.000000
0.985864 0.167391 -0.007299 -0.000000 -0.167514 0.985621 -0.022125 22.759399 0.003491 0.023035 0.999729 -0.000000 0.000000 0.000000 0.000000 1.000000
0.861393 0.506867 -0.032991 -0.000000 -0.507921 0.858985 -0.064511 22.759399 -0.004360 0.072326 0.997372 -0.000000 0.000000 0.000000 0.000000 1.000000
0.447704 0.888723 -0.098657 0.000000 -0.892773 0.438078 -0.105093 22.759399 -0.050179 0.135129 0.989557 -0.000000 0.000000 0.000000 0.000000 1.000000
-0.028648 0.985841 -0.165218 0.000000 -0.993296 -0.046595 -0.105793 22.759399 -0.111993 0.161080 0.980566 -0.000000 0.000000 0.000000 0.000000 1.000000
-0.308043 0.929838 -0.201274 0.000000 -0.939275 -0.330873 -0.091024 22.759399 -0.151234 0.161013 0.975297 -0.000000 0.000000 0.000000 0.000000 1.000000
-0.411354 0.885999 -0.213995 0.000000 -0.896166 -0.435990 -0.082455 22.759399 -0.166355 0.157857 0.973348 0.000000 0.000000 0.000000 0.000000 1.000000
-0.457284 0.861800 -0.219527 0.000000 -0.872292 -0.482723 -0.078013 22.759399 -0.173202 0.155817 0.972482 0.000000 0.000000 0.000000 0.000000 1.000000
-0.490535 0.842278 -0.223478 0.000000 -0.853004 -0.516556 -0.074528 22.759399 -0.178212 0.154069 0.971856 0.000000 0.000000 0.000000 0.000000 1.000000
-0.506885 0.832022 -0.225403 0.000000 -0.842863 -0.533191 -0.072726 22.759399 -0.180693 0.153120 0.971547 0.000000 0.000000 0.000000 0.000000 1.000000
-0.507588 0.831571 -0.225486 0.000000 -0.842417 -0.533907 -0.072647 22.759399 -0.180800 0.153078 0.971534 -0.000000 0.000000 0.000000 0.000000 1.000000
-0.499140 0.836936 -0.224493 0.000000 -0.847722 -0.525311 -0.073587 22.759399 -0.179516 0.153577 0.971693 0.000000 0.000000 0.000000 0.000000 1.000000
-0.487509 0.844129 -0.223120 -0.000000 -0.854833 -0.513476 -0.074855 22.759399 -0.177754 0.154237 0.971913 0.000000 0.000000 0.000000 0.000000 1.000000
-0.477344 0.850233 -0.221916 0.000000 -0.860865 -0.503134 -0.075939 22.759399 -0.176219 0.154791 0.972104 -0.000000 0.000000 0.000000 0.000000 1.000000
-0.472771 0.852925 -0.221373 0.000000 -0.863526 -0.498481 -0.076419 22.759399 -0.175530 0.155032 0.972190 0.000000 0.000000 0.000000 0.000000 1.000000
-0.473807 0.852318 -0.221496 0.000000 -0.862926 -0.499535 -0.076312 22.759399 -0.175687 0.154977 0.972171 -0.000000 0.000000 0.000000 0.000000 1.000000
-0.475150 0.851529 -0.221655 0.000000 -0.862146 -0.500902 -0.076170 22.759399 -0.175888 0.154907 0.972146 0.000000 0.000000 0.000000 0.000000 1.000000
-0.473565 0.852460 -0.221467 0.000000 -0.863067 -0.499288 -0.076336 22.759399 -0.175649 0.154991 0.972175 0.000000 0.000000 0.000000 0.000000 1.000000
-0.470123 0.854470 -0.221057 -0.000000 -0.865051 -0.495786 -0.076695 22.759399 -0.175131 0.155170 0.972240 -0.000000 0.000000 0.000000 0.000000 1.000000
-0.466808 0.856387 -0.220663 0.000000 -0.866945 -0.492414 -0.077039 22.759399 -0.174633 0.155340 0.972303 -0.000000 0.000000 0.000000 0.000000 1.000000
-0.464217 0.857874 -0.220354 -0.000000 -0.868414 -0.489777 -0.077306 22.759399 -0.174243 0.155472 0.972352 0.000000 0.000000 0.000000 0.000000 1.000000
-0.461295 0.859537 -0.220006 0.000000 -0.870057 -0.486804 -0.077606 22.759399 -0.173805 0.155618 0.972407 0.000000 0.000000 0.000000 0.000000 1.000000
-0.457477 0.861692 -0.219550 0.000000 -0.872185 -0.482919 -0.077994 22.759399 -0.173231 0.155807 0.972479 0.000000 0.000000 0.000000 0.000000 1.000000</float_array>
        <technique_common>
          <accessor source="#mixamorig_RightForeArm-Matrix-animation-output-transform-array" count="42" stride="16">
            <param type="float4x4"/>
          </accessor>
        </technique_common>
      </source>
      <source id="mixamorig_RightForeArm-Interpolations">
        <Name_array id="mixamorig_RightForeArm-Interpolations-array" count="42">
 LINEAR LINEAR LINEAR LINEAR LINEAR LINEAR LINEAR LINEAR LINEAR LINEAR LINEAR
LINEAR LINEAR LINEAR LINEAR LINEAR LINEAR LINEAR LINEAR LINEAR LINEAR LINEAR LINEAR
LINEAR LINEAR LINEAR LINEAR LINEAR LINEAR LINEAR LINEAR LINEAR LINEAR LINEAR LINEAR
LINEAR LINEAR LINEAR LINEAR LINEAR LINEAR LINEAR</Name_array>
        <technique_common>
          <accessor source="#mixamorig_RightForeArm-Interpolations-array" count="42">
            <param type="name"/>
          </accessor>
        </technique_common>
      </source>
      <sampler id="mixamorig_RightForeArm-Matrix-animation-transform">
        <input semantic="INPUT" source="#mixamorig_RightForeArm-Matrix-animation-input"/>
        <input semantic="OUTPUT" source="#mixamorig_RightForeArm-Matrix-animation-output-transform"/>
        <input semantic="INTERPOLATION" source="#mixamorig_RightForeArm-Interpolations"/>
      </sampler>
      <channel source="#mixamorig_RightForeArm-Matrix-animation-transform" target="mixamorig_RightForeArm/matrix"/>
    </animation>
    <animation id="mixamorig_RightHand-anim" name="mixamorig_RightHand">
      <source id="mixamorig_RightHand-Matrix-animation-input">
        <float_array id="mixamorig_RightHand-Matrix-animation-input-array" count="42">

0.000000 0.033333 0.066667 0.100000 0.133333 0.166667 0.200000 0.233333 0.266667 0.300000 0.333333 0.366667 0.400000 0.433333 0.466667 0.500000
0.533333 0.566667 0.600000 0.633333 0.666667 0.700000 0.733333 0.766667 0.800000 0.833333 0.866667 0.900000 0.933333 0.966667 1.000000 1.033333
1.066667 1.100000 1.133333 1.166667 1.200000 1.233333 1.266667 1.300000 1.333333 1.366667</float_array>
        <technique_common>
          <accessor source="#mixamorig_RightHand-Matrix-animation-input-array" count="42">
            <param name="TIME" type="float"/>
          </accessor>
        </technique_common>
      </source>
      <source id="mixamorig_RightHand-Matrix-animation-output-transform">
        <float_array id="mixamorig_RightHand-Matrix-animation-output-transform-array" count="672">

0.993056 -0.055919 0.103506 -0.000000 0.059154 0.997843 -0.028451 32.238098 -0.101692 0.034376 0.994222 0.000000 0.000000 0.000000 0.000000 1.000000
0.990850 -0.056074 0.122765 -0.000000 0.060954 0.997478 -0.036360 32.238098 -0.120417 0.043510 0.991769 0.000000 0.000000 0.000000 0.000000 1.000000
0.986799 -0.056976 0.151597 0.000000 0.064884 0.996750 -0.047738 32.238098 -0.148385 0.056944 0.987289 -0.000000 0.000000 0.000000 0.000000 1.000000
0.981780 -0.046426 0.184264 -0.000000 0.058931 0.996274 -0.062978 32.238098 -0.180653 0.072689 0.980857 0.000000 0.000000 0.000000 0.000000 1.000000
0.975343 -0.027813 0.218934 0.000000 0.046714 0.995567 -0.081634 32.238098 -0.215693 0.089849 0.972319 0.000000 0.000000 0.000000 0.000000 1.000000
0.966342 -0.014135 0.256873 -0.000000 0.038998 0.994999 -0.091955 32.238098 -0.254288 0.098877 0.962061 -0.000000 0.000000 0.000000 0.000000 1.000000
0.954416 -0.011638 0.298252 -0.000000 0.039425 0.995400 -0.087320 32.238098 -0.295863 0.095098 0.950485 0.000000 0.000000 0.000000 0.000000 1.000000
0.937206 -0.011252 0.348595 0.000000 0.043578 0.995425 -0.085029 32.238098 -0.346044 0.094881 0.933408 0.000000 0.000000 0.000000 0.000000 1.000000
0.910777 -0.000540 0.412898 0.000000 0.042808 0.994734 -0.093125 32.238098 -0.410673 0.102492 0.906004 0.000000 0.000000 0.000000 0.000000 1.000000
0.878011 0.025349 0.477969 0.000000 0.026110 0.994573 -0.100710 32.238098 -0.477928 0.100904 0.872584 -0.000000 0.000000 0.000000 0.000000 1.000000
0.855368 0.054530 0.515142 0.000000 -0.000869 0.994594 -0.103839 32.238098 -0.518019 0.088373 0.850792 0.000000 0.000000 0.000000 0.000000 1.000000
0.861923 0.084702 0.499914 0.000000 -0.030609 0.992842 -0.115446 32.238098 -0.506114 0.084204 0.858346 0.000000 0.000000 0.000000 0.000000 1.000000
0.896590 0.122634 0.425543 0.000000 -0.071452 0.988363 -0.134286 32.238098 -0.437059 0.089994 0.894919 0.000000 0.000000 0.000000 0.000000 1.000000
0.934603 0.129272 0.331370 -0.000000 -0.094632 0.988411 -0.118691 32.238098 -0.342873 0.079571 0.936006 0.000000 0.000000 0.000000 0.000000 1.000000
0.949849 0.059248 0.307046 0.000000 -0.041659 0.997110 -0.063530 32.238098 -0.309923 0.047553 0.949572 -0.000000 0.000000 0.000000 0.000000 1.000000
0.927837 -0.059584 0.368195 0.000000 0.050876 0.998149 0.033320 32.238098 -0.369499 -0.012183 0.929151 -0.000000 0.000000 0.000000 0.000000 1.000000
0.920306 -0.150777 0.360975 0.000000 0.144887 0.988492 0.043498 32.238098 -0.363380 0.012269 0.931560 0.000000 0.000000 0.000000 0.000000 1.000000
0.982248 -0.164593 0.089991 0.000000 0.172315 0.981274 -0.086070 32.238098 -0.074139 0.100049 0.992216 0.000000 0.000000 0.000000 0.000000 1.000000
0.944953 -0.151278 -0.290137 0.000000 0.129542 0.987219 -0.092831 32.238098 0.300472 0.050136 0.952472 0.000000 0.000000 0.000000 0.000000 1.000000
0.877744 -0.179647 -0.444176 -0.000000 0.176411 0.983096 -0.049005 32.238098 0.445472 -0.035344 0.894598 0.000000 0.000000 0.000000 0.000000 1.000000
0.897861 -0.201285 -0.391573 -0.000000 0.220104 0.975471 0.003254 32.238098 0.381313 -0.089109 0.920141 0.000000 0.000000 0.000000 0.000000 1.000000
0.940584 -0.245208 -0.234894 0.000000 0.266948 0.961502 0.065216 32.238098 0.209859 -0.124045 0.969831 -0.000000 0.000000 0.000000 0.000000 1.000000
0.958640 -0.271844 -0.084325 0.000000 0.282960 0.942225 0.179293 32.238098 0.030714 -0.195738 0.980175 0.000000 0.000000 0.000000 0.000000 1.000000
0.960425 -0.278515 -0.003734 -0.000000 0.268444 0.921953 0.279179 32.238098 -0.074313 -0.269133 0.960232 0.000000 0.000000 0.000000 0.000000 1.000000
0.974757 -0.223269 0.000179 0.000000 0.213569 0.932644 0.290799 32.238098 -0.065093 -0.283420 0.956784 -0.000000 0.000000 0.000000 0.000000 1.000000
0.990726 -0.135384 -0.011551 0.000000 0.134625 0.966536 0.218367 32.238098 -0.018399 -0.217897 0.975798 -0.000000 0.000000 0.000000 0.000000 1.000000
0.996818 -0.079506 0.005804 0.000000 0.077588 0.984332 0.158337 32.238098 -0.018302 -0.157383 0.987368 0.000000 0.000000 0.000000 0.000000 1.000000
0.997762 -0.059149 0.031175 -0.000000 0.053727 0.986804 0.152747 32.238098 -0.039799 -0.150730 0.987774 0.000000 0.000000 0.000000 0.000000 1.000000
0.996746 -0.055192 0.058751 -0.000000 0.045639 0.987159 0.153082 32.238098 -0.066445 -0.149902 0.986466 0.000000 0.000000 0.000000 0.000000 1.000000
0.994790 -0.052965 0.087103 0.000000 0.040039 0.988772 0.143965 32.238098 -0.093750 -0.139728 0.985742 0.000000 0.000000 0.000000 0.000000 1.000000
0.992530 -0.051574 0.110564 -0.000000 0.037435 0.991280 0.126347 32.238098 -0.116116 -0.121264 0.985805 0.000000 0.000000 0.000000 0.000000 1.000000
0.991016 -0.051108 0.123592 -0.000000 0.038496 0.994002 0.102364 32.238098 -0.128082 -0.096687 0.987039 0.000000 0.000000 0.000000 0.000000 1.000000
0.990519 -0.053061 0.126718 0.000000 0.043490 0.996072 0.077135 32.238098 -0.130313 -0.070893 0.988935 0.000000 0.000000 0.000000 0.000000 1.000000
0.990827 -0.058930 0.121614 0.000000 0.052529 0.997093 0.055189 32.238098 -0.124513 -0.048295 0.991042 -0.000000 0.000000 0.000000 0.000000 1.000000
0.991243 -0.065538 0.114640 -0.000000 0.061527 0.997375 0.038183 32.238098 -0.116841 -0.030795 0.992673 0.000000 0.000000 0.000000 0.000000 1.000000
0.991402 -0.070981 0.109925 -0.000000 0.068767 0.997349 0.023805 32.238098 -0.111324 -0.016041 0.993655 0.000000 0.000000 0.000000 0.000000 1.000000
0.991382 -0.075876 0.106795 0.000000 0.075119 0.997113 0.011104 32.238098 -0.107329 -0.002986 0.994219 -0.000000 0.000000 0.000000 0.000000 1.000000
0.991400 -0.081061 0.102737 0.000000 0.081416 0.996680 0.000737 32.238098 -0.102455 0.007633 0.994708 0.000000 0.000000 0.000000 0.000000 1.000000
0.991586 -0.084956 0.097672 0.000000 0.086000 0.996274 -0.006522 32.238098 -0.096754 0.014867 0.995197 0.000000 0.000000 0.000000 0.000000 1.000000
0.992004 -0.085936 0.092428 0.000000 0.087253 0.996133 -0.010287 32.238098 -0.091187 0.018269 0.995666 0.000000 0.000000 0.000000 0.000000 1.000000
0.992516 -0.084511 0.088150 -0.000000 0.086043 0.996197 -0.013720 32.238098 -0.086656 0.021202 0.996013 0.000000 0.000000 0.000000 0.000000 1.000000
0.992980 -0.081995 0.085247 0.000000 0.083990 0.996264 -0.020071 32.238098 -0.083283 0.027090 0.996158 0.000000 0.000000 0.000000 0.000000 1.000000</float_array>
        <technique_common>
          <accessor source="#mixamorig_RightHand-Matrix-animation-output-transform-array" count="42" stride="16">
            <param type="float4x4"/>
          </accessor>
        </technique_common>
      </source>
      <source id="mixamorig_RightHand-Interpolations">
        <Name_array id="mixamorig_RightHand-Interpolations-array" count="42">
 LINEAR LINEAR LINEAR LINEAR LINEAR LINEAR LINEAR LINEAR LINEAR LINEAR LINEAR
LINEAR LINEAR LINEAR LINEAR LINEAR LINEAR LINEAR LINEAR LINEAR LINEAR LINEAR LINEAR
LINEAR LINEAR LINEAR LINEAR LINEAR LINEAR LINEAR LINEAR LINEAR LINEAR LINEAR LINEAR
LINEAR LINEAR LINEAR LINEAR LINEAR LINEAR LINEAR</Name_array>
        <technique_common>
          <accessor source="#mixamorig_RightHand-Interpolations-array" count="42">
            <param type="name"/>
          </accessor>
        </technique_common>
      </source>
      <sampler id="mixamorig_RightHand-Matrix-animation-transform">
        <input semantic="INPUT" source="#mixamorig_RightHand-Matrix-animation-input"/>
        <input semantic="OUTPUT" source="#mixamorig_RightHand-Matrix-animation-output-transform"/>
        <input semantic="INTERPOLATION" source="#mixamorig_RightHand-Interpolations"/>
      </sampler>
      <channel source="#mixamorig_RightHand-Matrix-animation-transform" target="mixamorig_RightHand/matrix"/>
    </animation>
    <animation id="mixamorig_RightHandThumb1-anim" name="mixamorig_RightHandThumb1">
      <source id="mixamorig_RightHandThumb1-Matrix-animation-input">
        <float_array id="mixamorig_RightHandThumb1-Matrix-animation-input-array" count="42">

0.000000 0.033333 0.066667 0.100000 0.133333 0.166667 0.200000 0.233333 0.266667 0.300000 0.333333 0.366667 0.400000 0.433333 0.466667 0.500000
0.533333 0.566667 0.600000 0.633333 0.666667 0.700000 0.733333 0.766667 0.800000 0.833333 0.866667 0.900000 0.933333 0.966667 1.000000 1.033333
1.066667 1.100000 1.133333 1.166667 1.200000 1.233333 1.266667 1.300000 1.333333 1.366667</float_array>
        <technique_common>
          <accessor source="#mixamorig_RightHandThumb1-Matrix-animation-input-array" count="42">
            <param name="TIME" type="float"/>
          </accessor>
        </technique_common>
      </source>
      <source id="mixamorig_RightHandThumb1-Matrix-animation-output-transform">
        <float_array id="mixamorig_RightHandThumb1-Matrix-animation-output-transform-array" count="672">

0.943723 0.233759 -0.233974 4.694200 -0.316942 0.841371 -0.437770 3.849300 0.094526 0.487289 0.868109 2.684900 0.000000 0.000000 0.000000 1.000000
0.943723 0.233759 -0.233974 4.694200 -0.316942 0.841371 -0.437770 3.849300 0.094526 0.487290 0.868109 2.684900 0.000000 0.000000 0.000000 1.000000
0.943723 0.233759 -0.233974 4.694200 -0.316941 0.841371 -0.437770 3.849300 0.094526 0.487289 0.868109 2.684900 0.000000 0.000000 0.000000 1.000000
0.943723 0.233759 -0.233974 4.694200 -0.316942 0.841371 -0.437770 3.849300 0.094526 0.487289 0.868109 2.684900 0.000000 0.000000 0.000000 1.000000
0.943723 0.233759 -0.233974 4.694200 -0.316942 0.841371 -0.437770 3.849300 0.094526 0.487289 0.868109 2.684900 0.000000 0.000000 0.000000 1.000000
0.943723 0.233759 -0.233974 4.694200 -0.316941 0.841372 -0.437769 3.849300 0.094526 0.487289 0.868110 2.684900 0.000000 0.000000 0.000000 1.000000
0.943723 0.233759 -0.233974 4.694200 -0.316942 0.841371 -0.437770 3.849300 0.094526 0.487290 0.868109 2.684900 0.000000 0.000000 0.000000 1.000000
0.943723 0.233759 -0.233973 4.694200 -0.316941 0.841371 -0.437770 3.849300 0.094526 0.487289 0.868110 2.684900 0.000000 0.000000 0.000000 1.000000
0.943723 0.233759 -0.233974 4.694200 -0.316941 0.841371 -0.437770 3.849300 0.094526 0.487290 0.868109 2.684900 0.000000 0.000000 0.000000 1.000000
0.943723 0.233759 -0.233974 4.694200 -0.316942 0.841371 -0.437770 3.849300 0.094526 0.487289 0.868109 2.684900 0.000000 0.000000 0.000000 1.000000
0.943723 0.233759 -0.233974 4.694200 -0.316942 0.841371 -0.437770 3.849300 0.094526 0.487289 0.868109 2.684900 0.000000 0.000000 0.000000 1.000000
0.943723 0.233759 -0.233974 4.694200 -0.316941 0.841371 -0.437770 3.849300 0.094526 0.487290 0.868109 2.684900 0.000000 0.000000 0.000000 1.000000
0.943723 0.233759 -0.233974 4.694200 -0.316942 0.841371 -0.437770 3.849300 0.094526 0.487290 0.868109 2.684900 0.000000 0.000000 0.000000 1.000000
0.943723 0.233759 -0.233974 4.694200 -0.316942 0.841371 -0.437770 3.849300 0.094526 0.487289 0.868109 2.684900 0.000000 0.000000 0.000000 1.000000
0.943723 0.233759 -0.233974 4.694200 -0.316942 0.841371 -0.437770 3.849300 0.094526 0.487289 0.868109 2.684900 0.000000 0.000000 0.000000 1.000000
0.943723 0.233759 -0.233974 4.694200 -0.316941 0.841371 -0.437770 3.849300 0.094526 0.487289 0.868109 2.684900 0.000000 0.000000 0.000000 1.000000
0.943723 0.233759 -0.233974 4.694200 -0.316941 0.841371 -0.437770 3.849300 0.094526 0.487289 0.868109 2.684900 0.000000 0.000000 0.000000 1.000000
0.943723 0.233759 -0.233974 4.694200 -0.316942 0.841371 -0.437770 3.849300 0.094526 0.487289 0.868109 2.684900 0.000000 0.000000 0.000000 1.000000
0.943723 0.233759 -0.233974 4.694200 -0.316941 0.841371 -0.437770 3.849300 0.094526 0.487289 0.868109 2.684900 0.000000 0.000000 0.000000 1.000000
0.943723 0.233760 -0.233974 4.694200 -0.316942 0.841371 -0.437770 3.849300 0.094526 0.487290 0.868109 2.684900 0.000000 0.000000 0.000000 1.000000
0.943723 0.233759 -0.233974 4.694200 -0.316942 0.841371 -0.437770 3.849300 0.094526 0.487289 0.868109 2.684900 0.000000 0.000000 0.000000 1.000000
0.943723 0.233759 -0.233974 4.694200 -0.316942 0.841371 -0.437770 3.849300 0.094526 0.487290 0.868109 2.684900 0.000000 0.000000 0.000000 1.000000
0.943723 0.233759 -0.233974 4.694200 -0.316941 0.841371 -0.437770 3.849300 0.094526 0.487290 0.868109 2.684900 0.000000 0.000000 0.000000 1.000000
0.943723 0.233759 -0.233974 4.694200 -0.316941 0.841372 -0.437770 3.849300 0.094526 0.487289 0.868109 2.684900 0.000000 0.000000 0.000000 1.000000
0.943723 0.233759 -0.233974 4.694200 -0.316941 0.841371 -0.437770 3.849300 0.094526 0.487290 0.868109 2.684900 0.000000 0.000000 0.000000 1.000000
0.943723 0.233759 -0.233974 4.694200 -0.316941 0.841371 -0.437770 3.849300 0.094526 0.487289 0.868109 2.684900 0.000000 0.000000 0.000000 1.000000
0.943723 0.233759 -0.233974 4.694200 -0.316941 0.841371 -0.437770 3.849300 0.094526 0.487289 0.868109 2.684900 0.000000 0.000000 0.000000 1.000000
0.943723 0.233759 -0.233974 4.694200 -0.316942 0.841371 -0.437770 3.849300 0.094526 0.487290 0.868109 2.684900 0.000000 0.000000 0.000000 1.000000
0.943723 0.233759 -0.233974 4.694200 -0.316942 0.841371 -0.437770 3.849300 0.094526 0.487290 0.868109 2.684900 0.000000 0.000000 0.000000 1.000000
0.943723 0.233759 -0.233974 4.694200 -0.316942 0.841371 -0.437770 3.849300 0.094526 0.487290 0.868109 2.684900 0.000000 0.000000 0.000000 1.000000
0.943723 0.233759 -0.233974 4.694200 -0.316941 0.841371 -0.437770 3.849300 0.094526 0.487289 0.868109 2.684900 0.000000 0.000000 0.000000 1.000000
0.943723 0.233759 -0.233974 4.694200 -0.316942 0.841371 -0.437770 3.849300 0.094526 0.487290 0.868109 2.684900 0.000000 0.000000 0.000000 1.000000
0.943723 0.233759 -0.233974 4.694200 -0.316942 0.841371 -0.437770 3.849300 0.094526 0.487290 0.868109 2.684900 0.000000 0.000000 0.000000 1.000000
0.943723 0.233759 -0.233974 4.694200 -0.316941 0.841371 -0.437770 3.849300 0.094526 0.487290 0.868109 2.684900 0.000000 0.000000 0.000000 1.000000
0.943723 0.233759 -0.233974 4.694200 -0.316941 0.841371 -0.437770 3.849300 0.094526 0.487289 0.868109 2.684900 0.000000 0.000000 0.000000 1.000000
0.943723 0.233759 -0.233974 4.694200 -0.316941 0.841371 -0.437770 3.849300 0.094526 0.487289 0.868109 2.684900 0.000000 0.000000 0.000000 1.000000
0.943723 0.233759 -0.233974 4.694200 -0.316941 0.841372 -0.437769 3.849300 0.094526 0.487289 0.868110 2.684900 0.000000 0.000000 0.000000 1.000000
0.943723 0.233759 -0.233974 4.694200 -0.316942 0.841371 -0.437770 3.849300 0.094526 0.487290 0.868109 2.684900 0.000000 0.000000 0.000000 1.000000
0.943723 0.233759 -0.233974 4.694200 -0.316942 0.841371 -0.437770 3.849300 0.094526 0.487289 0.868109 2.684900 0.000000 0.000000 0.000000 1.000000
0.943723 0.233759 -0.233974 4.694200 -0.316941 0.841371 -0.437770 3.849300 0.094526 0.487290 0.868109 2.684900 0.000000 0.000000 0.000000 1.000000
0.943723 0.233759 -0.233974 4.694200 -0.316942 0.841371 -0.437770 3.849300 0.094526 0.487289 0.868109 2.684900 0.000000 0.000000 0.000000 1.000000
0.943723 0.233759 -0.233974 4.694200 -0.316941 0.841372 -0.437769 3.849300 0.094526 0.487289 0.868110 2.684900 0.000000 0.000000 0.000000 1.000000</float_array>
        <technique_common>
          <accessor source="#mixamorig_RightHandThumb1-Matrix-animation-output-transform-array" count="42" stride="16">
            <param type="float4x4"/>
          </accessor>
        </technique_common>
      </source>
      <source id="mixamorig_RightHandThumb1-Interpolations">
        <Name_array id="mixamorig_RightHandThumb1-Interpolations-array" count="42">
 LINEAR LINEAR LINEAR LINEAR LINEAR LINEAR LINEAR LINEAR LINEAR LINEAR LINEAR
LINEAR LINEAR LINEAR LINEAR LINEAR LINEAR LINEAR LINEAR LINEAR LINEAR LINEAR LINEAR
LINEAR LINEAR LINEAR LINEAR LINEAR LINEAR LINEAR LINEAR LINEAR LINEAR LINEAR LINEAR
LINEAR LINEAR LINEAR LINEAR LINEAR LINEAR LINEAR</Name_array>
        <technique_common>
          <accessor source="#mixamorig_RightHandThumb1-Interpolations-array" count="42">
            <param type="name"/>
          </accessor>
        </technique_common>
      </source>
      <sampler id="mixamorig_RightHandThumb1-Matrix-animation-transform">
        <input semantic="INPUT" source="#mixamorig_RightHandThumb1-Matrix-animation-input"/>
        <input semantic="OUTPUT" source="#mixamorig_RightHandThumb1-Matrix-animation-output-transform"/>
        <input semantic="INTERPOLATION" source="#mixamorig_RightHandThumb1-Interpolations"/>
      </sampler>
      <channel source="#mixamorig_RightHandThumb1-Matrix-animation-transform" target="mixamorig_RightHandThumb1/matrix"/>
    </animation>
    <animation id="mixamorig_RightHandThumb2-anim" name="mixamorig_RightHandThumb2">
      <source id="mixamorig_RightHandThumb2-Matrix-animation-input">
        <float_array id="mixamorig_RightHandThumb2-Matrix-animation-input-array" count="42">

0.000000 0.033333 0.066667 0.100000 0.133333 0.166667 0.200000 0.233333 0.266667 0.300000 0.333333 0.366667 0.400000 0.433333 0.466667 0.500000
0.533333 0.566667 0.600000 0.633333 0.666667 0.700000 0.733333 0.766667 0.800000 0.833333 0.866667 0.900000 0.933333 0.966667 1.000000 1.033333
1.066667 1.100000 1.133333 1.166667 1.200000 1.233333 1.266667 1.300000 1.333333 1.366667</float_array>
        <technique_common>
          <accessor source="#mixamorig_RightHandThumb2-Matrix-animation-input-array" count="42">
            <param name="TIME" type="float"/>
          </accessor>
        </technique_common>
      </source>
      <source id="mixamorig_RightHandThumb2-Matrix-animation-output-transform">
        <float_array id="mixamorig_RightHandThumb2-Matrix-animation-output-transform-array" count="672">

0.910604 -0.411501 -0.038309 1.059100 0.396330 0.895771 -0.201287 5.203600 0.117146 0.168110 0.978783 0.000000 0.000000 0.000000 0.000000 1.000000
0.910604 -0.411501 -0.038308 1.059100 0.396330 0.895771 -0.201287 5.203600 0.117145 0.168110 0.978783 0.000000 0.000000 0.000000 0.000000 1.000000
0.910604 -0.411500 -0.038309 1.059100 0.396330 0.895771 -0.201287 5.203600 0.117145 0.168110 0.978783 -0.000000 0.000000 0.000000 0.000000 1.000000
0.910604 -0.411500 -0.038308 1.059100 0.396330 0.895771 -0.201287 5.203600 0.117145 0.168110 0.978783 0.000000 0.000000 0.000000 0.000000 1.000000
0.910604 -0.411500 -0.038308 1.059100 0.396329 0.895771 -0.201287 5.203600 0.117145 0.168110 0.978783 0.000000 0.000000 0.000000 0.000000 1.000000
0.910604 -0.411501 -0.038308 1.059100 0.396330 0.895771 -0.201287 5.203600 0.117145 0.168110 0.978783 -0.000000 0.000000 0.000000 0.000000 1.000000
0.910604 -0.411501 -0.038309 1.059100 0.396330 0.895771 -0.201287 5.203600 0.117145 0.168110 0.978783 0.000000 0.000000 0.000000 0.000000 1.000000
0.910604 -0.411500 -0.038309 1.059100 0.396329 0.895772 -0.201287 5.203600 0.117145 0.168110 0.978783 -0.000000 0.000000 0.000000 0.000000 1.000000
0.910604 -0.411500 -0.038308 1.059100 0.396330 0.895771 -0.201287 5.203600 0.117145 0.168110 0.978783 0.000000 0.000000 0.000000 0.000000 1.000000
0.910604 -0.411501 -0.038308 1.059100 0.396330 0.895771 -0.201287 5.203600 0.117145 0.168110 0.978783 0.000000 0.000000 0.000000 0.000000 1.000000
0.910604 -0.411500 -0.038308 1.059100 0.396330 0.895771 -0.201287 5.203600 0.117145 0.168110 0.978783 -0.000000 0.000000 0.000000 0.000000 1.000000
0.910604 -0.411500 -0.038308 1.059100 0.396329 0.895771 -0.201287 5.203600 0.117145 0.168110 0.978783 0.000000 0.000000 0.000000 0.000000 1.000000
0.910604 -0.411501 -0.038308 1.059100 0.396330 0.895771 -0.201287 5.203600 0.117145 0.168110 0.978783 0.000000 0.000000 0.000000 0.000000 1.000000
0.910604 -0.411500 -0.038308 1.059100 0.396330 0.895771 -0.201287 5.203600 0.117145 0.168110 0.978783 -0.000000 0.000000 0.000000 0.000000 1.000000
0.910604 -0.411501 -0.038308 1.059100 0.396330 0.895771 -0.201287 5.203600 0.117145 0.168110 0.978783 0.000000 0.000000 0.000000 0.000000 1.000000
0.910604 -0.411501 -0.038308 1.059100 0.396330 0.895771 -0.201287 5.203600 0.117145 0.168110 0.978783 0.000000 0.000000 0.000000 0.000000 1.000000
0.910604 -0.411501 -0.038309 1.059100 0.396330 0.895771 -0.201287 5.203600 0.117145 0.168110 0.978783 0.000000 0.000000 0.000000 0.000000 1.000000
0.910604 -0.411500 -0.038308 1.059100 0.396329 0.895771 -0.201287 5.203600 0.117145 0.168110 0.978783 0.000000 0.000000 0.000000 0.000000 1.000000
0.910604 -0.411500 -0.038308 1.059100 0.396330 0.895771 -0.201287 5.203600 0.117145 0.168110 0.978783 0.000000 0.000000 0.000000 0.000000 1.000000
0.910604 -0.411500 -0.038309 1.059100 0.396329 0.895772 -0.201287 5.203600 0.117145 0.168110 0.978783 -0.000000 0.000000 0.000000 0.000000 1.000000
0.910604 -0.411500 -0.038308 1.059100 0.396329 0.895771 -0.201287 5.203600 0.117145 0.168110 0.978783 0.000000 0.000000 0.000000 0.000000 1.000000
0.910604 -0.411500 -0.038309 1.059100 0.396329 0.895772 -0.201287 5.203600 0.117145 0.168110 0.978783 0.000000 0.000000 0.000000 0.000000 1.000000
0.910604 -0.411500 -0.038308 1.059100 0.396329 0.895772 -0.201287 5.203600 0.117145 0.168110 0.978783 0.000000 0.000000 0.000000 0.000000 1.000000
0.910604 -0.411500 -0.038308 1.059100 0.396330 0.895771 -0.201287 5.203600 0.117145 0.168110 0.978783 0.000000 0.000000 0.000000 0.000000 1.000000
0.910604 -0.411500 -0.038309 1.059100 0.396329 0.895772 -0.201287 5.203600 0.117145 0.168110 0.978783 0.000000 0.000000 0.000000 0.000000 1.000000
0.910604 -0.411501 -0.038309 1.059100 0.396330 0.895771 -0.201287 5.203600 0.117146 0.168110 0.978783 0.000000 0.000000 0.000000 0.000000 1.000000
0.910604 -0.411501 -0.038308 1.059100 0.396330 0.895771 -0.201287 5.203600 0.117145 0.168110 0.978783 0.000000 0.000000 0.000000 0.000000 1.000000
0.910604 -0.411501 -0.038309 1.059100 0.396330 0.895771 -0.201286 5.203600 0.117145 0.168109 0.978783 0.000000 0.000000 0.000000 0.000000 1.000000
0.910604 -0.411501 -0.038308 1.059100 0.396330 0.895771 -0.201287 5.203600 0.117145 0.168110 0.978783 0.000000 0.000000 0.000000 0.000000 1.000000
0.910604 -0.411501 -0.038308 1.059100 0.396330 0.895771 -0.201287 5.203600 0.117145 0.168110 0.978783 0.000000 0.000000 0.000000 0.000000 1.000000
0.910604 -0.411501 -0.038309 1.059100 0.396330 0.895771 -0.201287 5.203600 0.117146 0.168110 0.978783 -0.000000 0.000000 0.000000 0.000000 1.000000
0.910604 -0.411501 -0.038309 1.059100 0.396330 0.895771 -0.201287 5.203600 0.117146 0.168110 0.978783 -0.000000 0.000000 0.000000 0.000000 1.000000
0.910604 -0.411500 -0.038309 1.059100 0.396330 0.895771 -0.201287 5.203600 0.117145 0.168110 0.978783 0.000000 0.000000 0.000000 0.000000 1.000000
0.910604 -0.411500 -0.038308 1.059100 0.396330 0.895771 -0.201287 5.203600 0.117145 0.168110 0.978783 0.000000 0.000000 0.000000 0.000000 1.000000
0.910604 -0.411501 -0.038308 1.059100 0.396330 0.895771 -0.201287 5.203600 0.117145 0.168110 0.978783 0.000000 0.000000 0.000000 0.000000 1.000000
0.910604 -0.411500 -0.038309 1.059100 0.396329 0.895772 -0.201287 5.203600 0.117145 0.168110 0.978783 0.000000 0.000000 0.000000 0.000000 1.000000
0.910604 -0.411500 -0.038308 1.059100 0.396329 0.895771 -0.201287 5.203600 0.117145 0.168110 0.978783 -0.000000 0.000000 0.000000 0.000000 1.000000
0.910604 -0.411500 -0.038308 1.059100 0.396330 0.895771 -0.201287 5.203600 0.117145 0.168110 0.978783 -0.000000 0.000000 0.000000 0.000000 1.000000
0.910604 -0.411501 -0.038308 1.059100 0.396330 0.895771 -0.201287 5.203600 0.117145 0.168110 0.978783 0.000000 0.000000 0.000000 0.000000 1.000000
0.910604 -0.411501 -0.038308 1.059100 0.396330 0.895771 -0.201287 5.203600 0.117145 0.168110 0.978783 0.000000 0.000000 0.000000 0.000000 1.000000
0.910604 -0.411501 -0.038308 1.059100 0.396330 0.895771 -0.201287 5.203600 0.117145 0.168110 0.978783 -0.000000 0.000000 0.000000 0.000000 1.000000
0.910604 -0.411501 -0.038308 1.059100 0.396330 0.895771 -0.201287 5.203600 0.117145 0.168110 0.978783 0.000000 0.000000 0.000000 0.000000 1.000000</float_array>
        <technique_common>
          <accessor source="#mixamorig_RightHandThumb2-Matrix-animation-output-transform-array" count="42" stride="16">
            <param type="float4x4"/>
          </accessor>
        </technique_common>
      </source>
      <source id="mixamorig_RightHandThumb2-Interpolations">
        <Name_array id="mixamorig_RightHandThumb2-Interpolations-array" count="42">
 LINEAR LINEAR LINEAR LINEAR LINEAR LINEAR LINEAR LINEAR LINEAR LINEAR LINEAR
LINEAR LINEAR LINEAR LINEAR LINEAR LINEAR LINEAR LINEAR LINEAR LINEAR LINEAR LINEAR
LINEAR LINEAR LINEAR LINEAR LINEAR LINEAR LINEAR LINEAR LINEAR LINEAR LINEAR LINEAR
LINEAR LINEAR LINEAR LINEAR LINEAR LINEAR LINEAR</Name_array>
        <technique_common>
          <accessor source="#mixamorig_RightHandThumb2-Interpolations-array" count="42">
            <param type="name"/>
          </accessor>
        </technique_common>
      </source>
      <sampler id="mixamorig_RightHandThumb2-Matrix-animation-transform">
        <input semantic="INPUT" source="#mixamorig_RightHandThumb2-Matrix-animation-input"/>
        <input semantic="OUTPUT" source="#mixamorig_RightHandThumb2-Matrix-animation-output-transform"/>
        <input semantic="INTERPOLATION" source="#mixamorig_RightHandThumb2-Interpolations"/>
      </sampler>
      <channel source="#mixamorig_RightHandThumb2-Matrix-animation-transform" target="mixamorig_RightHandThumb2/matrix"/>
    </animation>
    <animation id="mixamorig_RightHandThumb3-anim" name="mixamorig_RightHandThumb3">
      <source id="mixamorig_RightHandThumb3-Matrix-animation-input">
        <float_array id="mixamorig_RightHandThumb3-Matrix-animation-input-array" count="42">

0.000000 0.033333 0.066667 0.100000 0.133333 0.166667 0.200000 0.233333 0.266667 0.300000 0.333333 0.366667 0.400000 0.433333 0.466667 0.500000
0.533333 0.566667 0.600000 0.633333 0.666667 0.700000 0.733333 0.766667 0.800000 0.833333 0.866667 0.900000 0.933333 0.966667 1.000000 1.033333
1.066667 1.100000 1.133333 1.166667 1.200000 1.233333 1.266667 1.300000 1.333333 1.366667</float_array>
        <technique_common>
          <accessor source="#mixamorig_RightHandThumb3-Matrix-animation-input-array" count="42">
            <param name="TIME" type="float"/>
          </accessor>
        </technique_common>
      </source>
      <source id="mixamorig_RightHandThumb3-Matrix-animation-output-transform">
        <float_array id="mixamorig_RightHandThumb3-Matrix-animation-output-transform-array" count="672">

0.650050 -0.729650 0.212240 -0.176400 0.758394 0.640479 -0.120938 5.246600 -0.047693 0.239577 0.969705 0.000000 0.000000 0.000000 0.000000 1.000000
0.650049 -0.729651 0.212240 -0.176400 0.758394 0.640479 -0.120938 5.246600 -0.047693 0.239577 0.969705 0.000000 0.000000 0.000000 0.000000 1.000000
0.650049 -0.729651 0.212240 -0.176400 0.758394 0.640479 -0.120938 5.246600 -0.047693 0.239577 0.969705 0.000000 0.000000 0.000000 0.000000 1.000000
0.650049 -0.729651 0.212240 -0.176400 0.758394 0.640479 -0.120938 5.246600 -0.047693 0.239577 0.969705 0.000000 0.000000 0.000000 0.000000 1.000000
0.650049 -0.729651 0.212240 -0.176400 0.758394 0.640478 -0.120937 5.246600 -0.047693 0.239577 0.969705 0.000000 0.000000 0.000000 0.000000 1.000000
0.650050 -0.729650 0.212240 -0.176400 0.758394 0.640479 -0.120937 5.246600 -0.047693 0.239577 0.969705 -0.000000 0.000000 0.000000 0.000000 1.000000
0.650049 -0.729651 0.212240 -0.176400 0.758394 0.640479 -0.120938 5.246600 -0.047693 0.239577 0.969705 0.000000 0.000000 0.000000 0.000000 1.000000
0.650049 -0.729651 0.212240 -0.176400 0.758394 0.640479 -0.120937 5.246600 -0.047693 0.239577 0.969705 0.000000 0.000000 0.000000 0.000000 1.000000
0.650049 -0.729650 0.212240 -0.176400 0.758394 0.640479 -0.120938 5.246600 -0.047693 0.239577 0.969705 -0.000000 0.000000 0.000000 0.000000 1.000000
0.650050 -0.729650 0.212240 -0.176400 0.758394 0.640479 -0.120938 5.246600 -0.047693 0.239577 0.969705 0.000000 0.000000 0.000000 0.000000 1.000000
0.650049 -0.729651 0.212240 -0.176400 0.758394 0.640479 -0.120938 5.246600 -0.047693 0.239577 0.969705 0.000000 0.000000 0.000000 0.000000 1.000000
0.650049 -0.729651 0.212240 -0.176400 0.758394 0.640479 -0.120938 5.246600 -0.047693 0.239577 0.969705 0.000000 0.000000 0.000000 0.000000 1.000000
0.650049 -0.729651 0.212240 -0.176400 0.758394 0.640479 -0.120938 5.246600 -0.047693 0.239577 0.969705 0.000000 0.000000 0.000000 0.000000 1.000000
0.650049 -0.729651 0.212240 -0.176400 0.758394 0.640479 -0.120938 5.246600 -0.047693 0.239577 0.969705 0.000000 0.000000 0.000000 0.000000 1.000000
0.650049 -0.729651 0.212240 -0.176400 0.758394 0.640479 -0.120937 5.246600 -0.047693 0.239577 0.969705 -0.000000 0.000000 0.000000 0.000000 1.000000
0.650050 -0.729650 0.212240 -0.176400 0.758394 0.640479 -0.120938 5.246600 -0.047693 0.239577 0.969705 -0.000000 0.000000 0.000000 0.000000 1.000000
0.650049 -0.729651 0.212240 -0.176400 0.758394 0.640479 -0.120938 5.246600 -0.047693 0.239577 0.969705 0.000000 0.000000 0.000000 0.000000 1.000000
0.650049 -0.729651 0.212240 -0.176400 0.758394 0.640479 -0.120937 5.246600 -0.047693 0.239577 0.969705 0.000000 0.000000 0.000000 0.000000 1.000000
0.650049 -0.729650 0.212240 -0.176400 0.758394 0.640479 -0.120938 5.246600 -0.047693 0.239577 0.969705 0.000000 0.000000 0.000000 0.000000 1.000000
0.650049 -0.729651 0.212240 -0.176400 0.758394 0.640478 -0.120938 5.246600 -0.047693 0.239577 0.969705 0.000000 0.000000 0.000000 0.000000 1.000000
0.650049 -0.729651 0.212240 -0.176400 0.758394 0.640479 -0.120937 5.246600 -0.047693 0.239577 0.969705 0.000000 0.000000 0.000000 0.000000 1.000000
0.650049 -0.729651 0.212240 -0.176400 0.758394 0.640479 -0.120937 5.246600 -0.047693 0.239577 0.969705 0.000000 0.000000 0.000000 0.000000 1.000000
0.650049 -0.729650 0.212240 -0.176400 0.758394 0.640479 -0.120938 5.246600 -0.047693 0.239577 0.969705 0.000000 0.000000 0.000000 0.000000 1.000000
0.650049 -0.729651 0.212240 -0.176400 0.758394 0.640479 -0.120937 5.246600 -0.047693 0.239577 0.969705 0.000000 0.000000 0.000000 0.000000 1.000000
0.650049 -0.729650 0.212240 -0.176400 0.758394 0.640479 -0.120937 5.246600 -0.047693 0.239577 0.969705 -0.000000 0.000000 0.000000 0.000000 1.000000
0.650050 -0.729650 0.212240 -0.176400 0.758394 0.640479 -0.120938 5.246600 -0.047693 0.239577 0.969705 -0.000000 0.000000 0.000000 0.000000 1.000000
0.650049 -0.729651 0.212240 -0.176400 0.758394 0.640479 -0.120938 5.246600 -0.047693 0.239577 0.969705 -0.000000 0.000000 0.000000 0.000000 1.000000
0.650049 -0.729651 0.212240 -0.176400 0.758394 0.640479 -0.120938 5.246600 -0.047693 0.239577 0.969705 0.000000 0.000000 0.000000 0.000000 1.000000
0.650049 -0.729651 0.212240 -0.176400 0.758394 0.640479 -0.120938 5.246600 -0.047693 0.239577 0.969705 -0.000000 0.000000 0.000000 0.000000 1.000000
0.650050 -0.729650 0.212240 -0.176400 0.758393 0.640479 -0.120938 5.246600 -0.047693 0.239577 0.969705 0.000000 0.000000 0.000000 0.000000 1.000000
0.650049 -0.729651 0.212240 -0.176400 0.758394 0.640479 -0.120938 5.246600 -0.047693 0.239577 0.969705 0.000000 0.000000 0.000000 0.000000 1.000000
0.650049 -0.729651 0.212240 -0.176400 0.758394 0.640479 -0.120938 5.246600 -0.047693 0.239577 0.969705 0.000000 0.000000 0.000000 0.000000 1.000000
0.650049 -0.729651 0.212240 -0.176400 0.758394 0.640479 -0.120937 5.246600 -0.047693 0.239577 0.969705 0.000000 0.000000 0.000000 0.000000 1.000000
0.650049 -0.729650 0.212240 -0.176400 0.758394 0.640479 -0.120937 5.246600 -0.047694 0.239577 0.969705 0.000000 0.000000 0.000000 0.000000 1.000000
0.650049 -0.729650 0.212240 -0.176400 0.758394 0.640479 -0.120938 5.246600 -0.047693 0.239577 0.969705 -0.000000 0.000000 0.000000 0.000000 1.000000
0.650049 -0.729651 0.212240 -0.176400 0.758394 0.640479 -0.120938 5.246600 -0.047693 0.239577 0.969705 0.000000 0.000000 0.000000 0.000000 1.000000
0.650049 -0.729651 0.212240 -0.176400 0.758394 0.640479 -0.120938 5.246600 -0.047693 0.239577 0.969705 0.000000 0.000000 0.000000 0.000000 1.000000
0.650050 -0.729650 0.212240 -0.176400 0.758394 0.640479 -0.120938 5.246600 -0.047693 0.239577 0.969705 0.000000 0.000000 0.000000 0.000000 1.000000
0.650050 -0.729650 0.212240 -0.176400 0.758394 0.640479 -0.120938 5.246600 -0.047693 0.239577 0.969705 0.000000 0.000000 0.000000 0.000000 1.000000
0.650049 -0.729650 0.212240 -0.176400 0.758394 0.640479 -0.120938 5.246600 -0.047693 0.239577 0.969705 0.000000 0.000000 0.000000 0.000000 1.000000
0.650050 -0.729650 0.212240 -0.176400 0.758394 0.640479 -0.120938 5.246600 -0.047693 0.239577 0.969705 0.000000 0.000000 0.000000 0.000000 1.000000
0.650049 -0.729650 0.212240 -0.176400 0.758394 0.640479 -0.120938 5.246600 -0.047693 0.239577 0.969705 0.000000 0.000000 0.000000 0.000000 1.000000</float_array>
        <technique_common>
          <accessor source="#mixamorig_RightHandThumb3-Matrix-animation-output-transform-array" count="42" stride="16">
            <param type="float4x4"/>
          </accessor>
        </technique_common>
      </source>
      <source id="mixamorig_RightHandThumb3-Interpolations">
        <Name_array id="mixamorig_RightHandThumb3-Interpolations-array" count="42">
 LINEAR LINEAR LINEAR LINEAR LINEAR LINEAR LINEAR LINEAR LINEAR LINEAR LINEAR
LINEAR LINEAR LINEAR LINEAR LINEAR LINEAR LINEAR LINEAR LINEAR LINEAR LINEAR LINEAR
LINEAR LINEAR LINEAR LINEAR LINEAR LINEAR LINEAR LINEAR LINEAR LINEAR LINEAR LINEAR
LINEAR LINEAR LINEAR LINEAR LINEAR LINEAR LINEAR</Name_array>
        <technique_common>
          <accessor source="#mixamorig_RightHandThumb3-Interpolations-array" count="42">
            <param type="name"/>
          </accessor>
        </technique_common>
      </source>
      <sampler id="mixamorig_RightHandThumb3-Matrix-animation-transform">
        <input semantic="INPUT" source="#mixamorig_RightHandThumb3-Matrix-animation-input"/>
        <input semantic="OUTPUT" source="#mixamorig_RightHandThumb3-Matrix-animation-output-transform"/>
        <input semantic="INTERPOLATION" source="#mixamorig_RightHandThumb3-Interpolations"/>
      </sampler>
      <channel source="#mixamorig_RightHandThumb3-Matrix-animation-transform" target="mixamorig_RightHandThumb3/matrix"/>
    </animation>
    <animation id="mixamorig_RightHandIndex1-anim" name="mixamorig_RightHandIndex1">
      <source id="mixamorig_RightHandIndex1-Matrix-animation-input">
        <float_array id="mixamorig_RightHandIndex1-Matrix-animation-input-array" count="42">

0.000000 0.033333 0.066667 0.100000 0.133333 0.166667 0.200000 0.233333 0.266667 0.300000 0.333333 0.366667 0.400000 0.433333 0.466667 0.500000
0.533333 0.566667 0.600000 0.633333 0.666667 0.700000 0.733333 0.766667 0.800000 0.833333 0.866667 0.900000 0.933333 0.966667 1.000000 1.033333
1.066667 1.100000 1.133333 1.166667 1.200000 1.233333 1.266667 1.300000 1.333333 1.366667</float_array>
        <technique_common>
          <accessor source="#mixamorig_RightHandIndex1-Matrix-animation-input-array" count="42">
            <param name="TIME" type="float"/>
          </accessor>
        </technique_common>
      </source>
      <source id="mixamorig_RightHandIndex1-Matrix-animation-output-transform">
        <float_array id="mixamorig_RightHandIndex1-Matrix-animation-output-transform-array" count="672">

0.988346 -0.145795 -0.043775 5.600900 -0.029905 0.096004 -0.994932 12.228400 0.149259 0.984646 0.090525 0.008900 0.000000 0.000000 0.000000 1.000000
0.988346 -0.145795 -0.043775 5.600900 -0.029905 0.096003 -0.994932 12.228400 0.149258 0.984646 0.090525 0.008900 0.000000 0.000000 0.000000 1.000000
0.988346 -0.145795 -0.043775 5.600900 -0.029905 0.096004 -0.994932 12.228400 0.149258 0.984646 0.090525 0.008900 0.000000 0.000000 0.000000 1.000000
0.988346 -0.145795 -0.043775 5.600900 -0.029905 0.096004 -0.994932 12.228400 0.149258 0.984646 0.090525 0.008900 0.000000 0.000000 0.000000 1.000000
0.988346 -0.145795 -0.043775 5.600900 -0.029905 0.096004 -0.994932 12.228400 0.149258 0.984646 0.090525 0.008900 0.000000 0.000000 0.000000 1.000000
0.988346 -0.145795 -0.043775 5.600900 -0.029905 0.096004 -0.994932 12.228400 0.149258 0.984646 0.090525 0.008900 0.000000 0.000000 0.000000 1.000000
0.988346 -0.145795 -0.043775 5.600900 -0.029905 0.096004 -0.994932 12.228400 0.149258 0.984646 0.090525 0.008900 0.000000 0.000000 0.000000 1.000000
0.988346 -0.145795 -0.043775 5.600900 -0.029905 0.096004 -0.994932 12.228400 0.149258 0.984646 0.090525 0.008900 0.000000 0.000000 0.000000 1.000000
0.988346 -0.145795 -0.043775 5.600900 -0.029905 0.096004 -0.994932 12.228400 0.149259 0.984646 0.090525 0.008900 0.000000 0.000000 0.000000 1.000000
0.988346 -0.145795 -0.043775 5.600900 -0.029905 0.096004 -0.994932 12.228400 0.149259 0.984646 0.090525 0.008900 0.000000 0.000000 0.000000 1.000000
0.988346 -0.145795 -0.043775 5.600900 -0.029905 0.096004 -0.994932 12.228400 0.149258 0.984646 0.090525 0.008900 0.000000 0.000000 0.000000 1.000000
0.988346 -0.145795 -0.043775 5.600900 -0.029905 0.096004 -0.994932 12.228400 0.149258 0.984646 0.090525 0.008900 0.000000 0.000000 0.000000 1.000000
0.988346 -0.145794 -0.043775 5.600900 -0.029905 0.096003 -0.994932 12.228400 0.149258 0.984646 0.090525 0.008900 0.000000 0.000000 0.000000 1.000000
0.988346 -0.145795 -0.043775 5.600900 -0.029905 0.096004 -0.994932 12.228400 0.149258 0.984646 0.090525 0.008900 0.000000 0.000000 0.000000 1.000000
0.988346 -0.145795 -0.043775 5.600900 -0.029905 0.096004 -0.994932 12.228400 0.149258 0.984646 0.090525 0.008900 0.000000 0.000000 0.000000 1.000000
0.988346 -0.145795 -0.043775 5.600900 -0.029905 0.096004 -0.994932 12.228400 0.149258 0.984646 0.090525 0.008900 0.000000 0.000000 0.000000 1.000000
0.988346 -0.145795 -0.043775 5.600900 -0.029905 0.096004 -0.994932 12.228400 0.149258 0.984646 0.090525 0.008900 0.000000 0.000000 0.000000 1.000000
0.988346 -0.145794 -0.043775 5.600900 -0.029905 0.096004 -0.994932 12.228400 0.149258 0.984646 0.090525 0.008900 0.000000 0.000000 0.000000 1.000000
0.988346 -0.145795 -0.043775 5.600900 -0.029905 0.096004 -0.994932 12.228400 0.149258 0.984646 0.090525 0.008900 0.000000 0.000000 0.000000 1.000000
0.988346 -0.145795 -0.043775 5.600900 -0.029905 0.096004 -0.994932 12.228400 0.149258 0.984646 0.090525 0.008900 0.000000 0.000000 0.000000 1.000000
0.988346 -0.145795 -0.043775 5.600900 -0.029905 0.096004 -0.994932 12.228400 0.149259 0.984646 0.090525 0.008900 0.000000 0.000000 0.000000 1.000000
0.988346 -0.145795 -0.043776 5.600900 -0.029906 0.096004 -0.994932 12.228400 0.149259 0.984646 0.090525 0.008900 0.000000 0.000000 0.000000 1.000000
0.988346 -0.145795 -0.043775 5.600900 -0.029905 0.096004 -0.994932 12.228400 0.149258 0.984646 0.090525 0.008900 0.000000 0.000000 0.000000 1.000000
0.988346 -0.145795 -0.043775 5.600900 -0.029905 0.096004 -0.994932 12.228400 0.149258 0.984646 0.090525 0.008900 0.000000 0.000000 0.000000 1.000000
0.988346 -0.145795 -0.043776 5.600900 -0.029905 0.096004 -0.994932 12.228400 0.149259 0.984646 0.090525 0.008900 0.000000 0.000000 0.000000 1.000000
0.988346 -0.145795 -0.043775 5.600900 -0.029905 0.096004 -0.994932 12.228400 0.149259 0.984646 0.090525 0.008900 0.000000 0.000000 0.000000 1.000000
0.988346 -0.145795 -0.043775 5.600900 -0.029905 0.096004 -0.994932 12.228400 0.149258 0.984646 0.090525 0.008900 0.000000 0.000000 0.000000 1.000000
0.988346 -0.145794 -0.043775 5.600900 -0.029905 0.096004 -0.994932 12.228400 0.149258 0.984646 0.090525 0.008900 0.000000 0.000000 0.000000 1.000000
0.988346 -0.145795 -0.043775 5.600900 -0.029905 0.096004 -0.994932 12.228400 0.149258 0.984646 0.090525 0.008900 0.000000 0.000000 0.000000 1.000000
0.988346 -0.145795 -0.043775 5.600900 -0.029905 0.096004 -0.994932 12.228400 0.149258 0.984646 0.090525 0.008900 0.000000 0.000000 0.000000 1.000000
0.988346 -0.145795 -0.043775 5.600900 -0.029905 0.096004 -0.994932 12.228400 0.149259 0.984646 0.090525 0.008900 0.000000 0.000000 0.000000 1.000000
0.988346 -0.145795 -0.043776 5.600900 -0.029905 0.096004 -0.994932 12.228400 0.149259 0.984646 0.090525 0.008900 0.000000 0.000000 0.000000 1.000000
0.988346 -0.145795 -0.043775 5.600900 -0.029905 0.096004 -0.994932 12.228400 0.149258 0.984646 0.090525 0.008900 0.000000 0.000000 0.000000 1.000000
0.988346 -0.145795 -0.043775 5.600900 -0.029905 0.096004 -0.994932 12.228400 0.149258 0.984646 0.090525 0.008900 0.000000 0.000000 0.000000 1.000000
0.988346 -0.145795 -0.043775 5.600900 -0.029905 0.096004 -0.994932 12.228400 0.149258 0.984646 0.090525 0.008900 0.000000 0.000000 0.000000 1.000000
0.988346 -0.145795 -0.043775 5.600900 -0.029905 0.096004 -0.994932 12.228400 0.149258 0.984646 0.090525 0.008900 0.000000 0.000000 0.000000 1.000000
0.988346 -0.145795 -0.043775 5.600900 -0.029905 0.096004 -0.994932 12.228400 0.149258 0.984646 0.090525 0.008900 0.000000 0.000000 0.000000 1.000000
0.988346 -0.145795 -0.043775 5.600900 -0.029905 0.096004 -0.994932 12.228400 0.149258 0.984646 0.090525 0.008900 0.000000 0.000000 0.000000 1.000000
0.988346 -0.145795 -0.043775 5.600900 -0.029905 0.096004 -0.994932 12.228400 0.149258 0.984646 0.090525 0.008900 0.000000 0.000000 0.000000 1.000000
0.988346 -0.145795 -0.043775 5.600900 -0.029905 0.096004 -0.994932 12.228400 0.149258 0.984646 0.090525 0.008900 0.000000 0.000000 0.000000 1.000000
0.988346 -0.145795 -0.043775 5.600900 -0.029905 0.096004 -0.994932 12.228400 0.149258 0.984646 0.090525 0.008900 0.000000 0.000000 0.000000 1.000000
0.988346 -0.145795 -0.043775 5.600900 -0.029905 0.096004 -0.994932 12.228400 0.149258 0.984646 0.090525 0.008900 0.000000 0.000000 0.000000 1.000000</float_array>
        <technique_common>
          <accessor source="#mixamorig_RightHandIndex1-Matrix-animation-output-transform-array" count="42" stride="16">
            <param type="float4x4"/>
          </accessor>
        </technique_common>
      </source>
      <source id="mixamorig_RightHandIndex1-Interpolations">
        <Name_array id="mixamorig_RightHandIndex1-Interpolations-array" count="42">
 LINEAR LINEAR LINEAR LINEAR LINEAR LINEAR LINEAR LINEAR LINEAR LINEAR LINEAR
LINEAR LINEAR LINEAR LINEAR LINEAR LINEAR LINEAR LINEAR LINEAR LINEAR LINEAR LINEAR
LINEAR LINEAR LINEAR LINEAR LINEAR LINEAR LINEAR LINEAR LINEAR LINEAR LINEAR LINEAR
LINEAR LINEAR LINEAR LINEAR LINEAR LINEAR LINEAR</Name_array>
        <technique_common>
          <accessor source="#mixamorig_RightHandIndex1-Interpolations-array" count="42">
            <param type="name"/>
          </accessor>
        </technique_common>
      </source>
      <sampler id="mixamorig_RightHandIndex1-Matrix-animation-transform">
        <input semantic="INPUT" source="#mixamorig_RightHandIndex1-Matrix-animation-input"/>
        <input semantic="OUTPUT" source="#mixamorig_RightHandIndex1-Matrix-animation-output-transform"/>
        <input semantic="INTERPOLATION" source="#mixamorig_RightHandIndex1-Interpolations"/>
      </sampler>
      <channel source="#mixamorig_RightHandIndex1-Matrix-animation-transform" target="mixamorig_RightHandIndex1/matrix"/>
    </animation>
    <animation id="mixamorig_RightHandIndex2-anim" name="mixamorig_RightHandIndex2">
      <source id="mixamorig_RightHandIndex2-Matrix-animation-input">
        <float_array id="mixamorig_RightHandIndex2-Matrix-animation-input-array" count="42">

0.000000 0.033333 0.066667 0.100000 0.133333 0.166667 0.200000 0.233333 0.266667 0.300000 0.333333 0.366667 0.400000 0.433333 0.466667 0.500000
0.533333 0.566667 0.600000 0.633333 0.666667 0.700000 0.733333 0.766667 0.800000 0.833333 0.866667 0.900000 0.933333 0.966667 1.000000 1.033333
1.066667 1.100000 1.133333 1.166667 1.200000 1.233333 1.266667 1.300000 1.333333 1.366667</float_array>
        <technique_common>
          <accessor source="#mixamorig_RightHandIndex2-Matrix-animation-input-array" count="42">
            <param name="TIME" type="float"/>
          </accessor>
        </technique_common>
      </source>
      <source id="mixamorig_RightHandIndex2-Matrix-animation-output-transform">
        <float_array id="mixamorig_RightHandIndex2-Matrix-animation-output-transform-array" count="672">

0.980881 -0.095953 0.169311 -0.010300 0.101931 -0.487808 -0.866979 4.764000 0.165781 0.867661 -0.468701 0.000000 0.000000 0.000000 0.000000 1.000000
0.980881 -0.095954 0.169311 -0.010300 0.101931 -0.487808 -0.866979 4.764000 0.165781 0.867661 -0.468701 0.000000 0.000000 0.000000 0.000000 1.000000
0.980881 -0.095954 0.169311 -0.010300 0.101931 -0.487808 -0.866979 4.764000 0.165781 0.867661 -0.468701 0.000000 0.000000 0.000000 0.000000 1.000000
0.980881 -0.095954 0.169311 -0.010300 0.101931 -0.487808 -0.866979 4.764000 0.165781 0.867661 -0.468701 0.000000 0.000000 0.000000 0.000000 1.000000
0.980881 -0.095954 0.169311 -0.010300 0.101931 -0.487808 -0.866979 4.764000 0.165781 0.867661 -0.468701 0.000000 0.000000 0.000000 0.000000 1.000000
0.980881 -0.095954 0.169311 -0.010300 0.101931 -0.487808 -0.866979 4.764000 0.165781 0.867661 -0.468701 -0.000000 0.000000 0.000000 0.000000 1.000000
0.980881 -0.095954 0.169311 -0.010300 0.101931 -0.487808 -0.866979 4.764000 0.165781 0.867661 -0.468701 -0.000000 0.000000 0.000000 0.000000 1.000000
0.980881 -0.095954 0.169311 -0.010300 0.101931 -0.487809 -0.866979 4.764000 0.165781 0.867661 -0.468701 0.000000 0.000000 0.000000 0.000000 1.000000
0.980881 -0.095954 0.169311 -0.010300 0.101931 -0.487809 -0.866979 4.764000 0.165781 0.867661 -0.468701 -0.000000 0.000000 0.000000 0.000000 1.000000
0.980881 -0.095954 0.169311 -0.010300 0.101931 -0.487809 -0.866979 4.764000 0.165782 0.867661 -0.468701 0.000000 0.000000 0.000000 0.000000 1.000000
0.980881 -0.095954 0.169311 -0.010300 0.101931 -0.487809 -0.866979 4.764000 0.165781 0.867661 -0.468701 -0.000000 0.000000 0.000000 0.000000 1.000000
0.980881 -0.095954 0.169311 -0.010300 0.101931 -0.487809 -0.866979 4.764000 0.165781 0.867661 -0.468701 0.000000 0.000000 0.000000 0.000000 1.000000
0.980881 -0.095954 0.169311 -0.010300 0.101931 -0.487809 -0.866979 4.764000 0.165781 0.867661 -0.468701 -0.000000 0.000000 0.000000 0.000000 1.000000
0.980881 -0.095954 0.169311 -0.010300 0.101931 -0.487809 -0.866979 4.764000 0.165781 0.867661 -0.468701 -0.000000 0.000000 0.000000 0.000000 1.000000
0.980881 -0.095954 0.169311 -0.010300 0.101931 -0.487809 -0.866979 4.764000 0.165781 0.867661 -0.468701 0.000000 0.000000 0.000000 0.000000 1.000000
0.980881 -0.095954 0.169311 -0.010300 0.101931 -0.487808 -0.866979 4.764000 0.165781 0.867661 -0.468701 0.000000 0.000000 0.000000 0.000000 1.000000
0.980880 -0.095954 0.169311 -0.010300 0.101931 -0.487809 -0.866979 4.764000 0.165782 0.867661 -0.468701 -0.000000 0.000000 0.000000 0.000000 1.000000
0.980881 -0.095954 0.169311 -0.010300 0.101931 -0.487809 -0.866979 4.764000 0.165781 0.867661 -0.468701 0.000000 0.000000 0.000000 0.000000 1.000000
0.980881 -0.095954 0.169311 -0.010300 0.101931 -0.487808 -0.866979 4.764000 0.165781 0.867661 -0.468701 0.000000 0.000000 0.000000 0.000000 1.000000
0.980881 -0.095954 0.169311 -0.010300 0.101931 -0.487808 -0.866979 4.764000 0.165781 0.867661 -0.468701 0.000000 0.000000 0.000000 0.000000 1.000000
0.980881 -0.095954 0.169311 -0.010300 0.101931 -0.487808 -0.866979 4.764000 0.165781 0.867661 -0.468701 0.000000 0.000000 0.000000 0.000000 1.000000
0.980881 -0.095954 0.169311 -0.010300 0.101931 -0.487809 -0.866979 4.764000 0.165781 0.867661 -0.468701 0.000000 0.000000 0.000000 0.000000 1.000000
0.980881 -0.095953 0.169311 -0.010300 0.101931 -0.487809 -0.866979 4.764000 0.165781 0.867661 -0.468701 -0.000000 0.000000 0.000000 0.000000 1.000000
0.980881 -0.095954 0.169311 -0.010300 0.101931 -0.487809 -0.866979 4.764000 0.165781 0.867661 -0.468701 0.000000 0.000000 0.000000 0.000000 1.000000
0.980881 -0.095954 0.169311 -0.010300 0.101930 -0.487809 -0.866979 4.764000 0.165781 0.867661 -0.468701 0.000000 0.000000 0.000000 0.000000 1.000000
0.980881 -0.095954 0.169311 -0.010300 0.101931 -0.487809 -0.866979 4.764000 0.165781 0.867661 -0.468702 -0.000000 0.000000 0.000000 0.000000 1.000000
0.980881 -0.095953 0.169311 -0.010300 0.101931 -0.487809 -0.866979 4.764000 0.165781 0.867661 -0.468702 0.000000 0.000000 0.000000 0.000000 1.000000
0.980881 -0.095953 0.169311 -0.010300 0.101931 -0.487808 -0.866979 4.764000 0.165781 0.867661 -0.468701 0.000000 0.000000 0.000000 0.000000 1.000000
0.980881 -0.095953 0.169311 -0.010300 0.101931 -0.487809 -0.866979 4.764000 0.165781 0.867661 -0.468701 -0.000000 0.000000 0.000000 0.000000 1.000000
0.980881 -0.095954 0.169311 -0.010300 0.101931 -0.487808 -0.866979 4.764000 0.165781 0.867661 -0.468701 0.000000 0.000000 0.000000 0.000000 1.000000
0.980881 -0.095954 0.169311 -0.010300 0.101931 -0.487809 -0.866979 4.764000 0.165781 0.867661 -0.468701 -0.000000 0.000000 0.000000 0.000000 1.000000
0.980881 -0.095954 0.169311 -0.010300 0.101931 -0.487808 -0.866979 4.764000 0.165781 0.867661 -0.468701 0.000000 0.000000 0.000000 0.000000 1.000000
0.980881 -0.095954 0.169311 -0.010300 0.101931 -0.487808 -0.866979 4.764000 0.165781 0.867661 -0.468701 0.000000 0.000000 0.000000 0.000000 1.000000
0.980881 -0.095954 0.169311 -0.010300 0.101931 -0.487809 -0.866979 4.764000 0.165781 0.867661 -0.468701 0.000000 0.000000 0.000000 0.000000 1.000000
0.980881 -0.095954 0.169311 -0.010300 0.101931 -0.487809 -0.866979 4.764000 0.165781 0.867661 -0.468702 0.000000 0.000000 0.000000 0.000000 1.000000
0.980881 -0.095954 0.169311 -0.010300 0.101931 -0.487809 -0.866979 4.764000 0.165781 0.867661 -0.468701 0.000000 0.000000 0.000000 0.000000 1.000000
0.980881 -0.095954 0.169311 -0.010300 0.101931 -0.487809 -0.866979 4.764000 0.165781 0.867661 -0.468701 -0.000000 0.000000 0.000000 0.000000 1.000000
0.980881 -0.095953 0.169311 -0.010300 0.101931 -0.487808 -0.866979 4.764000 0.165781 0.867661 -0.468701 0.000000 0.000000 0.000000 0.000000 1.000000
0.980881 -0.095954 0.169311 -0.010300 0.101931 -0.487809 -0.866979 4.764000 0.165781 0.867661 -0.468701 -0.000000 0.000000 0.000000 0.000000 1.000000
0.980881 -0.095954 0.169311 -0.010300 0.101931 -0.487808 -0.866979 4.764000 0.165781 0.867661 -0.468701 0.000000 0.000000 0.000000 0.000000 1.000000
0.980881 -0.095953 0.169311 -0.010300 0.101931 -0.487809 -0.866979 4.764000 0.165781 0.867661 -0.468701 0.000000 0.000000 0.000000 0.000000 1.000000
0.980881 -0.095953 0.169311 -0.010300 0.101931 -0.487809 -0.866979 4.764000 0.165781 0.867661 -0.468701 0.000000 0.000000 0.000000 0.000000 1.000000</float_array>
        <technique_common>
          <accessor source="#mixamorig_RightHandIndex2-Matrix-animation-output-transform-array" count="42" stride="16">
            <param type="float4x4"/>
          </accessor>
        </technique_common>
      </source>
      <source id="mixamorig_RightHandIndex2-Interpolations">
        <Name_array id="mixamorig_RightHandIndex2-Interpolations-array" count="42">
 LINEAR LINEAR LINEAR LINEAR LINEAR LINEAR LINEAR LINEAR LINEAR LINEAR LINEAR
LINEAR LINEAR LINEAR LINEAR LINEAR LINEAR LINEAR LINEAR LINEAR LINEAR LINEAR LINEAR
LINEAR LINEAR LINEAR LINEAR LINEAR LINEAR LINEAR LINEAR LINEAR LINEAR LINEAR LINEAR
LINEAR LINEAR LINEAR LINEAR LINEAR LINEAR LINEAR</Name_array>
        <technique_common>
          <accessor source="#mixamorig_RightHandIndex2-Interpolations-array" count="42">
            <param type="name"/>
          </accessor>
        </technique_common>
      </source>
      <sampler id="mixamorig_RightHandIndex2-Matrix-animation-transform">
        <input semantic="INPUT" source="#mixamorig_RightHandIndex2-Matrix-animation-input"/>
        <input semantic="OUTPUT" source="#mixamorig_RightHandIndex2-Matrix-animation-output-transform"/>
        <input semantic="INTERPOLATION" source="#mixamorig_RightHandIndex2-Interpolations"/>
      </sampler>
      <channel source="#mixamorig_RightHandIndex2-Matrix-animation-transform" target="mixamorig_RightHandIndex2/matrix"/>
    </animation>
    <animation id="mixamorig_RightHandIndex3-anim" name="mixamorig_RightHandIndex3">
      <source id="mixamorig_RightHandIndex3-Matrix-animation-input">
        <float_array id="mixamorig_RightHandIndex3-Matrix-animation-input-array" count="42">

0.000000 0.033333 0.066667 0.100000 0.133333 0.166667 0.200000 0.233333 0.266667 0.300000 0.333333 0.366667 0.400000 0.433333 0.466667 0.500000
0.533333 0.566667 0.600000 0.633333 0.666667 0.700000 0.733333 0.766667 0.800000 0.833333 0.866667 0.900000 0.933333 0.966667 1.000000 1.033333
1.066667 1.100000 1.133333 1.166667 1.200000 1.233333 1.266667 1.300000 1.333333 1.366667</float_array>
        <technique_common>
          <accessor source="#mixamorig_RightHandIndex3-Matrix-animation-input-array" count="42">
            <param name="TIME" type="float"/>
          </accessor>
        </technique_common>
      </source>
      <source id="mixamorig_RightHandIndex3-Matrix-animation-output-transform">
        <float_array id="mixamorig_RightHandIndex3-Matrix-animation-output-transform-array" count="672">

0.982456 -0.112033 0.149091 -0.008400 0.107727 -0.311656 -0.944069 4.419800 0.152232 0.943567 -0.294119 0.000000 0.000000 0.000000 0.000000 1.000000
0.982456 -0.112033 0.149091 -0.008400 0.107726 -0.311656 -0.944069 4.419800 0.152232 0.943567 -0.294119 0.000000 0.000000 0.000000 0.000000 1.000000
0.982456 -0.112033 0.149091 -0.008400 0.107727 -0.311656 -0.944069 4.419800 0.152232 0.943567 -0.294119 0.000000 0.000000 0.000000 0.000000 1.000000
0.982456 -0.112033 0.149091 -0.008400 0.107727 -0.311655 -0.944069 4.419800 0.152232 0.943567 -0.294119 -0.000000 0.000000 0.000000 0.000000 1.000000
0.982456 -0.112033 0.149091 -0.008400 0.107726 -0.311655 -0.944069 4.419800 0.152232 0.943567 -0.294119 0.000000 0.000000 0.000000 0.000000 1.000000
0.982456 -0.112033 0.149091 -0.008400 0.107727 -0.311655 -0.944069 4.419800 0.152232 0.943567 -0.294119 0.000000 0.000000 0.000000 0.000000 1.000000
0.982456 -0.112033 0.149091 -0.008400 0.107727 -0.311655 -0.944069 4.419800 0.152232 0.943567 -0.294119 0.000000 0.000000 0.000000 0.000000 1.000000
0.982456 -0.112033 0.149091 -0.008400 0.107727 -0.311655 -0.944069 4.419800 0.152232 0.943567 -0.294119 0.000000 0.000000 0.000000 0.000000 1.000000
0.982456 -0.112033 0.149091 -0.008400 0.107726 -0.311655 -0.944069 4.419800 0.152232 0.943567 -0.294119 0.000000 0.000000 0.000000 0.000000 1.000000
0.982456 -0.112033 0.149091 -0.008400 0.107726 -0.311655 -0.944069 4.419800 0.152232 0.943567 -0.294119 0.000000 0.000000 0.000000 0.000000 1.000000
0.982456 -0.112033 0.149091 -0.008400 0.107726 -0.311656 -0.944069 4.419800 0.152232 0.943567 -0.294119 -0.000000 0.000000 0.000000 0.000000 1.000000
0.982456 -0.112033 0.149091 -0.008400 0.107727 -0.311655 -0.944069 4.419800 0.152232 0.943567 -0.294119 -0.000000 0.000000 0.000000 0.000000 1.000000
0.982456 -0.112033 0.149091 -0.008400 0.107727 -0.311655 -0.944069 4.419800 0.152232 0.943568 -0.294118 -0.000000 0.000000 0.000000 0.000000 1.000000
0.982456 -0.112033 0.149091 -0.008400 0.107726 -0.311655 -0.944069 4.419800 0.152231 0.943568 -0.294119 0.000000 0.000000 0.000000 0.000000 1.000000
0.982456 -0.112033 0.149091 -0.008400 0.107726 -0.311655 -0.944069 4.419800 0.152232 0.943568 -0.294119 -0.000000 0.000000 0.000000 0.000000 1.000000
0.982456 -0.112033 0.149091 -0.008400 0.107727 -0.311655 -0.944069 4.419800 0.152232 0.943567 -0.294119 0.000000 0.000000 0.000000 0.000000 1.000000
0.982456 -0.112033 0.149091 -0.008400 0.107727 -0.311655 -0.944069 4.419800 0.152232 0.943568 -0.294119 0.000000 0.000000 0.000000 0.000000 1.000000
0.982456 -0.112033 0.149091 -0.008400 0.107727 -0.311655 -0.944069 4.419800 0.152232 0.943567 -0.294119 0.000000 0.000000 0.000000 0.000000 1.000000
0.982456 -0.112033 0.149091 -0.008400 0.107726 -0.311655 -0.944069 4.419800 0.152232 0.943568 -0.294119 0.000000 0.000000 0.000000 0.000000 1.000000
0.982456 -0.112033 0.149091 -0.008400 0.107727 -0.311655 -0.944069 4.419800 0.152232 0.943568 -0.294119 0.000000 0.000000 0.000000 0.000000 1.000000
0.982456 -0.112033 0.149091 -0.008400 0.107727 -0.311655 -0.944069 4.419800 0.152232 0.943568 -0.294119 0.000000 0.000000 0.000000 0.000000 1.000000
0.982456 -0.112033 0.149091 -0.008400 0.107726 -0.311655 -0.944069 4.419800 0.152232 0.943568 -0.294119 0.000000 0.000000 0.000000 0.000000 1.000000
0.982456 -0.112033 0.149091 -0.008400 0.107727 -0.311655 -0.944069 4.419800 0.152232 0.943568 -0.294119 0.000000 0.000000 0.000000 0.000000 1.000000
0.982456 -0.112033 0.149091 -0.008400 0.107727 -0.311655 -0.944069 4.419800 0.152231 0.943568 -0.294119 -0.000000 0.000000 0.000000 0.000000 1.000000
0.982456 -0.112032 0.149091 -0.008400 0.107726 -0.311655 -0.944069 4.419800 0.152231 0.943567 -0.294119 0.000000 0.000000 0.000000 0.000000 1.000000
0.982456 -0.112033 0.149091 -0.008400 0.107727 -0.311656 -0.944069 4.419800 0.152232 0.943567 -0.294119 -0.000000 0.000000 0.000000 0.000000 1.000000
0.982456 -0.112033 0.149091 -0.008400 0.107727 -0.311655 -0.944069 4.419800 0.152232 0.943567 -0.294119 0.000000 0.000000 0.000000 0.000000 1.000000
0.982456 -0.112033 0.149091 -0.008400 0.107727 -0.311656 -0.944069 4.419800 0.152232 0.943567 -0.294119 -0.000000 0.000000 0.000000 0.000000 1.000000
0.982456 -0.112033 0.149091 -0.008400 0.107727 -0.311655 -0.944069 4.419800 0.152232 0.943567 -0.294119 -0.000000 0.000000 0.000000 0.000000 1.000000
0.982456 -0.112032 0.149091 -0.008400 0.107726 -0.311655 -0.944069 4.419800 0.152231 0.943567 -0.294119 0.000000 0.000000 0.000000 0.000000 1.000000
0.982456 -0.112033 0.149091 -0.008400 0.107727 -0.311656 -0.944069 4.419800 0.152232 0.943567 -0.294119 0.000000 0.000000 0.000000 0.000000 1.000000
0.982456 -0.112033 0.149091 -0.008400 0.107726 -0.311655 -0.944069 4.419800 0.152232 0.943568 -0.294119 0.000000 0.000000 0.000000 0.000000 1.000000
0.982456 -0.112033 0.149091 -0.008400 0.107726 -0.311656 -0.944069 4.419800 0.152231 0.943567 -0.294119 0.000000 0.000000 0.000000 0.000000 1.000000
0.982456 -0.112032 0.149091 -0.008400 0.107726 -0.311655 -0.944069 4.419800 0.152231 0.943567 -0.294119 -0.000000 0.000000 0.000000 0.000000 1.000000
0.982456 -0.112033 0.149091 -0.008400 0.107726 -0.311655 -0.944069 4.419800 0.152232 0.943568 -0.294119 0.000000 0.000000 0.000000 0.000000 1.000000
0.982456 -0.112033 0.149091 -0.008400 0.107726 -0.311655 -0.944069 4.419800 0.152232 0.943567 -0.294119 0.000000 0.000000 0.000000 0.000000 1.000000
0.982456 -0.112033 0.149091 -0.008400 0.107726 -0.311655 -0.944069 4.419800 0.152232 0.943567 -0.294119 0.000000 0.000000 0.000000 0.000000 1.000000
0.982456 -0.112033 0.149091 -0.008400 0.107727 -0.311655 -0.944069 4.419800 0.152232 0.943568 -0.294119 0.000000 0.000000 0.000000 0.000000 1.000000
0.982456 -0.112033 0.149091 -0.008400 0.107726 -0.311655 -0.944069 4.419800 0.152232 0.943567 -0.294119 0.000000 0.000000 0.000000 0.000000 1.000000
0.982456 -0.112033 0.149091 -0.008400 0.107726 -0.311655 -0.944069 4.419800 0.152231 0.943567 -0.294119 -0.000000 0.000000 0.000000 0.000000 1.000000
0.982456 -0.112032 0.149091 -0.008400 0.107727 -0.311656 -0.944069 4.419800 0.152232 0.943567 -0.294119 0.000000 0.000000 0.000000 0.000000 1.000000
0.982456 -0.112033 0.149091 -0.008400 0.107727 -0.311656 -0.944069 4.419800 0.152232 0.943567 -0.294119 0.000000 0.000000 0.000000 0.000000 1.000000</float_array>
        <technique_common>
          <accessor source="#mixamorig_RightHandIndex3-Matrix-animation-output-transform-array" count="42" stride="16">
            <param type="float4x4"/>
          </accessor>
        </technique_common>
      </source>
      <source id="mixamorig_RightHandIndex3-Interpolations">
        <Name_array id="mixamorig_RightHandIndex3-Interpolations-array" count="42">
 LINEAR LINEAR LINEAR LINEAR LINEAR LINEAR LINEAR LINEAR LINEAR LINEAR LINEAR
LINEAR LINEAR LINEAR LINEAR LINEAR LINEAR LINEAR LINEAR LINEAR LINEAR LINEAR LINEAR
LINEAR LINEAR LINEAR LINEAR LINEAR LINEAR LINEAR LINEAR LINEAR LINEAR LINEAR LINEAR
LINEAR LINEAR LINEAR LINEAR LINEAR LINEAR LINEAR</Name_array>
        <technique_common>
          <accessor source="#mixamorig_RightHandIndex3-Interpolations-array" count="42">
            <param type="name"/>
          </accessor>
        </technique_common>
      </source>
      <sampler id="mixamorig_RightHandIndex3-Matrix-animation-transform">
        <input semantic="INPUT" source="#mixamorig_RightHandIndex3-Matrix-animation-input"/>
        <input semantic="OUTPUT" source="#mixamorig_RightHandIndex3-Matrix-animation-output-transform"/>
        <input semantic="INTERPOLATION" source="#mixamorig_RightHandIndex3-Interpolations"/>
      </sampler>
      <channel source="#mixamorig_RightHandIndex3-Matrix-animation-transform" target="mixamorig_RightHandIndex3/matrix"/>
    </animation>
    <animation id="mixamorig_RightHandMiddle1-anim" name="mixamorig_RightHandMiddle1">
      <source id="mixamorig_RightHandMiddle1-Matrix-animation-input">
        <float_array id="mixamorig_RightHandMiddle1-Matrix-animation-input-array" count="42">

0.000000 0.033333 0.066667 0.100000 0.133333 0.166667 0.200000 0.233333 0.266667 0.300000 0.333333 0.366667 0.400000 0.433333 0.466667 0.500000
0.533333 0.566667 0.600000 0.633333 0.666667 0.700000 0.733333 0.766667 0.800000 0.833333 0.866667 0.900000 0.933333 0.966667 1.000000 1.033333
1.066667 1.100000 1.133333 1.166667 1.200000 1.233333 1.266667 1.300000 1.333333 1.366667</float_array>
        <technique_common>
          <accessor source="#mixamorig_RightHandMiddle1-Matrix-animation-input-array" count="42">
            <param name="TIME" type="float"/>
          </accessor>
        </technique_common>
      </source>
      <source id="mixamorig_RightHandMiddle1-Matrix-animation-output-transform">
        <float_array id="mixamorig_RightHandMiddle1-Matrix-animation-output-transform-array" count="672">

0.993558 -0.101781 -0.049839 1.826300 -0.042928 0.068995 -0.996693 12.030300 0.104883 0.992411 0.064182 -0.078200 0.000000 0.000000 0.000000 1.000000
0.993558 -0.101781 -0.049839 1.826300 -0.042928 0.068995 -0.996693 12.030300 0.104883 0.992411 0.064181 -0.078200 0.000000 0.000000 0.000000 1.000000
0.993558 -0.101781 -0.049839 1.826300 -0.042928 0.068995 -0.996693 12.030300 0.104883 0.992411 0.064182 -0.078200 0.000000 0.000000 0.000000 1.000000
0.993558 -0.101781 -0.049839 1.826300 -0.042928 0.068995 -0.996693 12.030300 0.104883 0.992411 0.064181 -0.078200 0.000000 0.000000 0.000000 1.000000
0.993558 -0.101781 -0.049839 1.826300 -0.042928 0.068995 -0.996693 12.030300 0.104883 0.992411 0.064182 -0.078200 0.000000 0.000000 0.000000 1.000000
0.993558 -0.101781 -0.049839 1.826300 -0.042928 0.068995 -0.996693 12.030300 0.104883 0.992411 0.064182 -0.078200 0.000000 0.000000 0.000000 1.000000
0.993558 -0.101781 -0.049839 1.826300 -0.042928 0.068995 -0.996693 12.030300 0.104883 0.992411 0.064181 -0.078200 0.000000 0.000000 0.000000 1.000000
0.993558 -0.101781 -0.049839 1.826300 -0.042928 0.068996 -0.996693 12.030300 0.104883 0.992411 0.064182 -0.078200 0.000000 0.000000 0.000000 1.000000
0.993558 -0.101781 -0.049839 1.826300 -0.042928 0.068995 -0.996693 12.030300 0.104883 0.992411 0.064181 -0.078200 0.000000 0.000000 0.000000 1.000000
0.993558 -0.101781 -0.049839 1.826300 -0.042928 0.068995 -0.996693 12.030300 0.104883 0.992411 0.064182 -0.078200 0.000000 0.000000 0.000000 1.000000
0.993558 -0.101781 -0.049839 1.826300 -0.042928 0.068996 -0.996693 12.030300 0.104883 0.992411 0.064182 -0.078200 0.000000 0.000000 0.000000 1.000000
0.993558 -0.101781 -0.049839 1.826300 -0.042928 0.068995 -0.996693 12.030300 0.104883 0.992411 0.064181 -0.078200 0.000000 0.000000 0.000000 1.000000
0.993558 -0.101781 -0.049839 1.826300 -0.042929 0.068995 -0.996693 12.030300 0.104883 0.992411 0.064182 -0.078200 0.000000 0.000000 0.000000 1.000000
0.993558 -0.101781 -0.049839 1.826300 -0.042928 0.068995 -0.996693 12.030300 0.104884 0.992411 0.064181 -0.078200 0.000000 0.000000 0.000000 1.000000
0.993558 -0.101781 -0.049839 1.826300 -0.042928 0.068996 -0.996693 12.030300 0.104883 0.992411 0.064182 -0.078200 0.000000 0.000000 0.000000 1.000000
0.993558 -0.101781 -0.049839 1.826300 -0.042928 0.068995 -0.996693 12.030300 0.104883 0.992411 0.064182 -0.078200 0.000000 0.000000 0.000000 1.000000
0.993558 -0.101781 -0.049839 1.826300 -0.042929 0.068995 -0.996693 12.030300 0.104883 0.992411 0.064181 -0.078200 0.000000 0.000000 0.000000 1.000000
0.993558 -0.101781 -0.049839 1.826300 -0.042928 0.068995 -0.996693 12.030300 0.104883 0.992411 0.064181 -0.078200 0.000000 0.000000 0.000000 1.000000
0.993558 -0.101781 -0.049839 1.826300 -0.042929 0.068995 -0.996693 12.030300 0.104883 0.992411 0.064181 -0.078200 0.000000 0.000000 0.000000 1.000000
0.993558 -0.101781 -0.049839 1.826300 -0.042928 0.068995 -0.996693 12.030300 0.104883 0.992411 0.064182 -0.078200 0.000000 0.000000 0.000000 1.000000
0.993558 -0.101782 -0.049839 1.826300 -0.042928 0.068996 -0.996693 12.030300 0.104884 0.992411 0.064182 -0.078200 0.000000 0.000000 0.000000 1.000000
0.993558 -0.101781 -0.049839 1.826300 -0.042929 0.068996 -0.996693 12.030300 0.104883 0.992411 0.064182 -0.078200 0.000000 0.000000 0.000000 1.000000
0.993558 -0.101781 -0.049839 1.826300 -0.042928 0.068995 -0.996693 12.030300 0.104883 0.992411 0.064181 -0.078200 0.000000 0.000000 0.000000 1.000000
0.993558 -0.101781 -0.049839 1.826300 -0.042928 0.068996 -0.996693 12.030300 0.104883 0.992411 0.064182 -0.078200 0.000000 0.000000 0.000000 1.000000
0.993558 -0.101781 -0.049839 1.826300 -0.042928 0.068996 -0.996693 12.030300 0.104883 0.992411 0.064182 -0.078200 0.000000 0.000000 0.000000 1.000000
0.993558 -0.101781 -0.049839 1.826300 -0.042928 0.068996 -0.996693 12.030300 0.104883 0.992411 0.064182 -0.078200 0.000000 0.000000 0.000000 1.000000
0.993558 -0.101781 -0.049839 1.826300 -0.042928 0.068995 -0.996693 12.030300 0.104883 0.992411 0.064181 -0.078200 0.000000 0.000000 0.000000 1.000000
0.993558 -0.101781 -0.049839 1.826300 -0.042928 0.068996 -0.996693 12.030300 0.104883 0.992411 0.064182 -0.078200 0.000000 0.000000 0.000000 1.000000
0.993558 -0.101781 -0.049839 1.826300 -0.042928 0.068995 -0.996693 12.030300 0.104883 0.992411 0.064181 -0.078200 0.000000 0.000000 0.000000 1.000000
0.993558 -0.101781 -0.049839 1.826300 -0.042928 0.068996 -0.996693 12.030300 0.104883 0.992411 0.064182 -0.078200 0.000000 0.000000 0.000000 1.000000
0.993558 -0.101781 -0.049839 1.826300 -0.042928 0.068995 -0.996693 12.030300 0.104883 0.992411 0.064182 -0.078200 0.000000 0.000000 0.000000 1.000000
0.993558 -0.101781 -0.049839 1.826300 -0.042929 0.068995 -0.996693 12.030300 0.104883 0.992411 0.064182 -0.078200 0.000000 0.000000 0.000000 1.000000
0.993558 -0.101781 -0.049839 1.826300 -0.042928 0.068995 -0.996693 12.030300 0.104883 0.992411 0.064182 -0.078200 0.000000 0.000000 0.000000 1.000000
0.993558 -0.101781 -0.049839 1.826300 -0.042928 0.068996 -0.996693 12.030300 0.104883 0.992411 0.064182 -0.078200 0.000000 0.000000 0.000000 1.000000
0.993558 -0.101781 -0.049839 1.826300 -0.042928 0.068995 -0.996693 12.030300 0.104883 0.992411 0.064181 -0.078200 0.000000 0.000000 0.000000 1.000000
0.993558 -0.101781 -0.049839 1.826300 -0.042928 0.068996 -0.996693 12.030300 0.104883 0.992411 0.064182 -0.078200 0.000000 0.000000 0.000000 1.000000
0.993558 -0.101781 -0.049839 1.826300 -0.042928 0.068995 -0.996693 12.030300 0.104883 0.992411 0.064182 -0.078200 0.000000 0.000000 0.000000 1.000000
0.993558 -0.101781 -0.049839 1.826300 -0.042928 0.068996 -0.996693 12.030300 0.104883 0.992411 0.064182 -0.078200 0.000000 0.000000 0.000000 1.000000
0.993558 -0.101782 -0.049839 1.826300 -0.042928 0.068995 -0.996693 12.030300 0.104884 0.992411 0.064182 -0.078200 0.000000 0.000000 0.000000 1.000000
0.993558 -0.101781 -0.049839 1.826300 -0.042928 0.068995 -0.996693 12.030300 0.104883 0.992411 0.064182 -0.078200 0.000000 0.000000 0.000000 1.000000
0.993558 -0.101781 -0.049839 1.826300 -0.042928 0.068996 -0.996693 12.030300 0.104883 0.992411 0.064182 -0.078200 0.000000 0.000000 0.000000 1.000000
0.993558 -0.101781 -0.049839 1.826300 -0.042928 0.068996 -0.996693 12.030300 0.104883 0.992411 0.064182 -0.078200 0.000000 0.000000 0.000000 1.000000</float_array>
        <technique_common>
          <accessor source="#mixamorig_RightHandMiddle1-Matrix-animation-output-transform-array" count="42" stride="16">
            <param type="float4x4"/>
          </accessor>
        </technique_common>
      </source>
      <source id="mixamorig_RightHandMiddle1-Interpolations">
        <Name_array id="mixamorig_RightHandMiddle1-Interpolations-array" count="42">
 LINEAR LINEAR LINEAR LINEAR LINEAR LINEAR LINEAR LINEAR LINEAR LINEAR LINEAR
LINEAR LINEAR LINEAR LINEAR LINEAR LINEAR LINEAR LINEAR LINEAR LINEAR LINEAR LINEAR
LINEAR LINEAR LINEAR LINEAR LINEAR LINEAR LINEAR LINEAR LINEAR LINEAR LINEAR LINEAR
LINEAR LINEAR LINEAR LINEAR LINEAR LINEAR LINEAR</Name_array>
        <technique_common>
          <accessor source="#mixamorig_RightHandMiddle1-Interpolations-array" count="42">
            <param type="name"/>
          </accessor>
        </technique_common>
      </source>
      <sampler id="mixamorig_RightHandMiddle1-Matrix-animation-transform">
        <input semantic="INPUT" source="#mixamorig_RightHandMiddle1-Matrix-animation-input"/>
        <input semantic="OUTPUT" source="#mixamorig_RightHandMiddle1-Matrix-animation-output-transform"/>
        <input semantic="INTERPOLATION" source="#mixamorig_RightHandMiddle1-Interpolations"/>
      </sampler>
      <channel source="#mixamorig_RightHandMiddle1-Matrix-animation-transform" target="mixamorig_RightHandMiddle1/matrix"/>
    </animation>
    <animation id="mixamorig_RightHandMiddle2-anim" name="mixamorig_RightHandMiddle2">
      <source id="mixamorig_RightHandMiddle2-Matrix-animation-input">
        <float_array id="mixamorig_RightHandMiddle2-Matrix-animation-input-array" count="42">

0.000000 0.033333 0.066667 0.100000 0.133333 0.166667 0.200000 0.233333 0.266667 0.300000 0.333333 0.366667 0.400000 0.433333 0.466667 0.500000
0.533333 0.566667 0.600000 0.633333 0.666667 0.700000 0.733333 0.766667 0.800000 0.833333 0.866667 0.900000 0.933333 0.966667 1.000000 1.033333
1.066667 1.100000 1.133333 1.166667 1.200000 1.233333 1.266667 1.300000 1.333333 1.366667</float_array>
        <technique_common>
          <accessor source="#mixamorig_RightHandMiddle2-Matrix-animation-input-array" count="42">
            <param name="TIME" type="float"/>
          </accessor>
        </technique_common>
      </source>
      <source id="mixamorig_RightHandMiddle2-Matrix-animation-output-transform">
        <float_array id="mixamorig_RightHandMiddle2-Matrix-animation-output-transform-array" count="672">

0.985166 -0.098449 0.140556 0.019600 0.095752 -0.364346 -0.926328 5.385800 0.142407 0.926045 -0.349515 0.000000 0.000000 0.000000 0.000000 1.000000
0.985166 -0.098449 0.140556 0.019600 0.095752 -0.364347 -0.926328 5.385800 0.142407 0.926045 -0.349515 0.000000 0.000000 0.000000 0.000000 1.000000
0.985166 -0.098449 0.140556 0.019600 0.095752 -0.364346 -0.926328 5.385800 0.142407 0.926045 -0.349515 0.000000 0.000000 0.000000 0.000000 1.000000
0.985166 -0.098449 0.140556 0.019600 0.095752 -0.364346 -0.926328 5.385800 0.142408 0.926045 -0.349515 -0.000000 0.000000 0.000000 0.000000 1.000000
0.985166 -0.098449 0.140556 0.019600 0.095752 -0.364346 -0.926328 5.385800 0.142407 0.926045 -0.349515 0.000000 0.000000 0.000000 0.000000 1.000000
0.985166 -0.098450 0.140556 0.019600 0.095751 -0.364347 -0.926328 5.385800 0.142408 0.926045 -0.349515 0.000000 0.000000 0.000000 0.000000 1.000000
0.985166 -0.098449 0.140556 0.019600 0.095751 -0.364347 -0.926328 5.385800 0.142408 0.926045 -0.349515 0.000000 0.000000 0.000000 0.000000 1.000000
0.985166 -0.098450 0.140556 0.019600 0.095751 -0.364346 -0.926328 5.385800 0.142408 0.926045 -0.349515 0.000000 0.000000 0.000000 0.000000 1.000000
0.985166 -0.098449 0.140556 0.019600 0.095752 -0.364346 -0.926328 5.385800 0.142407 0.926045 -0.349515 0.000000 0.000000 0.000000 0.000000 1.000000
0.985166 -0.098449 0.140556 0.019600 0.095751 -0.364346 -0.926328 5.385800 0.142407 0.926045 -0.349515 0.000000 0.000000 0.000000 0.000000 1.000000
0.985166 -0.098449 0.140556 0.019600 0.095752 -0.364347 -0.926328 5.385800 0.142408 0.926045 -0.349515 0.000000 0.000000 0.000000 0.000000 1.000000
0.985166 -0.098449 0.140556 0.019600 0.095752 -0.364346 -0.926328 5.385800 0.142407 0.926045 -0.349515 -0.000000 0.000000 0.000000 0.000000 1.000000
0.985166 -0.098450 0.140556 0.019600 0.095751 -0.364346 -0.926328 5.385800 0.142408 0.926045 -0.349515 0.000000 0.000000 0.000000 0.000000 1.000000
0.985166 -0.098450 0.140556 0.019600 0.095751 -0.364347 -0.926328 5.385800 0.142408 0.926045 -0.349515 0.000000 0.000000 0.000000 0.000000 1.000000
0.985166 -0.098450 0.140556 0.019600 0.095751 -0.364346 -0.926328 5.385800 0.142408 0.926045 -0.349515 0.000000 0.000000 0.000000 0.000000 1.000000
0.985166 -0.098449 0.140556 0.019600 0.095751 -0.364347 -0.926328 5.385800 0.142407 0.926045 -0.349515 -0.000000 0.000000 0.000000 0.000000 1.000000
0.985166 -0.098449 0.140556 0.019600 0.095752 -0.364346 -0.926328 5.385800 0.142408 0.926045 -0.349515 -0.000000 0.000000 0.000000 0.000000 1.000000
0.985166 -0.098450 0.140556 0.019600 0.095751 -0.364347 -0.926328 5.385800 0.142408 0.926045 -0.349515 0.000000 0.000000 0.000000 0.000000 1.000000
0.985166 -0.098449 0.140556 0.019600 0.095752 -0.364347 -0.926328 5.385800 0.142407 0.926045 -0.349515 0.000000 0.000000 0.000000 0.000000 1.000000
0.985166 -0.098450 0.140556 0.019600 0.095752 -0.364346 -0.926328 5.385800 0.142408 0.926045 -0.349515 0.000000 0.000000 0.000000 0.000000 1.000000
0.985166 -0.098449 0.140556 0.019600 0.095751 -0.364347 -0.926328 5.385800 0.142407 0.926045 -0.349515 0.000000 0.000000 0.000000 0.000000 1.000000
0.985166 -0.098449 0.140556 0.019600 0.095751 -0.364347 -0.926328 5.385800 0.142407 0.926045 -0.349515 0.000000 0.000000 0.000000 0.000000 1.000000
0.985166 -0.098449 0.140556 0.019600 0.095751 -0.364347 -0.926328 5.385800 0.142407 0.926045 -0.349515 0.000000 0.000000 0.000000 0.000000 1.000000
0.985166 -0.098449 0.140556 0.019600 0.095752 -0.364347 -0.926328 5.385800 0.142407 0.926045 -0.349515 0.000000 0.000000 0.000000 0.000000 1.000000
0.985166 -0.098449 0.140556 0.019600 0.095752 -0.364347 -0.926328 5.385800 0.142407 0.926045 -0.349515 0.000000 0.000000 0.000000 0.000000 1.000000
0.985166 -0.098449 0.140556 0.019600 0.095751 -0.364347 -0.926328 5.385800 0.142407 0.926045 -0.349515 0.000000 0.000000 0.000000 0.000000 1.000000
0.985166 -0.098449 0.140556 0.019600 0.095751 -0.364347 -0.926328 5.385800 0.142407 0.926045 -0.349516 0.000000 0.000000 0.000000 0.000000 1.000000
0.985166 -0.098449 0.140556 0.019600 0.095751 -0.364347 -0.926328 5.385800 0.142407 0.926045 -0.349515 0.000000 0.000000 0.000000 0.000000 1.000000
0.985166 -0.098449 0.140555 0.019600 0.095751 -0.364347 -0.926328 5.385800 0.142407 0.926045 -0.349515 0.000000 0.000000 0.000000 0.000000 1.000000
0.985166 -0.098449 0.140556 0.019600 0.095752 -0.364347 -0.926328 5.385800 0.142408 0.926045 -0.349515 0.000000 0.000000 0.000000 0.000000 1.000000
0.985166 -0.098449 0.140556 0.019600 0.095751 -0.364347 -0.926328 5.385800 0.142407 0.926045 -0.349515 0.000000 0.000000 0.000000 0.000000 1.000000
0.985166 -0.098449 0.140556 0.019600 0.095752 -0.364346 -0.926328 5.385800 0.142407 0.926045 -0.349515 0.000000 0.000000 0.000000 0.000000 1.000000
0.985166 -0.098449 0.140556 0.019600 0.095752 -0.364346 -0.926328 5.385800 0.142407 0.926045 -0.349515 0.000000 0.000000 0.000000 0.000000 1.000000
0.985166 -0.098449 0.140556 0.019600 0.095752 -0.364347 -0.926328 5.385800 0.142407 0.926045 -0.349516 0.000000 0.000000 0.000000 0.000000 1.000000
0.985166 -0.098449 0.140556 0.019600 0.095752 -0.364346 -0.926328 5.385800 0.142407 0.926045 -0.349515 0.000000 0.000000 0.000000 0.000000 1.000000
0.985166 -0.098449 0.140556 0.019600 0.095751 -0.364346 -0.926328 5.385800 0.142407 0.926045 -0.349515 0.000000 0.000000 0.000000 0.000000 1.000000
0.985166 -0.098449 0.140556 0.019600 0.095752 -0.364346 -0.926328 5.385800 0.142408 0.926045 -0.349515 0.000000 0.000000 0.000000 0.000000 1.000000
0.985166 -0.098449 0.140556 0.019600 0.095751 -0.364347 -0.926328 5.385800 0.142407 0.926045 -0.349515 0.000000 0.000000 0.000000 0.000000 1.000000
0.985166 -0.098449 0.140555 0.019600 0.095751 -0.364346 -0.926328 5.385800 0.142407 0.926045 -0.349515 0.000000 0.000000 0.000000 0.000000 1.000000
0.985166 -0.098449 0.140555 0.019600 0.095751 -0.364347 -0.926328 5.385800 0.142407 0.926045 -0.349515 0.000000 0.000000 0.000000 0.000000 1.000000
0.985166 -0.098449 0.140556 0.019600 0.095752 -0.364347 -0.926328 5.385800 0.142407 0.926045 -0.349515 0.000000 0.000000 0.000000 0.000000 1.000000
0.985166 -0.098449 0.140556 0.019600 0.095751 -0.364346 -0.926328 5.385800 0.142407 0.926045 -0.349515 0.000000 0.000000 0.000000 0.000000 1.000000</float_array>
        <technique_common>
          <accessor source="#mixamorig_RightHandMiddle2-Matrix-animation-output-transform-array" count="42" stride="16">
            <param type="float4x4"/>
          </accessor>
        </technique_common>
      </source>
      <source id="mixamorig_RightHandMiddle2-Interpolations">
        <Name_array id="mixamorig_RightHandMiddle2-Interpolations-array" count="42">
 LINEAR LINEAR LINEAR LINEAR LINEAR LINEAR LINEAR LINEAR LINEAR LINEAR LINEAR
LINEAR LINEAR LINEAR LINEAR LINEAR LINEAR LINEAR LINEAR LINEAR LINEAR LINEAR LINEAR
LINEAR LINEAR LINEAR LINEAR LINEAR LINEAR LINEAR LINEAR LINEAR LINEAR LINEAR LINEAR
LINEAR LINEAR LINEAR LINEAR LINEAR LINEAR LINEAR</Name_array>
        <technique_common>
          <accessor source="#mixamorig_RightHandMiddle2-Interpolations-array" count="42">
            <param type="name"/>
          </accessor>
        </technique_common>
      </source>
      <sampler id="mixamorig_RightHandMiddle2-Matrix-animation-transform">
        <input semantic="INPUT" source="#mixamorig_RightHandMiddle2-Matrix-animation-input"/>
        <input semantic="OUTPUT" source="#mixamorig_RightHandMiddle2-Matrix-animation-output-transform"/>
        <input semantic="INTERPOLATION" source="#mixamorig_RightHandMiddle2-Interpolations"/>
      </sampler>
      <channel source="#mixamorig_RightHandMiddle2-Matrix-animation-transform" target="mixamorig_RightHandMiddle2/matrix"/>
    </animation>
    <animation id="mixamorig_RightHandMiddle3-anim" name="mixamorig_RightHandMiddle3">
      <source id="mixamorig_RightHandMiddle3-Matrix-animation-input">
        <float_array id="mixamorig_RightHandMiddle3-Matrix-animation-input-array" count="42">

0.000000 0.033333 0.066667 0.100000 0.133333 0.166667 0.200000 0.233333 0.266667 0.300000 0.333333 0.366667 0.400000 0.433333 0.466667 0.500000
0.533333 0.566667 0.600000 0.633333 0.666667 0.700000 0.733333 0.766667 0.800000 0.833333 0.866667 0.900000 0.933333 0.966667 1.000000 1.033333
1.066667 1.100000 1.133333 1.166667 1.200000 1.233333 1.266667 1.300000 1.333333 1.366667</float_array>
        <technique_common>
          <accessor source="#mixamorig_RightHandMiddle3-Matrix-animation-input-array" count="42">
            <param name="TIME" type="float"/>
          </accessor>
        </technique_common>
      </source>
      <source id="mixamorig_RightHandMiddle3-Matrix-animation-output-transform">
        <float_array id="mixamorig_RightHandMiddle3-Matrix-animation-output-transform-array" count="672">

0.985072 -0.096888 0.142290 -0.008300 0.102096 -0.336689 -0.936065 5.321600 0.138601 0.936618 -0.321771 0.000000 0.000000 0.000000 0.000000 1.000000
0.985072 -0.096888 0.142290 -0.008300 0.102095 -0.336689 -0.936065 5.321600 0.138601 0.936618 -0.321771 0.000000 0.000000 0.000000 0.000000 1.000000
0.985072 -0.096889 0.142290 -0.008300 0.102096 -0.336689 -0.936065 5.321600 0.138602 0.936618 -0.321770 0.000000 0.000000 0.000000 0.000000 1.000000
0.985072 -0.096888 0.142290 -0.008300 0.102095 -0.336689 -0.936065 5.321600 0.138601 0.936618 -0.321771 -0.000000 0.000000 0.000000 0.000000 1.000000
0.985072 -0.096888 0.142290 -0.008300 0.102095 -0.336689 -0.936065 5.321600 0.138601 0.936618 -0.321771 0.000000 0.000000 0.000000 0.000000 1.000000
0.985072 -0.096888 0.142290 -0.008300 0.102095 -0.336689 -0.936065 5.321600 0.138601 0.936618 -0.321771 0.000000 0.000000 0.000000 0.000000 1.000000
0.985072 -0.096888 0.142290 -0.008300 0.102095 -0.336689 -0.936065 5.321600 0.138601 0.936618 -0.321771 0.000000 0.000000 0.000000 0.000000 1.000000
0.985072 -0.096888 0.142289 -0.008300 0.102095 -0.336689 -0.936065 5.321600 0.138601 0.936618 -0.321771 -0.000000 0.000000 0.000000 0.000000 1.000000
0.985072 -0.096888 0.142290 -0.008300 0.102095 -0.336689 -0.936065 5.321600 0.138601 0.936618 -0.321771 0.000000 0.000000 0.000000 0.000000 1.000000
0.985072 -0.096888 0.142290 -0.008300 0.102095 -0.336689 -0.936065 5.321600 0.138601 0.936618 -0.321771 0.000000 0.000000 0.000000 0.000000 1.000000
0.985072 -0.096888 0.142290 -0.008300 0.102095 -0.336689 -0.936065 5.321600 0.138601 0.936618 -0.321771 0.000000 0.000000 0.000000 0.000000 1.000000
0.985072 -0.096888 0.142290 -0.008300 0.102095 -0.336689 -0.936065 5.321600 0.138601 0.936618 -0.321771 0.000000 0.000000 0.000000 0.000000 1.000000
0.985072 -0.096888 0.142290 -0.008300 0.102095 -0.336689 -0.936065 5.321600 0.138601 0.936618 -0.321771 -0.000000 0.000000 0.000000 0.000000 1.000000
0.985072 -0.096888 0.142290 -0.008300 0.102095 -0.336689 -0.936065 5.321600 0.138601 0.936618 -0.321771 0.000000 0.000000 0.000000 0.000000 1.000000
0.985072 -0.096888 0.142290 -0.008300 0.102095 -0.336689 -0.936065 5.321600 0.138601 0.936618 -0.321771 0.000000 0.000000 0.000000 0.000000 1.000000
0.985072 -0.096889 0.142290 -0.008300 0.102095 -0.336688 -0.936065 5.321600 0.138601 0.936618 -0.321770 0.000000 0.000000 0.000000 0.000000 1.000000
0.985072 -0.096888 0.142290 -0.008300 0.102095 -0.336689 -0.936065 5.321600 0.138601 0.936618 -0.321771 0.000000 0.000000 0.000000 0.000000 1.000000
0.985072 -0.096888 0.142290 -0.008300 0.102096 -0.336689 -0.936065 5.321600 0.138601 0.936618 -0.321771 0.000000 0.000000 0.000000 0.000000 1.000000
0.985072 -0.096888 0.142290 -0.008300 0.102095 -0.336688 -0.936065 5.321600 0.138601 0.936618 -0.321770 0.000000 0.000000 0.000000 0.000000 1.000000
0.985072 -0.096889 0.142289 -0.008300 0.102095 -0.336689 -0.936065 5.321600 0.138601 0.936618 -0.321771 0.000000 0.000000 0.000000 0.000000 1.000000
0.985072 -0.096888 0.142290 -0.008300 0.102095 -0.336689 -0.936065 5.321600 0.138601 0.936618 -0.321771 0.000000 0.000000 0.000000 0.000000 1.000000
0.985072 -0.096888 0.142290 -0.008300 0.102096 -0.336688 -0.936065 5.321600 0.138601 0.936618 -0.321770 0.000000 0.000000 0.000000 0.000000 1.000000
0.985072 -0.096888 0.142290 -0.008300 0.102095 -0.336689 -0.936065 5.321600 0.138601 0.936618 -0.321771 0.000000 0.000000 0.000000 0.000000 1.000000
0.985072 -0.096888 0.142290 -0.008300 0.102095 -0.336688 -0.936065 5.321600 0.138601 0.936618 -0.321770 0.000000 0.000000 0.000000 0.000000 1.000000
0.985072 -0.096888 0.142290 -0.008300 0.102095 -0.336689 -0.936065 5.321600 0.138601 0.936618 -0.321771 0.000000 0.000000 0.000000 0.000000 1.000000
0.985072 -0.096888 0.142289 -0.008300 0.102095 -0.336689 -0.936065 5.321600 0.138601 0.936618 -0.321771 0.000000 0.000000 0.000000 0.000000 1.000000
0.985072 -0.096888 0.142290 -0.008300 0.102095 -0.336689 -0.936065 5.321600 0.138601 0.936618 -0.321771 0.000000 0.000000 0.000000 0.000000 1.000000
0.985072 -0.096888 0.142290 -0.008300 0.102095 -0.336689 -0.936065 5.321600 0.138601 0.936618 -0.321771 0.000000 0.000000 0.000000 0.000000 1.000000
0.985072 -0.096888 0.142290 -0.008300 0.102095 -0.336689 -0.936065 5.321600 0.138601 0.936618 -0.321771 0.000000 0.000000 0.000000 0.000000 1.000000
0.985072 -0.096888 0.142290 -0.008300 0.102095 -0.336688 -0.936065 5.321600 0.138601 0.936618 -0.321770 -0.000000 0.000000 0.000000 0.000000 1.000000
0.985072 -0.096888 0.142289 -0.008300 0.102095 -0.336689 -0.936065 5.321600 0.138601 0.936618 -0.321771 0.000000 0.000000 0.000000 0.000000 1.000000
0.985072 -0.096888 0.142290 -0.008300 0.102096 -0.336688 -0.936065 5.321600 0.138601 0.936618 -0.321770 0.000000 0.000000 0.000000 0.000000 1.000000
0.985072 -0.096888 0.142290 -0.008300 0.102095 -0.336689 -0.936065 5.321600 0.138601 0.936618 -0.321771 0.000000 0.000000 0.000000 0.000000 1.000000
0.985072 -0.096889 0.142290 -0.008300 0.102095 -0.336689 -0.936065 5.321600 0.138601 0.936618 -0.321771 0.000000 0.000000 0.000000 0.000000 1.000000
0.985072 -0.096888 0.142289 -0.008300 0.102095 -0.336689 -0.936065 5.321600 0.138601 0.936618 -0.321771 0.000000 0.000000 0.000000 0.000000 1.000000
0.985072 -0.096888 0.142290 -0.008300 0.102095 -0.336689 -0.936065 5.321600 0.138601 0.936618 -0.321771 0.000000 0.000000 0.000000 0.000000 1.000000
0.985072 -0.096888 0.142290 -0.008300 0.102095 -0.336689 -0.936065 5.321600 0.138601 0.936618 -0.321771 0.000000 0.000000 0.000000 0.000000 1.000000
0.985072 -0.096888 0.142290 -0.008300 0.102095 -0.336689 -0.936065 5.321600 0.138601 0.936618 -0.321771 0.000000 0.000000 0.000000 0.000000 1.000000
0.985072 -0.096888 0.142289 -0.008300 0.102095 -0.336689 -0.936065 5.321600 0.138601 0.936618 -0.321771 0.000000 0.000000 0.000000 0.000000 1.000000
0.985072 -0.096888 0.142290 -0.008300 0.102096 -0.336689 -0.936065 5.321600 0.138601 0.936618 -0.321771 -0.000000 0.000000 0.000000 0.000000 1.000000
0.985072 -0.096888 0.142290 -0.008300 0.102095 -0.336689 -0.936065 5.321600 0.138601 0.936618 -0.321771 0.000000 0.000000 0.000000 0.000000 1.000000
0.985072 -0.096888 0.142290 -0.008300 0.102096 -0.336689 -0.936065 5.321600 0.138601 0.936618 -0.321771 0.000000 0.000000 0.000000 0.000000 1.000000</float_array>
        <technique_common>
          <accessor source="#mixamorig_RightHandMiddle3-Matrix-animation-output-transform-array" count="42" stride="16">
            <param type="float4x4"/>
          </accessor>
        </technique_common>
      </source>
      <source id="mixamorig_RightHandMiddle3-Interpolations">
        <Name_array id="mixamorig_RightHandMiddle3-Interpolations-array" count="42">
 LINEAR LINEAR LINEAR LINEAR LINEAR LINEAR LINEAR LINEAR LINEAR LINEAR LINEAR
LINEAR LINEAR LINEAR LINEAR LINEAR LINEAR LINEAR LINEAR LINEAR LINEAR LINEAR LINEAR
LINEAR LINEAR LINEAR LINEAR LINEAR LINEAR LINEAR LINEAR LINEAR LINEAR LINEAR LINEAR
LINEAR LINEAR LINEAR LINEAR LINEAR LINEAR LINEAR</Name_array>
        <technique_common>
          <accessor source="#mixamorig_RightHandMiddle3-Interpolations-array" count="42">
            <param type="name"/>
          </accessor>
        </technique_common>
      </source>
      <sampler id="mixamorig_RightHandMiddle3-Matrix-animation-transform">
        <input semantic="INPUT" source="#mixamorig_RightHandMiddle3-Matrix-animation-input"/>
        <input semantic="OUTPUT" source="#mixamorig_RightHandMiddle3-Matrix-animation-output-transform"/>
        <input semantic="INTERPOLATION" source="#mixamorig_RightHandMiddle3-Interpolations"/>
      </sampler>
      <channel source="#mixamorig_RightHandMiddle3-Matrix-animation-transform" target="mixamorig_RightHandMiddle3/matrix"/>
    </animation>
    <animation id="mixamorig_RightHandRing1-anim" name="mixamorig_RightHandRing1">
      <source id="mixamorig_RightHandRing1-Matrix-animation-input">
        <float_array id="mixamorig_RightHandRing1-Matrix-animation-input-array" count="42">

0.000000 0.033333 0.066667 0.100000 0.133333 0.166667 0.200000 0.233333 0.266667 0.300000 0.333333 0.366667 0.400000 0.433333 0.466667 0.500000
0.533333 0.566667 0.600000 0.633333 0.666667 0.700000 0.733333 0.766667 0.800000 0.833333 0.866667 0.900000 0.933333 0.966667 1.000000 1.033333
1.066667 1.100000 1.133333 1.166667 1.200000 1.233333 1.266667 1.300000 1.333333 1.366667</float_array>
        <technique_common>
          <accessor source="#mixamorig_RightHandRing1-Matrix-animation-input-array" count="42">
            <param name="TIME" type="float"/>
          </accessor>
        </technique_common>
      </source>
      <source id="mixamorig_RightHandRing1-Matrix-animation-output-transform">
        <float_array id="mixamorig_RightHandRing1-Matrix-animation-output-transform-array" count="672">

0.998989 -0.022249 -0.039057 -2.091900 -0.039687 -0.028640 -0.998802 12.266300 0.021103 0.999342 -0.029494 -0.326200 0.000000 0.000000 0.000000 1.000000
0.998989 -0.022249 -0.039057 -2.091900 -0.039687 -0.028641 -0.998802 12.266300 0.021103 0.999342 -0.029495 -0.326200 0.000000 0.000000 0.000000 1.000000
0.998989 -0.022249 -0.039056 -2.091900 -0.039687 -0.028640 -0.998802 12.266300 0.021104 0.999342 -0.029494 -0.326200 0.000000 0.000000 0.000000 1.000000
0.998989 -0.022248 -0.039056 -2.091900 -0.039687 -0.028640 -0.998802 12.266300 0.021103 0.999342 -0.029494 -0.326200 0.000000 0.000000 0.000000 1.000000
0.998989 -0.022248 -0.039057 -2.091900 -0.039687 -0.028640 -0.998802 12.266300 0.021103 0.999342 -0.029494 -0.326200 0.000000 0.000000 0.000000 1.000000
0.998989 -0.022249 -0.039056 -2.091900 -0.039687 -0.028640 -0.998802 12.266300 0.021104 0.999342 -0.029494 -0.326200 0.000000 0.000000 0.000000 1.000000
0.998989 -0.022248 -0.039057 -2.091900 -0.039687 -0.028640 -0.998802 12.266300 0.021103 0.999342 -0.029494 -0.326200 0.000000 0.000000 0.000000 1.000000
0.998989 -0.022248 -0.039057 -2.091900 -0.039687 -0.028640 -0.998802 12.266300 0.021103 0.999342 -0.029494 -0.326200 0.000000 0.000000 0.000000 1.000000
0.998989 -0.022248 -0.039056 -2.091900 -0.039687 -0.028640 -0.998802 12.266300 0.021103 0.999342 -0.029494 -0.326200 0.000000 0.000000 0.000000 1.000000
0.998989 -0.022249 -0.039056 -2.091900 -0.039687 -0.028640 -0.998802 12.266300 0.021104 0.999342 -0.029494 -0.326200 0.000000 0.000000 0.000000 1.000000
0.998989 -0.022248 -0.039057 -2.091900 -0.039687 -0.028640 -0.998802 12.266300 0.021103 0.999342 -0.029494 -0.326200 0.000000 0.000000 0.000000 1.000000
0.998989 -0.022248 -0.039057 -2.091900 -0.039687 -0.028640 -0.998802 12.266300 0.021103 0.999342 -0.029494 -0.326200 0.000000 0.000000 0.000000 1.000000
0.998989 -0.022248 -0.039057 -2.091900 -0.039687 -0.028640 -0.998802 12.266300 0.021103 0.999342 -0.029494 -0.326200 0.000000 0.000000 0.000000 1.000000
0.998989 -0.022249 -0.039056 -2.091900 -0.039687 -0.028640 -0.998802 12.266300 0.021104 0.999342 -0.029494 -0.326200 0.000000 0.000000 0.000000 1.000000
0.998989 -0.022249 -0.039056 -2.091900 -0.039687 -0.028640 -0.998802 12.266300 0.021103 0.999342 -0.029494 -0.326200 0.000000 0.000000 0.000000 1.000000
0.998989 -0.022249 -0.039057 -2.091900 -0.039687 -0.028640 -0.998802 12.266300 0.021103 0.999342 -0.029494 -0.326200 0.000000 0.000000 0.000000 1.000000
0.998989 -0.022249 -0.039057 -2.091900 -0.039687 -0.028640 -0.998802 12.266300 0.021103 0.999342 -0.029494 -0.326200 0.000000 0.000000 0.000000 1.000000
0.998989 -0.022249 -0.039057 -2.091900 -0.039687 -0.028640 -0.998802 12.266300 0.021103 0.999342 -0.029494 -0.326200 0.000000 0.000000 0.000000 1.000000
0.998989 -0.022249 -0.039057 -2.091900 -0.039687 -0.028640 -0.998802 12.266300 0.021104 0.999342 -0.029494 -0.326200 0.000000 0.000000 0.000000 1.000000
0.998989 -0.022248 -0.039057 -2.091900 -0.039687 -0.028640 -0.998802 12.266300 0.021103 0.999342 -0.029494 -0.326200 0.000000 0.000000 0.000000 1.000000
0.998989 -0.022249 -0.039056 -2.091900 -0.039687 -0.028640 -0.998802 12.266300 0.021103 0.999342 -0.029494 -0.326200 0.000000 0.000000 0.000000 1.000000
0.998989 -0.022249 -0.039057 -2.091900 -0.039688 -0.028640 -0.998802 12.266300 0.021104 0.999342 -0.029494 -0.326200 0.000000 0.000000 0.000000 1.000000
0.998989 -0.022248 -0.039057 -2.091900 -0.039687 -0.028640 -0.998802 12.266300 0.021103 0.999342 -0.029494 -0.326200 0.000000 0.000000 0.000000 1.000000
0.998989 -0.022249 -0.039057 -2.091900 -0.039687 -0.028640 -0.998802 12.266300 0.021103 0.999342 -0.029494 -0.326200 0.000000 0.000000 0.000000 1.000000
0.998989 -0.022249 -0.039056 -2.091900 -0.039687 -0.028640 -0.998802 12.266300 0.021104 0.999342 -0.029494 -0.326200 0.000000 0.000000 0.000000 1.000000
0.998989 -0.022249 -0.039056 -2.091900 -0.039687 -0.028640 -0.998802 12.266300 0.021103 0.999342 -0.029494 -0.326200 0.000000 0.000000 0.000000 1.000000
0.998989 -0.022248 -0.039057 -2.091900 -0.039687 -0.028640 -0.998802 12.266300 0.021103 0.999342 -0.029494 -0.326200 0.000000 0.000000 0.000000 1.000000
0.998989 -0.022248 -0.039057 -2.091900 -0.039687 -0.028640 -0.998802 12.266300 0.021103 0.999342 -0.029494 -0.326200 0.000000 0.000000 0.000000 1.000000
0.998989 -0.022249 -0.039056 -2.091900 -0.039687 -0.028640 -0.998802 12.266300 0.021104 0.999342 -0.029494 -0.326200 0.000000 0.000000 0.000000 1.000000
0.998989 -0.022248 -0.039057 -2.091900 -0.039687 -0.028640 -0.998802 12.266300 0.021103 0.999342 -0.029494 -0.326200 0.000000 0.000000 0.000000 1.000000
0.998989 -0.022248 -0.039057 -2.091900 -0.039687 -0.028640 -0.998802 12.266300 0.021103 0.999342 -0.029494 -0.326200 0.000000 0.000000 0.000000 1.000000
0.998989 -0.022249 -0.039057 -2.091900 -0.039687 -0.028640 -0.998802 12.266300 0.021103 0.999342 -0.029494 -0.326200 0.000000 0.000000 0.000000 1.000000
0.998989 -0.022248 -0.039057 -2.091900 -0.039687 -0.028640 -0.998802 12.266300 0.021103 0.999342 -0.029494 -0.326200 0.000000 0.000000 0.000000 1.000000
0.998989 -0.022249 -0.039057 -2.091900 -0.039687 -0.028640 -0.998802 12.266300 0.021104 0.999342 -0.029494 -0.326200 0.000000 0.000000 0.000000 1.000000
0.998989 -0.022248 -0.039056 -2.091900 -0.039687 -0.028640 -0.998802 12.266300 0.021103 0.999342 -0.029494 -0.326200 0.000000 0.000000 0.000000 1.000000
0.998989 -0.022249 -0.039057 -2.091900 -0.039687 -0.028640 -0.998802 12.266300 0.021103 0.999342 -0.029494 -0.326200 0.000000 0.000000 0.000000 1.000000
0.998989 -0.022248 -0.039057 -2.091900 -0.039687 -0.028640 -0.998802 12.266300 0.021103 0.999342 -0.029494 -0.326200 0.000000 0.000000 0.000000 1.000000
0.998989 -0.022249 -0.039056 -2.091900 -0.039687 -0.028640 -0.998802 12.266300 0.021104 0.999342 -0.029494 -0.326200 0.000000 0.000000 0.000000 1.000000
0.998989 -0.022249 -0.039057 -2.091900 -0.039687 -0.028640 -0.998802 12.266300 0.021103 0.999342 -0.029494 -0.326200 0.000000 0.000000 0.000000 1.000000
0.998989 -0.022249 -0.039057 -2.091900 -0.039687 -0.028640 -0.998802 12.266300 0.021104 0.999342 -0.029494 -0.326200 0.000000 0.000000 0.000000 1.000000
0.998989 -0.022248 -0.039057 -2.091900 -0.039687 -0.028640 -0.998802 12.266300 0.021103 0.999342 -0.029494 -0.326200 0.000000 0.000000 0.000000 1.000000
0.998989 -0.022248 -0.039057 -2.091900 -0.039687 -0.028640 -0.998802 12.266300 0.021103 0.999342 -0.029494 -0.326200 0.000000 0.000000 0.000000 1.000000</float_array>
        <technique_common>
          <accessor source="#mixamorig_RightHandRing1-Matrix-animation-output-transform-array" count="42" stride="16">
            <param type="float4x4"/>
          </accessor>
        </technique_common>
      </source>
      <source id="mixamorig_RightHandRing1-Interpolations">
        <Name_array id="mixamorig_RightHandRing1-Interpolations-array" count="42">
 LINEAR LINEAR LINEAR LINEAR LINEAR LINEAR LINEAR LINEAR LINEAR LINEAR LINEAR
LINEAR LINEAR LINEAR LINEAR LINEAR LINEAR LINEAR LINEAR LINEAR LINEAR LINEAR LINEAR
LINEAR LINEAR LINEAR LINEAR LINEAR LINEAR LINEAR LINEAR LINEAR LINEAR LINEAR LINEAR
LINEAR LINEAR LINEAR LINEAR LINEAR LINEAR LINEAR</Name_array>
        <technique_common>
          <accessor source="#mixamorig_RightHandRing1-Interpolations-array" count="42">
            <param type="name"/>
          </accessor>
        </technique_common>
      </source>
      <sampler id="mixamorig_RightHandRing1-Matrix-animation-transform">
        <input semantic="INPUT" source="#mixamorig_RightHandRing1-Matrix-animation-input"/>
        <input semantic="OUTPUT" source="#mixamorig_RightHandRing1-Matrix-animation-output-transform"/>
        <input semantic="INTERPOLATION" source="#mixamorig_RightHandRing1-Interpolations"/>
      </sampler>
      <channel source="#mixamorig_RightHandRing1-Matrix-animation-transform" target="mixamorig_RightHandRing1/matrix"/>
    </animation>
    <animation id="mixamorig_RightHandRing2-anim" name="mixamorig_RightHandRing2">
      <source id="mixamorig_RightHandRing2-Matrix-animation-input">
        <float_array id="mixamorig_RightHandRing2-Matrix-animation-input-array" count="42">

0.000000 0.033333 0.066667 0.100000 0.133333 0.166667 0.200000 0.233333 0.266667 0.300000 0.333333 0.366667 0.400000 0.433333 0.466667 0.500000
0.533333 0.566667 0.600000 0.633333 0.666667 0.700000 0.733333 0.766667 0.800000 0.833333 0.866667 0.900000 0.933333 0.966667 1.000000 1.033333
1.066667 1.100000 1.133333 1.166667 1.200000 1.233333 1.266667 1.300000 1.333333 1.366667</float_array>
        <technique_common>
          <accessor source="#mixamorig_RightHandRing2-Matrix-animation-input-array" count="42">
            <param name="TIME" type="float"/>
          </accessor>
        </technique_common>
      </source>
      <source id="mixamorig_RightHandRing2-Matrix-animation-output-transform">
        <float_array id="mixamorig_RightHandRing2-Matrix-animation-output-transform-array" count="672">

0.985515 -0.109458 0.129532 0.008400 0.105138 -0.204955 -0.973108 4.583300 0.133063 0.972632 -0.190478 0.000000 0.000000 0.000000 0.000000 1.000000
0.985515 -0.109458 0.129532 0.008400 0.105138 -0.204955 -0.973108 4.583300 0.133063 0.972632 -0.190478 -0.000000 0.000000 0.000000 0.000000 1.000000
0.985515 -0.109458 0.129532 0.008400 0.105137 -0.204956 -0.973108 4.583300 0.133063 0.972632 -0.190479 0.000000 0.000000 0.000000 0.000000 1.000000
0.985515 -0.109458 0.129532 0.008400 0.105138 -0.204955 -0.973108 4.583300 0.133063 0.972632 -0.190478 0.000000 0.000000 0.000000 0.000000 1.000000
0.985515 -0.109458 0.129532 0.008400 0.105138 -0.204955 -0.973108 4.583300 0.133063 0.972632 -0.190478 0.000000 0.000000 0.000000 0.000000 1.000000
0.985515 -0.109459 0.129532 0.008400 0.105138 -0.204955 -0.973108 4.583300 0.133063 0.972632 -0.190478 0.000000 0.000000 0.000000 0.000000 1.000000
0.985515 -0.109458 0.129532 0.008400 0.105138 -0.204955 -0.973108 4.583300 0.133063 0.972632 -0.190478 0.000000 0.000000 0.000000 0.000000 1.000000
0.985515 -0.109458 0.129532 0.008400 0.105138 -0.204955 -0.973108 4.583300 0.133063 0.972632 -0.190478 0.000000 0.000000 0.000000 0.000000 1.000000
0.985515 -0.109458 0.129533 0.008400 0.105138 -0.204955 -0.973108 4.583300 0.133063 0.972632 -0.190478 0.000000 0.000000 0.000000 0.000000 1.000000
0.985515 -0.109458 0.129532 0.008400 0.105138 -0.204954 -0.973108 4.583300 0.133063 0.972632 -0.190478 0.000000 0.000000 0.000000 0.000000 1.000000
0.985515 -0.109458 0.129532 0.008400 0.105138 -0.204955 -0.973108 4.583300 0.133063 0.972632 -0.190479 0.000000 0.000000 0.000000 0.000000 1.000000
0.985515 -0.109459 0.129532 0.008400 0.105137 -0.204955 -0.973108 4.583300 0.133063 0.972632 -0.190479 -0.000000 0.000000 0.000000 0.000000 1.000000
0.985515 -0.109458 0.129532 0.008400 0.105138 -0.204955 -0.973108 4.583300 0.133063 0.972632 -0.190478 0.000000 0.000000 0.000000 0.000000 1.000000
0.985515 -0.109458 0.129532 0.008400 0.105138 -0.204955 -0.973108 4.583300 0.133063 0.972632 -0.190478 -0.000000 0.000000 0.000000 0.000000 1.000000
0.985515 -0.109459 0.129532 0.008400 0.105138 -0.204955 -0.973108 4.583300 0.133063 0.972632 -0.190478 0.000000 0.000000 0.000000 0.000000 1.000000
0.985515 -0.109458 0.129532 0.008400 0.105137 -0.204955 -0.973108 4.583300 0.133063 0.972632 -0.190478 -0.000000 0.000000 0.000000 0.000000 1.000000
0.985515 -0.109459 0.129532 0.008400 0.105137 -0.204955 -0.973108 4.583300 0.133063 0.972632 -0.190478 0.000000 0.000000 0.000000 0.000000 1.000000
0.985515 -0.109459 0.129532 0.008400 0.105138 -0.204955 -0.973108 4.583300 0.133063 0.972632 -0.190478 0.000000 0.000000 0.000000 0.000000 1.000000
0.985515 -0.109459 0.129532 0.008400 0.105138 -0.204955 -0.973108 4.583300 0.133063 0.972632 -0.190478 -0.000000 0.000000 0.000000 0.000000 1.000000
0.985515 -0.109458 0.129532 0.008400 0.105138 -0.204955 -0.973108 4.583300 0.133063 0.972632 -0.190478 -0.000000 0.000000 0.000000 0.000000 1.000000
0.985515 -0.109458 0.129532 0.008400 0.105138 -0.204955 -0.973108 4.583300 0.133063 0.972632 -0.190478 0.000000 0.000000 0.000000 0.000000 1.000000
0.985515 -0.109459 0.129532 0.008400 0.105138 -0.204956 -0.973108 4.583300 0.133063 0.972631 -0.190479 0.000000 0.000000 0.000000 0.000000 1.000000
0.985515 -0.109458 0.129532 0.008400 0.105138 -0.204955 -0.973108 4.583300 0.133063 0.972632 -0.190478 0.000000 0.000000 0.000000 0.000000 1.000000
0.985515 -0.109458 0.129532 0.008400 0.105138 -0.204955 -0.973108 4.583300 0.133063 0.972632 -0.190478 0.000000 0.000000 0.000000 0.000000 1.000000
0.985515 -0.109458 0.129532 0.008400 0.105138 -0.204955 -0.973108 4.583300 0.133063 0.972632 -0.190478 0.000000 0.000000 0.000000 0.000000 1.000000
0.985515 -0.109458 0.129532 0.008400 0.105138 -0.204955 -0.973108 4.583300 0.133063 0.972632 -0.190478 -0.000000 0.000000 0.000000 0.000000 1.000000
0.985515 -0.109458 0.129532 0.008400 0.105138 -0.204955 -0.973108 4.583300 0.133063 0.972632 -0.190478 0.000000 0.000000 0.000000 0.000000 1.000000
0.985515 -0.109459 0.129532 0.008400 0.105137 -0.204955 -0.973108 4.583300 0.133063 0.972632 -0.190478 -0.000000 0.000000 0.000000 0.000000 1.000000
0.985515 -0.109458 0.129532 0.008400 0.105138 -0.204955 -0.973108 4.583300 0.133063 0.972632 -0.190478 0.000000 0.000000 0.000000 0.000000 1.000000
0.985515 -0.109458 0.129532 0.008400 0.105138 -0.204955 -0.973108 4.583300 0.133063 0.972632 -0.190478 0.000000 0.000000 0.000000 0.000000 1.000000
0.985515 -0.109458 0.129532 0.008400 0.105138 -0.204955 -0.973108 4.583300 0.133063 0.972632 -0.190478 -0.000000 0.000000 0.000000 0.000000 1.000000
0.985515 -0.109458 0.129532 0.008400 0.105138 -0.204955 -0.973108 4.583300 0.133063 0.972632 -0.190478 -0.000000 0.000000 0.000000 0.000000 1.000000
0.985515 -0.109459 0.129532 0.008400 0.105138 -0.204956 -0.973108 4.583300 0.133063 0.972631 -0.190479 0.000000 0.000000 0.000000 0.000000 1.000000
0.985515 -0.109458 0.129532 0.008400 0.105137 -0.204955 -0.973108 4.583300 0.133063 0.972632 -0.190478 0.000000 0.000000 0.000000 0.000000 1.000000
0.985515 -0.109458 0.129532 0.008400 0.105138 -0.204955 -0.973108 4.583300 0.133063 0.972632 -0.190478 -0.000000 0.000000 0.000000 0.000000 1.000000
0.985515 -0.109458 0.129532 0.008400 0.105138 -0.204955 -0.973108 4.583300 0.133063 0.972632 -0.190478 0.000000 0.000000 0.000000 0.000000 1.000000
0.985515 -0.109458 0.129532 0.008400 0.105138 -0.204955 -0.973108 4.583300 0.133063 0.972632 -0.190478 0.000000 0.000000 0.000000 0.000000 1.000000
0.985515 -0.109459 0.129532 0.008400 0.105137 -0.204955 -0.973108 4.583300 0.133063 0.972632 -0.190478 0.000000 0.000000 0.000000 0.000000 1.000000
0.985515 -0.109458 0.129532 0.008400 0.105138 -0.204955 -0.973108 4.583300 0.133063 0.972632 -0.190478 0.000000 0.000000 0.000000 0.000000 1.000000
0.985515 -0.109458 0.129532 0.008400 0.105137 -0.204955 -0.973108 4.583300 0.133063 0.972632 -0.190478 -0.000000 0.000000 0.000000 0.000000 1.000000
0.985515 -0.109458 0.129532 0.008400 0.105138 -0.204955 -0.973108 4.583300 0.133063 0.972632 -0.190478 0.000000 0.000000 0.000000 0.000000 1.000000
0.985515 -0.109459 0.129532 0.008400 0.105137 -0.204955 -0.973108 4.583300 0.133063 0.972632 -0.190478 0.000000 0.000000 0.000000 0.000000 1.000000</float_array>
        <technique_common>
          <accessor source="#mixamorig_RightHandRing2-Matrix-animation-output-transform-array" count="42" stride="16">
            <param type="float4x4"/>
          </accessor>
        </technique_common>
      </source>
      <source id="mixamorig_RightHandRing2-Interpolations">
        <Name_array id="mixamorig_RightHandRing2-Interpolations-array" count="42">
 LINEAR LINEAR LINEAR LINEAR LINEAR LINEAR LINEAR LINEAR LINEAR LINEAR LINEAR
LINEAR LINEAR LINEAR LINEAR LINEAR LINEAR LINEAR LINEAR LINEAR LINEAR LINEAR LINEAR
LINEAR LINEAR LINEAR LINEAR LINEAR LINEAR LINEAR LINEAR LINEAR LINEAR LINEAR LINEAR
LINEAR LINEAR LINEAR LINEAR LINEAR LINEAR LINEAR</Name_array>
        <technique_common>
          <accessor source="#mixamorig_RightHandRing2-Interpolations-array" count="42">
            <param type="name"/>
          </accessor>
        </technique_common>
      </source>
      <sampler id="mixamorig_RightHandRing2-Matrix-animation-transform">
        <input semantic="INPUT" source="#mixamorig_RightHandRing2-Matrix-animation-input"/>
        <input semantic="OUTPUT" source="#mixamorig_RightHandRing2-Matrix-animation-output-transform"/>
        <input semantic="INTERPOLATION" source="#mixamorig_RightHandRing2-Interpolations"/>
      </sampler>
      <channel source="#mixamorig_RightHandRing2-Matrix-animation-transform" target="mixamorig_RightHandRing2/matrix"/>
    </animation>
    <animation id="mixamorig_RightHandRing3-anim" name="mixamorig_RightHandRing3">
      <source id="mixamorig_RightHandRing3-Matrix-animation-input">
        <float_array id="mixamorig_RightHandRing3-Matrix-animation-input-array" count="42">

0.000000 0.033333 0.066667 0.100000 0.133333 0.166667 0.200000 0.233333 0.266667 0.300000 0.333333 0.366667 0.400000 0.433333 0.466667 0.500000
0.533333 0.566667 0.600000 0.633333 0.666667 0.700000 0.733333 0.766667 0.800000 0.833333 0.866667 0.900000 0.933333 0.966667 1.000000 1.033333
1.066667 1.100000 1.133333 1.166667 1.200000 1.233333 1.266667 1.300000 1.333333 1.366667</float_array>
        <technique_common>
          <accessor source="#mixamorig_RightHandRing3-Matrix-animation-input-array" count="42">
            <param name="TIME" type="float"/>
          </accessor>
        </technique_common>
      </source>
      <source id="mixamorig_RightHandRing3-Matrix-animation-output-transform">
        <float_array id="mixamorig_RightHandRing3-Matrix-animation-output-transform-array" count="672">

0.985821 -0.101861 0.133350 0.008300 0.105407 -0.242424 -0.964427 4.612900 0.130565 0.964808 -0.228250 0.000000 0.000000 0.000000 0.000000 1.000000
0.985821 -0.101861 0.133350 0.008300 0.105407 -0.242424 -0.964427 4.612900 0.130565 0.964808 -0.228250 0.000000 0.000000 0.000000 0.000000 1.000000
0.985821 -0.101861 0.133350 0.008300 0.105407 -0.242424 -0.964427 4.612900 0.130565 0.964808 -0.228250 0.000000 0.000000 0.000000 0.000000 1.000000
0.985820 -0.101862 0.133350 0.008300 0.105407 -0.242424 -0.964427 4.612900 0.130565 0.964808 -0.228249 0.000000 0.000000 0.000000 0.000000 1.000000
0.985820 -0.101861 0.133350 0.008300 0.105407 -0.242424 -0.964427 4.612900 0.130565 0.964808 -0.228249 0.000000 0.000000 0.000000 0.000000 1.000000
0.985820 -0.101862 0.133350 0.008300 0.105407 -0.242424 -0.964427 4.612900 0.130565 0.964808 -0.228250 0.000000 0.000000 0.000000 0.000000 1.000000
0.985820 -0.101862 0.133350 0.008300 0.105407 -0.242424 -0.964427 4.612900 0.130565 0.964808 -0.228250 0.000000 0.000000 0.000000 0.000000 1.000000
0.985820 -0.101862 0.133350 0.008300 0.105407 -0.242424 -0.964427 4.612900 0.130565 0.964808 -0.228250 -0.000000 0.000000 0.000000 0.000000 1.000000
0.985820 -0.101862 0.133350 0.008300 0.105407 -0.242424 -0.964427 4.612900 0.130566 0.964808 -0.228250 -0.000000 0.000000 0.000000 0.000000 1.000000
0.985820 -0.101861 0.133350 0.008300 0.105407 -0.242424 -0.964427 4.612900 0.130565 0.964808 -0.228250 0.000000 0.000000 0.000000 0.000000 1.000000
0.985820 -0.101862 0.133350 0.008300 0.105407 -0.242424 -0.964427 4.612900 0.130566 0.964808 -0.228249 0.000000 0.000000 0.000000 0.000000 1.000000
0.985820 -0.101861 0.133350 0.008300 0.105408 -0.242424 -0.964427 4.612900 0.130565 0.964808 -0.228249 -0.000000 0.000000 0.000000 0.000000 1.000000
0.985820 -0.101861 0.133350 0.008300 0.105407 -0.242424 -0.964427 4.612900 0.130565 0.964808 -0.228250 -0.000000 0.000000 0.000000 0.000000 1.000000
0.985820 -0.101862 0.133350 0.008300 0.105407 -0.242424 -0.964427 4.612900 0.130566 0.964808 -0.228250 -0.000000 0.000000 0.000000 0.000000 1.000000
0.985820 -0.101862 0.133350 0.008300 0.105407 -0.242424 -0.964427 4.612900 0.130565 0.964808 -0.228249 0.000000 0.000000 0.000000 0.000000 1.000000
0.985820 -0.101862 0.133350 0.008300 0.105407 -0.242423 -0.964427 4.612900 0.130565 0.964808 -0.228249 0.000000 0.000000 0.000000 0.000000 1.000000
0.985820 -0.101862 0.133350 0.008300 0.105407 -0.242424 -0.964427 4.612900 0.130566 0.964808 -0.228249 0.000000 0.000000 0.000000 0.000000 1.000000
0.985821 -0.101862 0.133350 0.008300 0.105407 -0.242424 -0.964427 4.612900 0.130565 0.964808 -0.228249 0.000000 0.000000 0.000000 0.000000 1.000000
0.985820 -0.101862 0.133350 0.008300 0.105407 -0.242424 -0.964427 4.612900 0.130565 0.964808 -0.228249 -0.000000 0.000000 0.000000 0.000000 1.000000
0.985820 -0.101862 0.133350 0.008300 0.105407 -0.242424 -0.964427 4.612900 0.130566 0.964808 -0.228249 -0.000000 0.000000 0.000000 0.000000 1.000000
0.985820 -0.101862 0.133350 0.008300 0.105407 -0.242423 -0.964427 4.612900 0.130565 0.964808 -0.228249 0.000000 0.000000 0.000000 0.000000 1.000000
0.985820 -0.101862 0.133350 0.008300 0.105407 -0.242424 -0.964427 4.612900 0.130566 0.964808 -0.228250 0.000000 0.000000 0.000000 0.000000 1.000000
0.985820 -0.101861 0.133350 0.008300 0.105408 -0.242424 -0.964427 4.612900 0.130565 0.964808 -0.228249 -0.000000 0.000000 0.000000 0.000000 1.000000
0.985820 -0.101862 0.133350 0.008300 0.105407 -0.242424 -0.964427 4.612900 0.130565 0.964808 -0.228250 0.000000 0.000000 0.000000 0.000000 1.000000
0.985820 -0.101862 0.133350 0.008300 0.105407 -0.242424 -0.964427 4.612900 0.130565 0.964808 -0.228250 0.000000 0.000000 0.000000 0.000000 1.000000
0.985820 -0.101862 0.133350 0.008300 0.105407 -0.242424 -0.964427 4.612900 0.130565 0.964808 -0.228249 0.000000 0.000000 0.000000 0.000000 1.000000
0.985820 -0.101862 0.133350 0.008300 0.105407 -0.242424 -0.964427 4.612900 0.130566 0.964808 -0.228250 -0.000000 0.000000 0.000000 0.000000 1.000000
0.985821 -0.101861 0.133350 0.008300 0.105407 -0.242424 -0.964427 4.612900 0.130565 0.964808 -0.228250 0.000000 0.000000 0.000000 0.000000 1.000000
0.985820 -0.101862 0.133350 0.008300 0.105407 -0.242424 -0.964427 4.612900 0.130565 0.964808 -0.228249 0.000000 0.000000 0.000000 0.000000 1.000000
0.985820 -0.101861 0.133350 0.008300 0.105407 -0.242425 -0.964427 4.612900 0.130565 0.964808 -0.228250 0.000000 0.000000 0.000000 0.000000 1.000000
0.985820 -0.101861 0.133350 0.008300 0.105407 -0.242424 -0.964427 4.612900 0.130565 0.964808 -0.228249 -0.000000 0.000000 0.000000 0.000000 1.000000
0.985821 -0.101861 0.133350 0.008300 0.105407 -0.242424 -0.964427 4.612900 0.130565 0.964808 -0.228250 0.000000 0.000000 0.000000 0.000000 1.000000
0.985820 -0.101861 0.133350 0.008300 0.105408 -0.242424 -0.964427 4.612900 0.130565 0.964808 -0.228249 0.000000 0.000000 0.000000 0.000000 1.000000
0.985820 -0.101862 0.133350 0.008300 0.105407 -0.242424 -0.964427 4.612900 0.130565 0.964808 -0.228250 -0.000000 0.000000 0.000000 0.000000 1.000000
0.985820 -0.101862 0.133350 0.008300 0.105407 -0.242424 -0.964427 4.612900 0.130565 0.964808 -0.228250 0.000000 0.000000 0.000000 0.000000 1.000000
0.985820 -0.101862 0.133350 0.008300 0.105407 -0.242424 -0.964427 4.612900 0.130565 0.964808 -0.228250 0.000000 0.000000 0.000000 0.000000 1.000000
0.985820 -0.101862 0.133350 0.008300 0.105407 -0.242424 -0.964427 4.612900 0.130565 0.964808 -0.228250 0.000000 0.000000 0.000000 0.000000 1.000000
0.985820 -0.101861 0.133350 0.008300 0.105407 -0.242424 -0.964427 4.612900 0.130565 0.964808 -0.228249 -0.000000 0.000000 0.000000 0.000000 1.000000
0.985820 -0.101862 0.133350 0.008300 0.105407 -0.242424 -0.964427 4.612900 0.130565 0.964808 -0.228249 0.000000 0.000000 0.000000 0.000000 1.000000
0.985821 -0.101862 0.133350 0.008300 0.105407 -0.242424 -0.964427 4.612900 0.130565 0.964808 -0.228249 -0.000000 0.000000 0.000000 0.000000 1.000000
0.985820 -0.101862 0.133350 0.008300 0.105407 -0.242424 -0.964427 4.612900 0.130565 0.964808 -0.228250 0.000000 0.000000 0.000000 0.000000 1.000000
0.985820 -0.101862 0.133350 0.008300 0.105407 -0.242424 -0.964427 4.612900 0.130565 0.964808 -0.228249 0.000000 0.000000 0.000000 0.000000 1.000000</float_array>
        <technique_common>
          <accessor source="#mixamorig_RightHandRing3-Matrix-animation-output-transform-array" count="42" stride="16">
            <param type="float4x4"/>
          </accessor>
        </technique_common>
      </source>
      <source id="mixamorig_RightHandRing3-Interpolations">
        <Name_array id="mixamorig_RightHandRing3-Interpolations-array" count="42">
 LINEAR LINEAR LINEAR LINEAR LINEAR LINEAR LINEAR LINEAR LINEAR LINEAR LINEAR
LINEAR LINEAR LINEAR LINEAR LINEAR LINEAR LINEAR LINEAR LINEAR LINEAR LINEAR LINEAR
LINEAR LINEAR LINEAR LINEAR LINEAR LINEAR LINEAR LINEAR LINEAR LINEAR LINEAR LINEAR
LINEAR LINEAR LINEAR LINEAR LINEAR LINEAR LINEAR</Name_array>
        <technique_common>
          <accessor source="#mixamorig_RightHandRing3-Interpolations-array" count="42">
            <param type="name"/>
          </accessor>
        </technique_common>
      </source>
      <sampler id="mixamorig_RightHandRing3-Matrix-animation-transform">
        <input semantic="INPUT" source="#mixamorig_RightHandRing3-Matrix-animation-input"/>
        <input semantic="OUTPUT" source="#mixamorig_RightHandRing3-Matrix-animation-output-transform"/>
        <input semantic="INTERPOLATION" source="#mixamorig_RightHandRing3-Interpolations"/>
      </sampler>
      <channel source="#mixamorig_RightHandRing3-Matrix-animation-transform" target="mixamorig_RightHandRing3/matrix"/>
    </animation>
    <animation id="mixamorig_RightHandPinky1-anim" name="mixamorig_RightHandPinky1">
      <source id="mixamorig_RightHandPinky1-Matrix-animation-input">
        <float_array id="mixamorig_RightHandPinky1-Matrix-animation-input-array" count="42">

0.000000 0.033333 0.066667 0.100000 0.133333 0.166667 0.200000 0.233333 0.266667 0.300000 0.333333 0.366667 0.400000 0.433333 0.466667 0.500000
0.533333 0.566667 0.600000 0.633333 0.666667 0.700000 0.733333 0.766667 0.800000 0.833333 0.866667 0.900000 0.933333 0.966667 1.000000 1.033333
1.066667 1.100000 1.133333 1.166667 1.200000 1.233333 1.266667 1.300000 1.333333 1.366667</float_array>
        <technique_common>
          <accessor source="#mixamorig_RightHandPinky1-Matrix-animation-input-array" count="42">
            <param name="TIME" type="float"/>
          </accessor>
        </technique_common>
      </source>
      <source id="mixamorig_RightHandPinky1-Matrix-animation-output-transform">
        <float_array id="mixamorig_RightHandPinky1-Matrix-animation-output-transform-array" count="672">

0.997269 0.060472 -0.042408 -5.335200 -0.037798 -0.075444 -0.996433 11.443900 -0.063456 0.995315 -0.072952 0.289400 0.000000 0.000000 0.000000 1.000000
0.997269 0.060472 -0.042408 -5.335200 -0.037798 -0.075444 -0.996433 11.443900 -0.063456 0.995315 -0.072952 0.289400 0.000000 0.000000 0.000000 1.000000
0.997269 0.060471 -0.042408 -5.335200 -0.037797 -0.075444 -0.996433 11.443900 -0.063455 0.995315 -0.072952 0.289400 0.000000 0.000000 0.000000 1.000000
0.997269 0.060472 -0.042408 -5.335200 -0.037798 -0.075444 -0.996433 11.443900 -0.063455 0.995315 -0.072952 0.289400 0.000000 0.000000 0.000000 1.000000
0.997269 0.060472 -0.042408 -5.335200 -0.037798 -0.075444 -0.996433 11.443900 -0.063456 0.995315 -0.072952 0.289400 0.000000 0.000000 0.000000 1.000000
0.997269 0.060472 -0.042408 -5.335200 -0.037798 -0.075444 -0.996433 11.443900 -0.063455 0.995315 -0.072952 0.289400 0.000000 0.000000 0.000000 1.000000
0.997269 0.060472 -0.042408 -5.335200 -0.037798 -0.075444 -0.996433 11.443900 -0.063456 0.995315 -0.072952 0.289400 0.000000 0.000000 0.000000 1.000000
0.997269 0.060472 -0.042408 -5.335200 -0.037798 -0.075444 -0.996433 11.443900 -0.063455 0.995315 -0.072952 0.289400 0.000000 0.000000 0.000000 1.000000
0.997269 0.060472 -0.042408 -5.335200 -0.037798 -0.075444 -0.996433 11.443900 -0.063455 0.995315 -0.072952 0.289400 0.000000 0.000000 0.000000 1.000000
0.997269 0.060471 -0.042408 -5.335200 -0.037798 -0.075444 -0.996433 11.443900 -0.063455 0.995315 -0.072952 0.289400 0.000000 0.000000 0.000000 1.000000
0.997269 0.060472 -0.042408 -5.335200 -0.037798 -0.075444 -0.996433 11.443900 -0.063456 0.995315 -0.072952 0.289400 0.000000 0.000000 0.000000 1.000000
0.997269 0.060472 -0.042407 -5.335200 -0.037797 -0.075444 -0.996433 11.443900 -0.063455 0.995315 -0.072952 0.289400 0.000000 0.000000 0.000000 1.000000
0.997269 0.060472 -0.042408 -5.335200 -0.037798 -0.075444 -0.996433 11.443900 -0.063455 0.995315 -0.072952 0.289400 0.000000 0.000000 0.000000 1.000000
0.997269 0.060472 -0.042408 -5.335200 -0.037798 -0.075444 -0.996433 11.443900 -0.063455 0.995315 -0.072952 0.289400 0.000000 0.000000 0.000000 1.000000
0.997269 0.060472 -0.042408 -5.335200 -0.037798 -0.075444 -0.996433 11.443900 -0.063455 0.995315 -0.072952 0.289400 0.000000 0.000000 0.000000 1.000000
0.997269 0.060471 -0.042408 -5.335200 -0.037797 -0.075444 -0.996433 11.443900 -0.063455 0.995315 -0.072952 0.289400 0.000000 0.000000 0.000000 1.000000
0.997269 0.060472 -0.042408 -5.335200 -0.037798 -0.075444 -0.996433 11.443900 -0.063456 0.995315 -0.072953 0.289400 0.000000 0.000000 0.000000 1.000000
0.997269 0.060472 -0.042408 -5.335200 -0.037797 -0.075444 -0.996433 11.443900 -0.063456 0.995315 -0.072952 0.289400 0.000000 0.000000 0.000000 1.000000
0.997269 0.060471 -0.042408 -5.335200 -0.037797 -0.075444 -0.996433 11.443900 -0.063455 0.995315 -0.072952 0.289400 0.000000 0.000000 0.000000 1.000000
0.997269 0.060472 -0.042408 -5.335200 -0.037798 -0.075444 -0.996433 11.443900 -0.063455 0.995315 -0.072952 0.289400 0.000000 0.000000 0.000000 1.000000
0.997269 0.060471 -0.042408 -5.335200 -0.037797 -0.075444 -0.996433 11.443900 -0.063455 0.995315 -0.072953 0.289400 0.000000 0.000000 0.000000 1.000000
0.997269 0.060472 -0.042408 -5.335200 -0.037798 -0.075444 -0.996433 11.443900 -0.063456 0.995315 -0.072952 0.289400 0.000000 0.000000 0.000000 1.000000
0.997269 0.060472 -0.042408 -5.335200 -0.037798 -0.075444 -0.996433 11.443900 -0.063456 0.995315 -0.072952 0.289400 0.000000 0.000000 0.000000 1.000000
0.997269 0.060472 -0.042408 -5.335200 -0.037798 -0.075444 -0.996433 11.443900 -0.063455 0.995315 -0.072952 0.289400 0.000000 0.000000 0.000000 1.000000
0.997269 0.060472 -0.042408 -5.335200 -0.037797 -0.075444 -0.996433 11.443900 -0.063456 0.995315 -0.072952 0.289400 0.000000 0.000000 0.000000 1.000000
0.997269 0.060472 -0.042408 -5.335200 -0.037797 -0.075444 -0.996433 11.443900 -0.063456 0.995315 -0.072952 0.289400 0.000000 0.000000 0.000000 1.000000
0.997269 0.060472 -0.042408 -5.335200 -0.037797 -0.075444 -0.996433 11.443900 -0.063456 0.995315 -0.072952 0.289400 0.000000 0.000000 0.000000 1.000000
0.997269 0.060472 -0.042408 -5.335200 -0.037798 -0.075444 -0.996433 11.443900 -0.063455 0.995315 -0.072952 0.289400 0.000000 0.000000 0.000000 1.000000
0.997269 0.060472 -0.042408 -5.335200 -0.037798 -0.075444 -0.996433 11.443900 -0.063455 0.995315 -0.072952 0.289400 0.000000 0.000000 0.000000 1.000000
0.997269 0.060472 -0.042408 -5.335200 -0.037798 -0.075444 -0.996433 11.443900 -0.063456 0.995315 -0.072952 0.289400 0.000000 0.000000 0.000000 1.000000
0.997269 0.060472 -0.042408 -5.335200 -0.037798 -0.075444 -0.996433 11.443900 -0.063456 0.995315 -0.072952 0.289400 0.000000 0.000000 0.000000 1.000000
0.997269 0.060472 -0.042408 -5.335200 -0.037798 -0.075444 -0.996433 11.443900 -0.063456 0.995315 -0.072952 0.289400 0.000000 0.000000 0.000000 1.000000
0.997269 0.060472 -0.042408 -5.335200 -0.037798 -0.075444 -0.996433 11.443900 -0.063456 0.995315 -0.072952 0.289400 0.000000 0.000000 0.000000 1.000000
0.997269 0.060472 -0.042408 -5.335200 -0.037798 -0.075443 -0.996433 11.443900 -0.063456 0.995315 -0.072952 0.289400 0.000000 0.000000 0.000000 1.000000
0.997269 0.060472 -0.042408 -5.335200 -0.037798 -0.075444 -0.996433 11.443900 -0.063456 0.995315 -0.072952 0.289400 0.000000 0.000000 0.000000 1.000000
0.997269 0.060472 -0.042408 -5.335200 -0.037798 -0.075444 -0.996433 11.443900 -0.063456 0.995315 -0.072952 0.289400 0.000000 0.000000 0.000000 1.000000
0.997269 0.060472 -0.042408 -5.335200 -0.037798 -0.075444 -0.996433 11.443900 -0.063455 0.995315 -0.072952 0.289400 0.000000 0.000000 0.000000 1.000000
0.997269 0.060472 -0.042408 -5.335200 -0.037798 -0.075444 -0.996433 11.443900 -0.063455 0.995315 -0.072952 0.289400 0.000000 0.000000 0.000000 1.000000
0.997269 0.060472 -0.042408 -5.335200 -0.037798 -0.075444 -0.996433 11.443900 -0.063455 0.995315 -0.072952 0.289400 0.000000 0.000000 0.000000 1.000000
0.997269 0.060472 -0.042408 -5.335200 -0.037797 -0.075444 -0.996433 11.443900 -0.063455 0.995315 -0.072952 0.289400 0.000000 0.000000 0.000000 1.000000
0.997269 0.060472 -0.042408 -5.335200 -0.037798 -0.075444 -0.996433 11.443900 -0.063455 0.995315 -0.072952 0.289400 0.000000 0.000000 0.000000 1.000000
0.997269 0.060472 -0.042408 -5.335200 -0.037798 -0.075444 -0.996433 11.443900 -0.063456 0.995315 -0.072952 0.289400 0.000000 0.000000 0.000000 1.000000</float_array>
        <technique_common>
          <accessor source="#mixamorig_RightHandPinky1-Matrix-animation-output-transform-array" count="42" stride="16">
            <param type="float4x4"/>
          </accessor>
        </technique_common>
      </source>
      <source id="mixamorig_RightHandPinky1-Interpolations">
        <Name_array id="mixamorig_RightHandPinky1-Interpolations-array" count="42">
 LINEAR LINEAR LINEAR LINEAR LINEAR LINEAR LINEAR LINEAR LINEAR LINEAR LINEAR
LINEAR LINEAR LINEAR LINEAR LINEAR LINEAR LINEAR LINEAR LINEAR LINEAR LINEAR LINEAR
LINEAR LINEAR LINEAR LINEAR LINEAR LINEAR LINEAR LINEAR LINEAR LINEAR LINEAR LINEAR
LINEAR LINEAR LINEAR LINEAR LINEAR LINEAR LINEAR</Name_array>
        <technique_common>
          <accessor source="#mixamorig_RightHandPinky1-Interpolations-array" count="42">
            <param type="name"/>
          </accessor>
        </technique_common>
      </source>
      <sampler id="mixamorig_RightHandPinky1-Matrix-animation-transform">
        <input semantic="INPUT" source="#mixamorig_RightHandPinky1-Matrix-animation-input"/>
        <input semantic="OUTPUT" source="#mixamorig_RightHandPinky1-Matrix-animation-output-transform"/>
        <input semantic="INTERPOLATION" source="#mixamorig_RightHandPinky1-Interpolations"/>
      </sampler>
      <channel source="#mixamorig_RightHandPinky1-Matrix-animation-transform" target="mixamorig_RightHandPinky1/matrix"/>
    </animation>
    <animation id="mixamorig_RightHandPinky2-anim" name="mixamorig_RightHandPinky2">
      <source id="mixamorig_RightHandPinky2-Matrix-animation-input">
        <float_array id="mixamorig_RightHandPinky2-Matrix-animation-input-array" count="42">

0.000000 0.033333 0.066667 0.100000 0.133333 0.166667 0.200000 0.233333 0.266667 0.300000 0.333333 0.366667 0.400000 0.433333 0.466667 0.500000
0.533333 0.566667 0.600000 0.633333 0.666667 0.700000 0.733333 0.766667 0.800000 0.833333 0.866667 0.900000 0.933333 0.966667 1.000000 1.033333
1.066667 1.100000 1.133333 1.166667 1.200000 1.233333 1.266667 1.300000 1.333333 1.366667</float_array>
        <technique_common>
          <accessor source="#mixamorig_RightHandPinky2-Matrix-animation-input-array" count="42">
            <param name="TIME" type="float"/>
          </accessor>
        </technique_common>
      </source>
      <source id="mixamorig_RightHandPinky2-Matrix-animation-output-transform">
        <float_array id="mixamorig_RightHandPinky2-Matrix-animation-output-transform-array" count="672">

0.987449 -0.102535 0.120127 0.006100 0.102224 -0.164858 -0.981006 4.477500 0.120391 0.980973 -0.152308 -0.000000 0.000000 0.000000 0.000000 1.000000
0.987449 -0.102535 0.120127 0.006100 0.102224 -0.164860 -0.981005 4.477500 0.120391 0.980973 -0.152309 0.000000 0.000000 0.000000 0.000000 1.000000
0.987449 -0.102535 0.120126 0.006100 0.102224 -0.164859 -0.981006 4.477500 0.120391 0.980973 -0.152308 0.000000 0.000000 0.000000 0.000000 1.000000
0.987449 -0.102535 0.120126 0.006100 0.102224 -0.164859 -0.981006 4.477500 0.120391 0.980973 -0.152308 0.000000 0.000000 0.000000 0.000000 1.000000
0.987449 -0.102535 0.120126 0.006100 0.102224 -0.164859 -0.981005 4.477500 0.120391 0.980973 -0.152309 -0.000000 0.000000 0.000000 0.000000 1.000000
0.987449 -0.102535 0.120126 0.006100 0.102224 -0.164859 -0.981006 4.477500 0.120391 0.980973 -0.152308 0.000000 0.000000 0.000000 0.000000 1.000000
0.987449 -0.102535 0.120126 0.006100 0.102224 -0.164859 -0.981005 4.477500 0.120391 0.980973 -0.152309 0.000000 0.000000 0.000000 0.000000 1.000000
0.987449 -0.102535 0.120126 0.006100 0.102224 -0.164859 -0.981006 4.477500 0.120391 0.980973 -0.152308 0.000000 0.000000 0.000000 0.000000 1.000000
0.987449 -0.102535 0.120126 0.006100 0.102224 -0.164859 -0.981006 4.477500 0.120391 0.980973 -0.152308 0.000000 0.000000 0.000000 0.000000 1.000000
0.987449 -0.102535 0.120126 0.006100 0.102224 -0.164859 -0.981006 4.477500 0.120392 0.980973 -0.152308 0.000000 0.000000 0.000000 0.000000 1.000000
0.987449 -0.102535 0.120126 0.006100 0.102224 -0.164859 -0.981006 4.477500 0.120391 0.980973 -0.152308 0.000000 0.000000 0.000000 0.000000 1.000000
0.987449 -0.102535 0.120126 0.006100 0.102224 -0.164859 -0.981005 4.477500 0.120391 0.980973 -0.152308 0.000000 0.000000 0.000000 0.000000 1.000000
0.987449 -0.102535 0.120127 0.006100 0.102224 -0.164859 -0.981005 4.477500 0.120391 0.980973 -0.152308 -0.000000 0.000000 0.000000 0.000000 1.000000
0.987449 -0.102535 0.120126 0.006100 0.102224 -0.164858 -0.981006 4.477500 0.120391 0.980973 -0.152308 0.000000 0.000000 0.000000 0.000000 1.000000
0.987449 -0.102535 0.120126 0.006100 0.102224 -0.164859 -0.981006 4.477500 0.120392 0.980973 -0.152308 0.000000 0.000000 0.000000 0.000000 1.000000
0.987449 -0.102535 0.120126 0.006100 0.102223 -0.164859 -0.981006 4.477500 0.120391 0.980973 -0.152308 0.000000 0.000000 0.000000 0.000000 1.000000
0.987449 -0.102535 0.120126 0.006100 0.102224 -0.164859 -0.981006 4.477500 0.120391 0.980973 -0.152308 0.000000 0.000000 0.000000 0.000000 1.000000
0.987449 -0.102535 0.120127 0.006100 0.102224 -0.164859 -0.981005 4.477500 0.120391 0.980973 -0.152308 -0.000000 0.000000 0.000000 0.000000 1.000000
0.987449 -0.102535 0.120127 0.006100 0.102224 -0.164859 -0.981006 4.477500 0.120391 0.980973 -0.152308 -0.000000 0.000000 0.000000 0.000000 1.000000
0.987449 -0.102535 0.120127 0.006100 0.102224 -0.164858 -0.981006 4.477500 0.120391 0.980973 -0.152308 0.000000 0.000000 0.000000 0.000000 1.000000
0.987449 -0.102535 0.120126 0.006100 0.102224 -0.164858 -0.981006 4.477500 0.120391 0.980973 -0.152308 0.000000 0.000000 0.000000 0.000000 1.000000
0.987449 -0.102535 0.120126 0.006100 0.102224 -0.164859 -0.981006 4.477500 0.120391 0.980973 -0.152308 -0.000000 0.000000 0.000000 0.000000 1.000000
0.987449 -0.102535 0.120127 0.006100 0.102224 -0.164859 -0.981006 4.477500 0.120391 0.980973 -0.152308 -0.000000 0.000000 0.000000 0.000000 1.000000
0.987449 -0.102535 0.120127 0.006100 0.102224 -0.164859 -0.981005 4.477500 0.120391 0.980973 -0.152308 0.000000 0.000000 0.000000 0.000000 1.000000
0.987449 -0.102535 0.120126 0.006100 0.102224 -0.164859 -0.981006 4.477500 0.120391 0.980973 -0.152308 0.000000 0.000000 0.000000 0.000000 1.000000
0.987449 -0.102535 0.120126 0.006100 0.102224 -0.164859 -0.981006 4.477500 0.120391 0.980973 -0.152308 -0.000000 0.000000 0.000000 0.000000 1.000000
0.987449 -0.102535 0.120126 0.006100 0.102224 -0.164859 -0.981006 4.477500 0.120391 0.980973 -0.152308 -0.000000 0.000000 0.000000 0.000000 1.000000
0.987449 -0.102535 0.120126 0.006100 0.102223 -0.164859 -0.981006 4.477500 0.120391 0.980973 -0.152308 0.000000 0.000000 0.000000 0.000000 1.000000
0.987449 -0.102535 0.120126 0.006100 0.102224 -0.164859 -0.981006 4.477500 0.120391 0.980973 -0.152308 0.000000 0.000000 0.000000 0.000000 1.000000
0.987449 -0.102535 0.120126 0.006100 0.102224 -0.164859 -0.981006 4.477500 0.120391 0.980973 -0.152308 0.000000 0.000000 0.000000 0.000000 1.000000
0.987449 -0.102535 0.120126 0.006100 0.102224 -0.164859 -0.981005 4.477500 0.120391 0.980973 -0.152309 0.000000 0.000000 0.000000 0.000000 1.000000
0.987449 -0.102535 0.120127 0.006100 0.102224 -0.164858 -0.981006 4.477500 0.120391 0.980973 -0.152308 -0.000000 0.000000 0.000000 0.000000 1.000000
0.987449 -0.102535 0.120127 0.006100 0.102224 -0.164859 -0.981006 4.477500 0.120391 0.980973 -0.152308 0.000000 0.000000 0.000000 0.000000 1.000000
0.987449 -0.102535 0.120126 0.006100 0.102224 -0.164859 -0.981006 4.477500 0.120391 0.980973 -0.152308 0.000000 0.000000 0.000000 0.000000 1.000000
0.987449 -0.102535 0.120126 0.006100 0.102224 -0.164859 -0.981006 4.477500 0.120391 0.980973 -0.152308 0.000000 0.000000 0.000000 0.000000 1.000000
0.987449 -0.102535 0.120126 0.006100 0.102224 -0.164859 -0.981006 4.477500 0.120391 0.980973 -0.152308 0.000000 0.000000 0.000000 0.000000 1.000000
0.987449 -0.102535 0.120127 0.006100 0.102224 -0.164859 -0.981005 4.477500 0.120391 0.980973 -0.152308 -0.000000 0.000000 0.000000 0.000000 1.000000
0.987449 -0.102535 0.120126 0.006100 0.102224 -0.164859 -0.981006 4.477500 0.120391 0.980973 -0.152308 0.000000 0.000000 0.000000 0.000000 1.000000
0.987449 -0.102535 0.120126 0.006100 0.102224 -0.164860 -0.981005 4.477500 0.120391 0.980973 -0.152309 -0.000000 0.000000 0.000000 0.000000 1.000000
0.987449 -0.102535 0.120126 0.006100 0.102224 -0.164858 -0.981006 4.477500 0.120391 0.980973 -0.152308 0.000000 0.000000 0.000000 0.000000 1.000000
0.987449 -0.102535 0.120126 0.006100 0.102224 -0.164859 -0.981005 4.477500 0.120391 0.980973 -0.152309 0.000000 0.000000 0.000000 0.000000 1.000000
0.987449 -0.102535 0.120126 0.006100 0.102224 -0.164859 -0.981006 4.477500 0.120391 0.980973 -0.152308 0.000000 0.000000 0.000000 0.000000 1.000000</float_array>
        <technique_common>
          <accessor source="#mixamorig_RightHandPinky2-Matrix-animation-output-transform-array" count="42" stride="16">
            <param type="float4x4"/>
          </accessor>
        </technique_common>
      </source>
      <source id="mixamorig_RightHandPinky2-Interpolations">
        <Name_array id="mixamorig_RightHandPinky2-Interpolations-array" count="42">
 LINEAR LINEAR LINEAR LINEAR LINEAR LINEAR LINEAR LINEAR LINEAR LINEAR LINEAR
LINEAR LINEAR LINEAR LINEAR LINEAR LINEAR LINEAR LINEAR LINEAR LINEAR LINEAR LINEAR
LINEAR LINEAR LINEAR LINEAR LINEAR LINEAR LINEAR LINEAR LINEAR LINEAR LINEAR LINEAR
LINEAR LINEAR LINEAR LINEAR LINEAR LINEAR LINEAR</Name_array>
        <technique_common>
          <accessor source="#mixamorig_RightHandPinky2-Interpolations-array" count="42">
            <param type="name"/>
          </accessor>
        </technique_common>
      </source>
      <sampler id="mixamorig_RightHandPinky2-Matrix-animation-transform">
        <input semantic="INPUT" source="#mixamorig_RightHandPinky2-Matrix-animation-input"/>
        <input semantic="OUTPUT" source="#mixamorig_RightHandPinky2-Matrix-animation-output-transform"/>
        <input semantic="INTERPOLATION" source="#mixamorig_RightHandPinky2-Interpolations"/>
      </sampler>
      <channel source="#mixamorig_RightHandPinky2-Matrix-animation-transform" target="mixamorig_RightHandPinky2/matrix"/>
    </animation>
    <animation id="mixamorig_RightHandPinky3-anim" name="mixamorig_RightHandPinky3">
      <source id="mixamorig_RightHandPinky3-Matrix-animation-input">
        <float_array id="mixamorig_RightHandPinky3-Matrix-animation-input-array" count="42">

0.000000 0.033333 0.066667 0.100000 0.133333 0.166667 0.200000 0.233333 0.266667 0.300000 0.333333 0.366667 0.400000 0.433333 0.466667 0.500000
0.533333 0.566667 0.600000 0.633333 0.666667 0.700000 0.733333 0.766667 0.800000 0.833333 0.866667 0.900000 0.933333 0.966667 1.000000 1.033333
1.066667 1.100000 1.133333 1.166667 1.200000 1.233333 1.266667 1.300000 1.333333 1.366667</float_array>
        <technique_common>
          <accessor source="#mixamorig_RightHandPinky3-Matrix-animation-input-array" count="42">
            <param name="TIME" type="float"/>
          </accessor>
        </technique_common>
      </source>
      <source id="mixamorig_RightHandPinky3-Matrix-animation-output-transform">
        <float_array id="mixamorig_RightHandPinky3-Matrix-animation-output-transform-array" count="672">

0.982757 -0.084993 0.164211 -0.003800 0.087899 -0.566579 -0.819306 3.497900 0.162674 0.819612 -0.549338 0.000000 0.000000 0.000000 0.000000 1.000000
0.982757 -0.084993 0.164211 -0.003800 0.087899 -0.566579 -0.819306 3.497900 0.162674 0.819613 -0.549338 0.000000 0.000000 0.000000 0.000000 1.000000
0.982757 -0.084993 0.164211 -0.003800 0.087899 -0.566579 -0.819306 3.497900 0.162674 0.819612 -0.549339 -0.000000 0.000000 0.000000 0.000000 1.000000
0.982757 -0.084993 0.164211 -0.003800 0.087899 -0.566579 -0.819306 3.497900 0.162674 0.819612 -0.549339 0.000000 0.000000 0.000000 0.000000 1.000000
0.982757 -0.084993 0.164211 -0.003800 0.087899 -0.566579 -0.819306 3.497900 0.162674 0.819613 -0.549338 0.000000 0.000000 0.000000 0.000000 1.000000
0.982757 -0.084993 0.164210 -0.003800 0.087899 -0.566579 -0.819306 3.497900 0.162673 0.819612 -0.549339 0.000000 0.000000 0.000000 0.000000 1.000000
0.982757 -0.084993 0.164211 -0.003800 0.087899 -0.566579 -0.819306 3.497900 0.162674 0.819612 -0.549339 0.000000 0.000000 0.000000 0.000000 1.000000
0.982757 -0.084993 0.164211 -0.003800 0.087899 -0.566579 -0.819306 3.497900 0.162674 0.819612 -0.549339 0.000000 0.000000 0.000000 0.000000 1.000000
0.982757 -0.084993 0.164211 -0.003800 0.087899 -0.566579 -0.819306 3.497900 0.162673 0.819612 -0.549339 0.000000 0.000000 0.000000 0.000000 1.000000
0.982757 -0.084993 0.164211 -0.003800 0.087899 -0.566579 -0.819306 3.497900 0.162674 0.819612 -0.549339 0.000000 0.000000 0.000000 0.000000 1.000000
0.982757 -0.084993 0.164211 -0.003800 0.087899 -0.566579 -0.819306 3.497900 0.162674 0.819612 -0.549338 0.000000 0.000000 0.000000 0.000000 1.000000
0.982757 -0.084993 0.164211 -0.003800 0.087899 -0.566579 -0.819306 3.497900 0.162674 0.819612 -0.549339 0.000000 0.000000 0.000000 0.000000 1.000000
0.982757 -0.084993 0.164211 -0.003800 0.087899 -0.566579 -0.819306 3.497900 0.162673 0.819612 -0.549339 0.000000 0.000000 0.000000 0.000000 1.000000
0.982757 -0.084993 0.164211 -0.003800 0.087899 -0.566579 -0.819306 3.497900 0.162673 0.819612 -0.549339 -0.000000 0.000000 0.000000 0.000000 1.000000
0.982757 -0.084993 0.164211 -0.003800 0.087899 -0.566579 -0.819306 3.497900 0.162674 0.819613 -0.549338 0.000000 0.000000 0.000000 0.000000 1.000000
0.982757 -0.084993 0.164211 -0.003800 0.087899 -0.566579 -0.819306 3.497900 0.162673 0.819613 -0.549338 -0.000000 0.000000 0.000000 0.000000 1.000000
0.982757 -0.084993 0.164211 -0.003800 0.087899 -0.566579 -0.819306 3.497900 0.162673 0.819612 -0.549338 -0.000000 0.000000 0.000000 0.000000 1.000000
0.982757 -0.084993 0.164211 -0.003800 0.087899 -0.566579 -0.819306 3.497900 0.162674 0.819612 -0.549339 0.000000 0.000000 0.000000 0.000000 1.000000
0.982757 -0.084993 0.164211 -0.003800 0.087899 -0.566579 -0.819306 3.497900 0.162674 0.819612 -0.549339 0.000000 0.000000 0.000000 0.000000 1.000000
0.982757 -0.084993 0.164211 -0.003800 0.087900 -0.566579 -0.819306 3.497900 0.162674 0.819612 -0.549339 0.000000 0.000000 0.000000 0.000000 1.000000
0.982757 -0.084993 0.164211 -0.003800 0.087899 -0.566579 -0.819306 3.497900 0.162674 0.819612 -0.549338 0.000000 0.000000 0.000000 0.000000 1.000000
0.982757 -0.084993 0.164211 -0.003800 0.087899 -0.566579 -0.819306 3.497900 0.162674 0.819612 -0.549339 0.000000 0.000000 0.000000 0.000000 1.000000
0.982757 -0.084993 0.164211 -0.003800 0.087899 -0.566579 -0.819306 3.497900 0.162674 0.819613 -0.549338 0.000000 0.000000 0.000000 0.000000 1.000000
0.982757 -0.084993 0.164211 -0.003800 0.087899 -0.566579 -0.819306 3.497900 0.162674 0.819612 -0.549339 0.000000 0.000000 0.000000 0.000000 1.000000
0.982757 -0.084993 0.164211 -0.003800 0.087899 -0.566579 -0.819306 3.497900 0.162673 0.819612 -0.549339 0.000000 0.000000 0.000000 0.000000 1.000000
0.982757 -0.084993 0.164210 -0.003800 0.087899 -0.566579 -0.819306 3.497900 0.162673 0.819612 -0.549339 0.000000 0.000000 0.000000 0.000000 1.000000
0.982757 -0.084993 0.164211 -0.003800 0.087899 -0.566579 -0.819306 3.497900 0.162674 0.819612 -0.549339 0.000000 0.000000 0.000000 0.000000 1.000000
0.982757 -0.084993 0.164210 -0.003800 0.087899 -0.566579 -0.819306 3.497900 0.162673 0.819612 -0.549339 0.000000 0.000000 0.000000 0.000000 1.000000
0.982757 -0.084993 0.164211 -0.003800 0.087899 -0.566579 -0.819306 3.497900 0.162674 0.819612 -0.549339 0.000000 0.000000 0.000000 0.000000 1.000000
0.982757 -0.084993 0.164211 -0.003800 0.087899 -0.566579 -0.819306 3.497900 0.162674 0.819612 -0.549339 0.000000 0.000000 0.000000 0.000000 1.000000
0.982757 -0.084993 0.164210 -0.003800 0.087899 -0.566579 -0.819306 3.497900 0.162673 0.819613 -0.549338 0.000000 0.000000 0.000000 0.000000 1.000000
0.982757 -0.084993 0.164211 -0.003800 0.087899 -0.566579 -0.819306 3.497900 0.162674 0.819612 -0.549339 0.000000 0.000000 0.000000 0.000000 1.000000
0.982757 -0.084993 0.164211 -0.003800 0.087899 -0.566579 -0.819306 3.497900 0.162674 0.819612 -0.549339 0.000000 0.000000 0.000000 0.000000 1.000000
0.982757 -0.084993 0.164211 -0.003800 0.087899 -0.566579 -0.819306 3.497900 0.162674 0.819612 -0.549339 -0.000000 0.000000 0.000000 0.000000 1.000000
0.982757 -0.084993 0.164211 -0.003800 0.087899 -0.566579 -0.819306 3.497900 0.162673 0.819612 -0.549339 -0.000000 0.000000 0.000000 0.000000 1.000000
0.982757 -0.084993 0.164210 -0.003800 0.087899 -0.566579 -0.819306 3.497900 0.162673 0.819612 -0.549339 -0.000000 0.000000 0.000000 0.000000 1.000000
0.982757 -0.084993 0.164211 -0.003800 0.087899 -0.566579 -0.819306 3.497900 0.162673 0.819612 -0.549339 0.000000 0.000000 0.000000 0.000000 1.000000
0.982757 -0.084993 0.164211 -0.003800 0.087899 -0.566579 -0.819306 3.497900 0.162673 0.819612 -0.549339 0.000000 0.000000 0.000000 0.000000 1.000000
0.982757 -0.084993 0.164211 -0.003800 0.087899 -0.566579 -0.819306 3.497900 0.162673 0.819612 -0.549338 0.000000 0.000000 0.000000 0.000000 1.000000
0.982757 -0.084993 0.164210 -0.003800 0.087899 -0.566579 -0.819306 3.497900 0.162673 0.819612 -0.549339 -0.000000 0.000000 0.000000 0.000000 1.000000
0.982757 -0.084993 0.164211 -0.003800 0.087899 -0.566579 -0.819306 3.497900 0.162673 0.819612 -0.549338 0.000000 0.000000 0.000000 0.000000 1.000000
0.982757 -0.084993 0.164211 -0.003800 0.087899 -0.566579 -0.819305 3.497900 0.162673 0.819612 -0.549339 0.000000 0.000000 0.000000 0.000000 1.000000</float_array>
        <technique_common>
          <accessor source="#mixamorig_RightHandPinky3-Matrix-animation-output-transform-array" count="42" stride="16">
            <param type="float4x4"/>
          </accessor>
        </technique_common>
      </source>
      <source id="mixamorig_RightHandPinky3-Interpolations">
        <Name_array id="mixamorig_RightHandPinky3-Interpolations-array" count="42">
 LINEAR LINEAR LINEAR LINEAR LINEAR LINEAR LINEAR LINEAR LINEAR LINEAR LINEAR
LINEAR LINEAR LINEAR LINEAR LINEAR LINEAR LINEAR LINEAR LINEAR LINEAR LINEAR LINEAR
LINEAR LINEAR LINEAR LINEAR LINEAR LINEAR LINEAR LINEAR LINEAR LINEAR LINEAR LINEAR
LINEAR LINEAR LINEAR LINEAR LINEAR LINEAR LINEAR</Name_array>
        <technique_common>
          <accessor source="#mixamorig_RightHandPinky3-Interpolations-array" count="42">
            <param type="name"/>
          </accessor>
        </technique_common>
      </source>
      <sampler id="mixamorig_RightHandPinky3-Matrix-animation-transform">
        <input semantic="INPUT" source="#mixamorig_RightHandPinky3-Matrix-animation-input"/>
        <input semantic="OUTPUT" source="#mixamorig_RightHandPinky3-Matrix-animation-output-transform"/>
        <input semantic="INTERPOLATION" source="#mixamorig_RightHandPinky3-Interpolations"/>
      </sampler>
      <channel source="#mixamorig_RightHandPinky3-Matrix-animation-transform" target="mixamorig_RightHandPinky3/matrix"/>
    </animation>
    <animation id="mixamorig_LeftUpLeg-anim" name="mixamorig_LeftUpLeg">
      <source id="mixamorig_LeftUpLeg-Matrix-animation-input">
        <float_array id="mixamorig_LeftUpLeg-Matrix-animation-input-array" count="42">

0.000000 0.033333 0.066667 0.100000 0.133333 0.166667 0.200000 0.233333 0.266667 0.300000 0.333333 0.366667 0.400000 0.433333 0.466667 0.500000
0.533333 0.566667 0.600000 0.633333 0.666667 0.700000 0.733333 0.766667 0.800000 0.833333 0.866667 0.900000 0.933333 0.966667 1.000000 1.033333
1.066667 1.100000 1.133333 1.166667 1.200000 1.233333 1.266667 1.300000 1.333333 1.366667</float_array>
        <technique_common>
          <accessor source="#mixamorig_LeftUpLeg-Matrix-animation-input-array" count="42">
            <param name="TIME" type="float"/>
          </accessor>
        </technique_common>
      </source>
      <source id="mixamorig_LeftUpLeg-Matrix-animation-output-transform">
        <float_array id="mixamorig_LeftUpLeg-Matrix-animation-output-transform-array" count="672">

-0.835566 0.491445 0.245584 13.580900 -0.317747 -0.796954 0.513713 -8.149200 0.448181 0.351208 0.822063 -1.796100 0.000000 0.000000 0.000000 1.000000
-0.835334 0.485044 0.258747 13.580900 -0.316584 -0.809223 0.494907 -8.149200 0.449436 0.331497 0.829528 -1.796100 0.000000 0.000000 0.000000 1.000000
-0.833476 0.478822 0.275767 13.580900 -0.314278 -0.821285 0.476151 -8.149200 0.454475 0.310193 0.835005 -1.796100 0.000000 0.000000 0.000000 1.000000
-0.830935 0.471531 0.295306 13.580900 -0.310609 -0.833514 0.456921 -8.149200 0.461594 0.287946 0.839058 -1.796100 0.000000 0.000000 0.000000 1.000000
-0.828142 0.462480 0.316692 13.580900 -0.305209 -0.845954 0.437275 -8.149200 0.470138 0.265468 0.841723 -1.796100 0.000000 0.000000 0.000000 1.000000
-0.824825 0.451355 0.340503 13.580900 -0.298120 -0.858921 0.416389 -8.149200 0.480404 0.241937 0.843017 -1.796100 0.000000 0.000000 0.000000 1.000000
-0.820597 0.439318 0.365541 13.580900 -0.290696 -0.871539 0.394862 -8.149200 0.492053 0.217761 0.842890 -1.796100 0.000000 0.000000 0.000000 1.000000
-0.815720 0.430010 0.386901 13.580900 -0.285536 -0.881024 0.377183 -8.149200 0.503061 0.197201 0.841452 -1.796100 0.000000 0.000000 0.000000 1.000000
-0.812743 0.426742 0.396662 13.580900 -0.284492 -0.884817 0.369004 -8.149200 0.508443 0.187059 0.840533 -1.796100 0.000000 0.000000 0.000000 1.000000
-0.817000 0.433770 0.379940 13.580900 -0.290116 -0.878629 0.379266 -8.149200 0.498341 0.199634 0.843684 -1.796100 0.000000 0.000000 0.000000 1.000000
-0.829582 0.452222 0.327549 13.580900 -0.304840 -0.858261 0.412869 -8.149200 0.467831 0.242658 0.849854 -1.796100 0.000000 0.000000 0.000000 1.000000
-0.846847 0.473784 0.241617 13.580900 -0.327111 -0.822219 0.465783 -8.149200 0.419343 0.315411 0.851274 -1.796100 0.000000 0.000000 0.000000 1.000000
-0.861111 0.492014 0.128101 13.580900 -0.360071 -0.768062 0.529556 -8.149200 0.358939 0.409881 0.838546 -1.796100 0.000000 0.000000 0.000000 1.000000
-0.871187 0.490951 -0.000115 13.580900 -0.391519 -0.694605 0.603520 -8.149200 0.296219 0.525824 0.797348 -1.796100 0.000000 0.000000 0.000000 1.000000
-0.883573 0.451582 -0.123983 13.580900 -0.401049 -0.593002 0.698218 -8.149200 0.241781 0.666650 0.705067 -1.796100 0.000000 0.000000 0.000000 1.000000
-0.912585 0.366030 -0.182236 13.580900 -0.356958 -0.495815 0.791675 -8.149200 0.199422 0.787521 0.583131 -1.796100 0.000000 0.000000 0.000000 1.000000
-0.953618 0.262723 -0.146933 13.580900 -0.257286 -0.457992 0.850910 -8.149200 0.156259 0.849247 0.504344 -1.796100 0.000000 0.000000 0.000000 1.000000
-0.979545 0.188033 -0.071654 13.580900 -0.156189 -0.485971 0.859905 -8.149200 0.126868 0.853508 0.505399 -1.796100 0.000000 0.000000 0.000000 1.000000
-0.988589 0.150318 -0.009848 13.580900 -0.087383 -0.518979 0.850309 -8.149200 0.122706 0.841466 0.526192 -1.796100 0.000000 0.000000 0.000000 1.000000
-0.991545 0.128374 0.018917 13.580900 -0.051817 -0.525375 0.849292 -8.149200 0.118965 0.841131 0.527585 -1.796100 0.000000 0.000000 0.000000 1.000000
-0.991879 0.126378 0.014333 13.580900 -0.052641 -0.510493 0.858269 -8.149200 0.115784 0.850544 0.513000 -1.796100 0.000000 0.000000 0.000000 1.000000
-0.985958 0.166988 -0.001239 13.580900 -0.085483 -0.498323 0.862767 -8.149200 0.143454 0.850758 0.505600 -1.796100 0.000000 0.000000 0.000000 1.000000
-0.969879 0.243292 -0.012020 13.580900 -0.137418 -0.505741 0.851670 -8.149200 0.201125 0.827669 0.523940 -1.796100 0.000000 0.000000 0.000000 1.000000
-0.947490 0.319663 -0.008883 13.580900 -0.188540 -0.535967 0.822917 -8.149200 0.258295 0.781380 0.568092 -1.796100 0.000000 0.000000 0.000000 1.000000
-0.926641 0.375780 0.011185 13.580900 -0.226451 -0.581662 0.781274 -8.149200 0.300093 0.721428 0.624088 -1.796100 0.000000 0.000000 0.000000 1.000000
-0.909633 0.413327 0.041573 13.580900 -0.251466 -0.627530 0.736866 -8.149200 0.330655 0.659823 0.674760 -1.796100 0.000000 0.000000 0.000000 1.000000
-0.895097 0.440060 0.071754 13.580900 -0.270310 -0.663563 0.697579 -8.149200 0.354590 0.605005 0.712906 -1.796100 0.000000 0.000000 0.000000 1.000000
-0.882445 0.460354 0.096772 13.580900 -0.285296 -0.687300 0.668000 -8.149200 0.374028 0.561865 0.737842 -1.796100 0.000000 0.000000 0.000000 1.000000
-0.872517 0.475166 0.113716 13.580900 -0.295009 -0.697890 0.652624 -8.149200 0.389466 0.535879 0.749100 -1.796100 0.000000 0.000000 0.000000 1.000000
-0.865678 0.484690 0.125212 13.580900 -0.299202 -0.701487 0.646834 -8.149200 0.401348 0.522486 0.752282 -1.796100 0.000000 0.000000 0.000000 1.000000
-0.859077 0.494024 0.133891 13.580900 -0.302776 -0.701392 0.645273 -8.149200 0.412690 0.513800 0.752128 -1.796100 0.000000 0.000000 0.000000 1.000000
-0.851423 0.504224 0.144351 13.580900 -0.307460 -0.702819 0.641493 -8.149200 0.424909 0.501800 0.753425 -1.796100 0.000000 0.000000 0.000000 1.000000
-0.843307 0.513800 0.157614 13.580900 -0.311661 -0.706461 0.635437 -8.149200 0.437836 0.486746 0.755895 -1.796100 0.000000 0.000000 0.000000 1.000000
-0.836491 0.520394 0.171678 13.580900 -0.315533 -0.713554 0.625523 -8.149200 0.448020 0.469074 0.761083 -1.796100 0.000000 0.000000 0.000000 1.000000
-0.833216 0.521852 0.182818 13.580900 -0.318624 -0.723337 0.612587 -8.149200 0.451918 0.452167 0.768970 -1.796100 0.000000 0.000000 0.000000 1.000000
-0.832176 0.520206 0.192010 13.580900 -0.320701 -0.733997 0.598665 -8.149200 0.452364 0.436617 0.777646 -1.796100 0.000000 0.000000 0.000000 1.000000
-0.832245 0.517217 0.199638 13.580900 -0.321249 -0.743368 0.586688 -8.149200 0.451849 0.424134 0.784820 -1.796100 0.000000 0.000000 0.000000 1.000000
-0.832276 0.514793 0.205680 13.580900 -0.321406 -0.750393 0.577589 -8.149200 0.451679 0.414607 0.789991 -1.796100 0.000000 0.000000 0.000000 1.000000
-0.831949 0.513821 0.209399 13.580900 -0.321816 -0.754284 0.572267 -8.149200 0.451989 0.408709 0.792882 -1.796100 0.000000 0.000000 0.000000 1.000000
-0.831598 0.513927 0.210532 13.580900 -0.322289 -0.755285 0.570679 -8.149200 0.452299 0.406723 0.793727 -1.796100 0.000000 0.000000 0.000000 1.000000
-0.831493 0.514406 0.209775 13.580900 -0.322450 -0.754384 0.571778 -8.149200 0.452377 0.407788 0.793136 -1.796100 0.000000 0.000000 0.000000 1.000000
-0.831440 0.515062 0.208370 13.580900 -0.322080 -0.752382 0.574618 -8.149200 0.452738 0.410649 0.791452 -1.796100 0.000000 0.000000 0.000000 1.000000</float_array>
        <technique_common>
          <accessor source="#mixamorig_LeftUpLeg-Matrix-animation-output-transform-array" count="42" stride="16">
            <param type="float4x4"/>
          </accessor>
        </technique_common>
      </source>
      <source id="mixamorig_LeftUpLeg-Interpolations">
        <Name_array id="mixamorig_LeftUpLeg-Interpolations-array" count="42">
 LINEAR LINEAR LINEAR LINEAR LINEAR LINEAR LINEAR LINEAR LINEAR LINEAR LINEAR
LINEAR LINEAR LINEAR LINEAR LINEAR LINEAR LINEAR LINEAR LINEAR LINEAR LINEAR LINEAR
LINEAR LINEAR LINEAR LINEAR LINEAR LINEAR LINEAR LINEAR LINEAR LINEAR LINEAR LINEAR
LINEAR LINEAR LINEAR LINEAR LINEAR LINEAR LINEAR</Name_array>
        <technique_common>
          <accessor source="#mixamorig_LeftUpLeg-Interpolations-array" count="42">
            <param type="name"/>
          </accessor>
        </technique_common>
      </source>
      <sampler id="mixamorig_LeftUpLeg-Matrix-animation-transform">
        <input semantic="INPUT" source="#mixamorig_LeftUpLeg-Matrix-animation-input"/>
        <input semantic="OUTPUT" source="#mixamorig_LeftUpLeg-Matrix-animation-output-transform"/>
        <input semantic="INTERPOLATION" source="#mixamorig_LeftUpLeg-Interpolations"/>
      </sampler>
      <channel source="#mixamorig_LeftUpLeg-Matrix-animation-transform" target="mixamorig_LeftUpLeg/matrix"/>
    </animation>
    <animation id="mixamorig_LeftLeg-anim" name="mixamorig_LeftLeg">
      <source id="mixamorig_LeftLeg-Matrix-animation-input">
        <float_array id="mixamorig_LeftLeg-Matrix-animation-input-array" count="42">

0.000000 0.033333 0.066667 0.100000 0.133333 0.166667 0.200000 0.233333 0.266667 0.300000 0.333333 0.366667 0.400000 0.433333 0.466667 0.500000
0.533333 0.566667 0.600000 0.633333 0.666667 0.700000 0.733333 0.766667 0.800000 0.833333 0.866667 0.900000 0.933333 0.966667 1.000000 1.033333
1.066667 1.100000 1.133333 1.166667 1.200000 1.233333 1.266667 1.300000 1.333333 1.366667</float_array>
        <technique_common>
          <accessor source="#mixamorig_LeftLeg-Matrix-animation-input-array" count="42">
            <param name="TIME" type="float"/>
          </accessor>
        </technique_common>
      </source>
      <source id="mixamorig_LeftLeg-Matrix-animation-output-transform">
        <float_array id="mixamorig_LeftLeg-Matrix-animation-output-transform-array" count="672">

0.988513 0.117048 0.095609 0.000000 -0.149164 0.653795 0.741823 36.090000 0.024320 -0.747564 0.663745 0.000000 0.000000 0.000000 0.000000 1.000000
0.990888 0.118381 0.064238 0.000000 -0.126169 0.648916 0.750326 36.090000 0.047139 -0.751594 0.657939 0.000000 0.000000 0.000000 0.000000 1.000000
0.992390 0.117539 0.036684 0.000000 -0.103336 0.633035 0.767195 36.090000 0.066954 -0.765148 0.640364 -0.000000 0.000000 0.000000 0.000000 1.000000
0.993221 0.114909 0.017563 -0.000000 -0.084201 0.607020 0.790213 36.090000 0.080142 -0.786335 0.612580 0.000000 0.000000 0.000000 0.000000 1.000000
0.993600 0.112939 0.002135 0.000000 -0.066970 0.573749 0.816289 36.090000 0.090966 -0.811207 0.577640 0.000000 0.000000 0.000000 0.000000 1.000000
0.993503 0.113541 -0.007788 0.000000 -0.054744 0.536774 0.841948 36.090000 0.099776 -0.836052 0.539502 0.000000 0.000000 0.000000 0.000000 1.000000
0.993217 0.115882 -0.009599 -0.000000 -0.049743 0.498059 0.865715 36.090000 0.105101 -0.859365 0.500445 0.000000 0.000000 0.000000 0.000000 1.000000
0.993068 0.117076 -0.010461 0.000000 -0.044482 0.456696 0.888510 36.090000 0.108800 -0.881885 0.458738 -0.000000 0.000000 0.000000 0.000000 1.000000
0.993655 0.112440 -0.002517 -0.000000 -0.044230 0.411251 0.910448 36.090000 0.103406 -0.904560 0.413615 0.000000 0.000000 0.000000 0.000000 1.000000
0.995257 0.094053 0.024831 -0.000000 -0.057385 0.361562 0.930580 36.090000 0.078546 -0.927592 0.365244 0.000000 0.000000 0.000000 0.000000 1.000000
0.994749 0.061984 0.081441 0.000000 -0.096856 0.313020 0.944795 36.090000 0.033069 -0.947722 0.317380 0.000000 0.000000 0.000000 0.000000 1.000000
0.990139 0.023272 0.138144 -0.000000 -0.139143 0.277863 0.950490 36.090000 -0.016266 -0.960339 0.278361 0.000000 0.000000 0.000000 0.000000 1.000000
0.989215 -0.014696 0.145734 0.000000 -0.136327 0.271492 0.952737 36.090000 -0.053567 -0.962329 0.266560 0.000000 0.000000 0.000000 0.000000 1.000000
0.991574 -0.052394 0.118473 0.000000 -0.097147 0.304230 0.947632 36.090000 -0.085694 -0.951157 0.296577 0.000000 0.000000 0.000000 0.000000 1.000000
0.989353 -0.079713 0.121761 0.000000 -0.084292 0.368170 0.925930 36.090000 -0.118638 -0.926335 0.357531 0.000000 0.000000 0.000000 0.000000 1.000000
0.984707 -0.085930 0.151550 0.000000 -0.092941 0.476660 0.874161 36.090000 -0.147354 -0.874878 0.461385 0.000000 0.000000 0.000000 0.000000 1.000000
0.979980 -0.063691 0.188633 -0.000000 -0.113086 0.601714 0.790666 36.090000 -0.163861 -0.796168 0.582465 0.000000 0.000000 0.000000 0.000000 1.000000
0.982156 -0.022022 0.186777 0.000000 -0.120473 0.688945 0.714732 36.090000 -0.144419 -0.724479 0.673998 0.000000 0.000000 0.000000 0.000000 1.000000
0.982576 0.017142 0.185072 0.000000 -0.139714 0.724812 0.674631 36.090000 -0.122577 -0.688733 0.714577 0.000000 0.000000 0.000000 0.000000 1.000000
0.982131 0.042109 0.183429 -0.000000 -0.156569 0.723631 0.672194 36.090000 -0.104430 -0.688901 0.717293 0.000000 0.000000 0.000000 0.000000 1.000000
0.981938 0.045131 0.183740 0.000000 -0.164060 0.686822 0.708068 36.090000 -0.094241 -0.725424 0.681821 -0.000000 0.000000 0.000000 0.000000 1.000000
0.981450 0.038562 0.187798 -0.000000 -0.170435 0.624051 0.762569 36.090000 -0.087790 -0.780431 0.619048 0.000000 0.000000 0.000000 0.000000 1.000000
0.980273 0.034023 0.194699 -0.000000 -0.180180 0.558735 0.809537 36.090000 -0.081243 -0.828648 0.553843 0.000000 0.000000 0.000000 0.000000 1.000000
0.978659 0.034998 0.202487 0.000000 -0.191430 0.513505 0.836461 36.090000 -0.074703 -0.857373 0.509246 0.000000 0.000000 0.000000 0.000000 1.000000
0.977386 0.040093 0.207625 0.000000 -0.199910 0.495257 0.845433 36.090000 -0.068932 -0.867821 0.492072 0.000000 0.000000 0.000000 0.000000 1.000000
0.976595 0.047303 0.209822 0.000000 -0.205566 0.492301 0.845803 36.090000 -0.063286 -0.869139 0.490503 0.000000 0.000000 0.000000 0.000000 1.000000
0.976366 0.053839 0.209311 0.000000 -0.208067 0.496122 0.842954 36.090000 -0.058460 -0.866582 0.495599 0.000000 0.000000 0.000000 0.000000 1.000000
0.977893 0.059013 0.200606 0.000000 -0.202755 0.502231 0.840627 36.090000 -0.051142 -0.862717 0.503094 0.000000 0.000000 0.000000 0.000000 1.000000
0.979113 0.062251 0.193553 -0.000000 -0.198188 0.504702 0.840237 36.090000 -0.045381 -0.861046 0.506497 0.000000 0.000000 0.000000 0.000000 1.000000
0.982459 0.064238 0.175067 -0.000000 -0.183311 0.505024 0.843415 36.090000 -0.034234 -0.860712 0.507941 -0.000000 0.000000 0.000000 0.000000 1.000000
0.984309 0.065452 0.163867 0.000000 -0.174355 0.503617 0.846150 36.090000 -0.027144 -0.861444 0.507127 -0.000000 0.000000 0.000000 0.000000 1.000000
0.984388 0.068324 0.162207 0.000000 -0.174345 0.504949 0.845358 36.090000 -0.024148 -0.860441 0.508978 -0.000000 0.000000 0.000000 0.000000 1.000000
0.983881 0.072470 0.163482 0.000000 -0.177506 0.506611 0.843704 36.090000 -0.021678 -0.859123 0.511309 0.000000 0.000000 0.000000 0.000000 1.000000
0.982823 0.076108 0.168125 -0.000000 -0.183106 0.515841 0.836887 36.090000 -0.023032 -0.853297 0.520916 0.000000 0.000000 0.000000 0.000000 1.000000
0.982602 0.077935 0.168579 0.000000 -0.183999 0.531857 0.826603 36.090000 -0.025238 -0.843240 0.536944 0.000000 0.000000 0.000000 0.000000 1.000000
0.982815 0.080484 0.166121 0.000000 -0.182737 0.551452 0.813946 36.090000 -0.026098 -0.830315 0.556683 -0.000000 0.000000 0.000000 0.000000 1.000000
0.982878 0.084127 0.163934 -0.000000 -0.182445 0.568913 0.801905 36.090000 -0.025802 -0.818083 0.574520 0.000000 0.000000 0.000000 0.000000 1.000000
0.982470 0.087466 0.164627 0.000000 -0.184464 0.583703 0.790736 36.090000 -0.026931 -0.807242 0.589605 0.000000 0.000000 0.000000 0.000000 1.000000
0.981800 0.089563 0.167471 0.000000 -0.187636 0.593676 0.782523 36.090000 -0.029339 -0.799705 0.599676 0.000000 0.000000 0.000000 0.000000 1.000000
0.981163 0.090199 0.170832 0.000000 -0.190539 0.597632 0.778801 36.090000 -0.031847 -0.796681 0.603560 0.000000 0.000000 0.000000 0.000000 1.000000
0.980555 0.090068 0.174358 0.000000 -0.193285 0.597004 0.778605 36.090000 -0.033965 -0.797166 0.602804 0.000000 0.000000 0.000000 0.000000 1.000000
0.979592 0.090129 0.179658 0.000000 -0.197649 0.594426 0.779482 36.090000 -0.036539 -0.799084 0.600108 0.000000 0.000000 0.000000 0.000000 1.000000</float_array>
        <technique_common>
          <accessor source="#mixamorig_LeftLeg-Matrix-animation-output-transform-array" count="42" stride="16">
            <param type="float4x4"/>
          </accessor>
        </technique_common>
      </source>
      <source id="mixamorig_LeftLeg-Interpolations">
        <Name_array id="mixamorig_LeftLeg-Interpolations-array" count="42">
 LINEAR LINEAR LINEAR LINEAR LINEAR LINEAR LINEAR LINEAR LINEAR LINEAR LINEAR
LINEAR LINEAR LINEAR LINEAR LINEAR LINEAR LINEAR LINEAR LINEAR LINEAR LINEAR LINEAR
LINEAR LINEAR LINEAR LINEAR LINEAR LINEAR LINEAR LINEAR LINEAR LINEAR LINEAR LINEAR
LINEAR LINEAR LINEAR LINEAR LINEAR LINEAR LINEAR</Name_array>
        <technique_common>
          <accessor source="#mixamorig_LeftLeg-Interpolations-array" count="42">
            <param type="name"/>
          </accessor>
        </technique_common>
      </source>
      <sampler id="mixamorig_LeftLeg-Matrix-animation-transform">
        <input semantic="INPUT" source="#mixamorig_LeftLeg-Matrix-animation-input"/>
        <input semantic="OUTPUT" source="#mixamorig_LeftLeg-Matrix-animation-output-transform"/>
        <input semantic="INTERPOLATION" source="#mixamorig_LeftLeg-Interpolations"/>
      </sampler>
      <channel source="#mixamorig_LeftLeg-Matrix-animation-transform" target="mixamorig_LeftLeg/matrix"/>
    </animation>
    <animation id="mixamorig_LeftFoot-anim" name="mixamorig_LeftFoot">
      <source id="mixamorig_LeftFoot-Matrix-animation-input">
        <float_array id="mixamorig_LeftFoot-Matrix-animation-input-array" count="42">

0.000000 0.033333 0.066667 0.100000 0.133333 0.166667 0.200000 0.233333 0.266667 0.300000 0.333333 0.366667 0.400000 0.433333 0.466667 0.500000
0.533333 0.566667 0.600000 0.633333 0.666667 0.700000 0.733333 0.766667 0.800000 0.833333 0.866667 0.900000 0.933333 0.966667 1.000000 1.033333
1.066667 1.100000 1.133333 1.166667 1.200000 1.233333 1.266667 1.300000 1.333333 1.366667</float_array>
        <technique_common>
          <accessor source="#mixamorig_LeftFoot-Matrix-animation-input-array" count="42">
            <param name="TIME" type="float"/>
          </accessor>
        </technique_common>
      </source>
      <source id="mixamorig_LeftFoot-Matrix-animation-output-transform">
        <float_array id="mixamorig_LeftFoot-Matrix-animation-output-transform-array" count="672">

0.972152 0.140908 -0.187255 0.000000 -0.199963 0.082085 -0.976359 26.790800 -0.122206 0.986614 0.107975 -0.000000 0.000000 0.000000 0.000000 1.000000
0.970300 0.141504 -0.196203 0.000000 -0.206844 0.064747 -0.976229 26.790800 -0.125437 0.987818 0.092094 -0.000000 0.000000 0.000000 0.000000 1.000000
0.967828 0.141080 -0.208338 0.000000 -0.215286 0.035753 -0.975896 26.790800 -0.130231 0.989352 0.064976 0.000000 0.000000 0.000000 0.000000 1.000000
0.965113 0.135545 -0.224019 -0.000000 -0.225549 -0.004160 -0.974223 26.790800 -0.132983 0.990762 0.026557 -0.000000 0.000000 0.000000 0.000000 1.000000
0.962374 0.131014 -0.238060 0.000000 -0.233190 -0.051559 -0.971063 26.790800 -0.139497 0.990039 -0.019068 0.000000 0.000000 0.000000 0.000000 1.000000
0.961126 0.127302 -0.245013 0.000000 -0.232995 -0.102216 -0.967091 26.790800 -0.148157 0.986583 -0.068582 0.000000 0.000000 0.000000 0.000000 1.000000
0.962867 0.120883 -0.241402 0.000000 -0.222361 -0.152014 -0.963041 26.790800 -0.153111 0.980958 -0.119490 0.000000 0.000000 0.000000 0.000000 1.000000
0.967073 0.118373 -0.225296 0.000000 -0.199313 -0.198210 -0.959681 26.790800 -0.158256 0.972985 -0.168090 0.000000 0.000000 0.000000 0.000000 1.000000
0.974196 0.113160 -0.195289 0.000000 -0.163940 -0.239941 -0.956845 26.790800 -0.155135 0.964170 -0.215198 0.000000 0.000000 0.000000 0.000000 1.000000
0.979276 0.109533 -0.170358 0.000000 -0.136206 -0.266343 -0.954206 26.790800 -0.149891 0.957635 -0.245904 0.000000 0.000000 0.000000 0.000000 1.000000
0.979651 0.112281 -0.166365 0.000000 -0.132123 -0.263206 -0.955650 26.790800 -0.151090 0.958183 -0.243015 0.000000 0.000000 0.000000 0.000000 1.000000
0.978389 0.126230 -0.163771 0.000000 -0.128793 -0.247594 -0.960265 26.790800 -0.161763 0.960606 -0.225986 -0.000000 0.000000 0.000000 0.000000 1.000000
0.967089 0.191478 -0.167555 0.000000 -0.123185 -0.223851 -0.966807 26.790800 -0.222629 0.955629 -0.192897 -0.000000 0.000000 0.000000 0.000000 1.000000
0.945908 0.288180 -0.149030 -0.000000 -0.097846 -0.184568 -0.977937 26.790800 -0.309328 0.939621 -0.146387 -0.000000 0.000000 0.000000 0.000000 1.000000
0.916390 0.387025 -0.102185 0.000000 -0.082300 -0.067655 -0.994309 26.790800 -0.391735 0.919584 -0.030146 -0.000000 0.000000 0.000000 0.000000 1.000000
0.881000 0.472660 -0.020764 0.000000 -0.078342 0.102460 -0.991647 26.790800 -0.466584 0.875268 0.127296 0.000000 0.000000 0.000000 0.000000 1.000000
0.852965 0.516863 0.072830 0.000000 -0.080800 0.268594 -0.959859 26.790800 -0.515677 0.812841 0.270864 0.000000 0.000000 0.000000 0.000000 1.000000
0.837235 0.525132 0.152559 0.000000 -0.069577 0.379008 -0.922774 26.790800 -0.542399 0.761964 0.353856 0.000000 0.000000 0.000000 0.000000 1.000000
0.839179 0.502796 0.207306 0.000000 -0.041701 0.439542 -0.897253 26.790800 -0.542255 0.744311 0.389821 0.000000 0.000000 0.000000 0.000000 1.000000
0.832752 0.493370 0.251218 0.000000 -0.011172 0.468635 -0.883321 26.790800 -0.553534 0.732781 0.395769 0.000000 0.000000 0.000000 0.000000 1.000000
0.828956 0.490202 0.269323 -0.000000 0.017281 0.458846 -0.888348 26.790800 -0.559047 0.741055 0.371892 0.000000 0.000000 0.000000 0.000000 1.000000
0.831505 0.487889 0.265639 0.000000 0.049311 0.411472 -0.910087 26.790800 -0.553324 0.769841 0.318083 -0.000000 0.000000 0.000000 0.000000 1.000000
0.857939 0.457685 0.233380 0.000000 0.076592 0.335242 -0.939014 26.790800 -0.508011 0.823491 0.252562 0.000000 0.000000 0.000000 0.000000 1.000000
0.901430 0.394704 0.177857 0.000000 0.081510 0.248743 -0.965134 26.790800 -0.425183 0.884497 0.192052 -0.000000 0.000000 0.000000 0.000000 1.000000
0.941477 0.317221 0.113979 0.000000 0.061562 0.170635 -0.983409 26.790800 -0.331407 0.932874 0.141120 0.000000 0.000000 0.000000 0.000000 1.000000
0.969621 0.238906 0.052530 0.000000 0.025354 0.115435 -0.992991 26.790800 -0.243296 0.964157 0.105871 0.000000 0.000000 0.000000 0.000000 1.000000
0.984517 0.175222 -0.004921 0.000000 -0.018565 0.076310 -0.996911 26.790800 -0.174306 0.981567 0.078381 0.000000 0.000000 0.000000 0.000000 1.000000
0.989016 0.137238 -0.054893 0.000000 -0.062196 0.049506 -0.996835 26.790800 -0.134086 0.989300 0.057498 -0.000000 0.000000 0.000000 0.000000 1.000000
0.988892 0.114025 -0.095344 -0.000000 -0.099125 0.027953 -0.994682 26.790800 -0.110754 0.993085 0.038946 0.000000 0.000000 0.000000 0.000000 1.000000
0.986287 0.113690 -0.119638 0.000000 -0.121144 0.006414 -0.992614 26.790800 -0.112083 0.993496 0.020099 0.000000 0.000000 0.000000 0.000000 1.000000
0.983947 0.117474 -0.134340 0.000000 -0.134490 -0.006681 -0.990892 26.790800 -0.117302 0.993053 0.009226 0.000000 0.000000 0.000000 0.000000 1.000000
0.979414 0.124767 -0.158685 0.000000 -0.158943 -0.007951 -0.987256 26.790800 -0.124439 0.992154 0.012043 -0.000000 0.000000 0.000000 0.000000 1.000000
0.977345 0.128039 -0.168529 -0.000000 -0.168942 -0.007703 -0.985596 26.790800 -0.127493 0.991739 0.014103 -0.000000 0.000000 0.000000 0.000000 1.000000
0.975865 0.130530 -0.175071 0.000000 -0.176211 -0.002861 -0.984348 26.790800 -0.128988 0.991440 0.020209 0.000000 0.000000 0.000000 0.000000 1.000000
0.974240 0.133298 -0.181903 0.000000 -0.184335 0.006030 -0.982845 26.790800 -0.129914 0.991058 0.030446 -0.000000 0.000000 0.000000 0.000000 1.000000
0.972831 0.135903 -0.187430 -0.000000 -0.191507 0.017455 -0.981336 26.790800 -0.130095 0.990568 0.043007 -0.000000 0.000000 0.000000 0.000000 1.000000
0.973015 0.136533 -0.186015 0.000000 -0.191603 0.028884 -0.981047 26.790800 -0.128573 0.990214 0.054265 -0.000000 0.000000 0.000000 0.000000 1.000000
0.973249 0.137049 -0.184402 0.000000 -0.191326 0.039081 -0.980748 26.790800 -0.127204 0.989793 0.064256 0.000000 0.000000 0.000000 0.000000 1.000000
0.973871 0.136903 -0.181199 0.000000 -0.189089 0.046908 -0.980839 26.790800 -0.125780 0.989473 0.071569 0.000000 0.000000 0.000000 0.000000 1.000000
0.975431 0.135280 -0.173881 0.000000 -0.182227 0.051880 -0.981887 26.790800 -0.123809 0.989448 0.075257 0.000000 0.000000 0.000000 0.000000 1.000000
0.977532 0.132674 -0.163798 0.000000 -0.172253 0.054901 -0.983522 26.790800 -0.121495 0.989638 0.076521 0.000000 0.000000 0.000000 0.000000 1.000000
0.979433 0.130210 -0.154133 0.000000 -0.162661 0.057549 -0.985002 26.790800 -0.119386 0.989815 0.077546 0.000000 0.000000 0.000000 0.000000 1.000000</float_array>
        <technique_common>
          <accessor source="#mixamorig_LeftFoot-Matrix-animation-output-transform-array" count="42" stride="16">
            <param type="float4x4"/>
          </accessor>
        </technique_common>
      </source>
      <source id="mixamorig_LeftFoot-Interpolations">
        <Name_array id="mixamorig_LeftFoot-Interpolations-array" count="42">
 LINEAR LINEAR LINEAR LINEAR LINEAR LINEAR LINEAR LINEAR LINEAR LINEAR LINEAR
LINEAR LINEAR LINEAR LINEAR LINEAR LINEAR LINEAR LINEAR LINEAR LINEAR LINEAR LINEAR
LINEAR LINEAR LINEAR LINEAR LINEAR LINEAR LINEAR LINEAR LINEAR LINEAR LINEAR LINEAR
LINEAR LINEAR LINEAR LINEAR LINEAR LINEAR LINEAR</Name_array>
        <technique_common>
          <accessor source="#mixamorig_LeftFoot-Interpolations-array" count="42">
            <param type="name"/>
          </accessor>
        </technique_common>
      </source>
      <sampler id="mixamorig_LeftFoot-Matrix-animation-transform">
        <input semantic="INPUT" source="#mixamorig_LeftFoot-Matrix-animation-input"/>
        <input semantic="OUTPUT" source="#mixamorig_LeftFoot-Matrix-animation-output-transform"/>
        <input semantic="INTERPOLATION" source="#mixamorig_LeftFoot-Interpolations"/>
      </sampler>
      <channel source="#mixamorig_LeftFoot-Matrix-animation-transform" target="mixamorig_LeftFoot/matrix"/>
    </animation>
    <animation id="mixamorig_LeftToeBase-anim" name="mixamorig_LeftToeBase">
      <source id="mixamorig_LeftToeBase-Matrix-animation-input">
        <float_array id="mixamorig_LeftToeBase-Matrix-animation-input-array" count="42">

0.000000 0.033333 0.066667 0.100000 0.133333 0.166667 0.200000 0.233333 0.266667 0.300000 0.333333 0.366667 0.400000 0.433333 0.466667 0.500000
0.533333 0.566667 0.600000 0.633333 0.666667 0.700000 0.733333 0.766667 0.800000 0.833333 0.866667 0.900000 0.933333 0.966667 1.000000 1.033333
1.066667 1.100000 1.133333 1.166667 1.200000 1.233333 1.266667 1.300000 1.333333 1.366667</float_array>
        <technique_common>
          <accessor source="#mixamorig_LeftToeBase-Matrix-animation-input-array" count="42">
            <param name="TIME" type="float"/>
          </accessor>
        </technique_common>
      </source>
      <source id="mixamorig_LeftToeBase-Matrix-animation-output-transform">
        <float_array id="mixamorig_LeftToeBase-Matrix-animation-output-transform-array" count="672">

0.998890 -0.019954 -0.042679 0.000000 -0.000836 0.898227 -0.439530 14.979900 0.047106 0.439078 0.897213 0.000000 0.000000 0.000000 0.000000 1.000000
0.998890 -0.019949 -0.042664 0.000000 -0.000843 0.898142 -0.439706 14.979900 0.047090 0.439254 0.897128 0.000000 0.000000 0.000000 0.000000 1.000000
0.998890 -0.019950 -0.042663 0.000000 -0.000842 0.898138 -0.439712 14.979900 0.047089 0.439260 0.897125 0.000000 0.000000 0.000000 0.000000 1.000000
0.998889 -0.019958 -0.042694 0.000000 -0.000831 0.898311 -0.439360 14.979900 0.047121 0.438907 0.897296 0.000000 0.000000 0.000000 0.000000 1.000000
0.998887 -0.019966 -0.042730 0.000000 -0.000817 0.898512 -0.438947 14.979900 0.047158 0.438494 0.897496 -0.000000 0.000000 0.000000 0.000000 1.000000
0.998885 -0.019977 -0.042772 0.000000 -0.000801 0.898742 -0.438476 14.979900 0.047200 0.438022 0.897724 0.000000 0.000000 0.000000 0.000000 1.000000
0.998895 -0.019926 -0.042572 -0.000000 -0.000878 0.897637 -0.440736 14.979900 0.046997 0.440286 0.896627 0.000000 0.000000 0.000000 0.000000 1.000000
0.998931 -0.019728 -0.041802 0.000000 -0.001167 0.893295 -0.449470 14.979900 0.046209 0.449038 0.892317 -0.000000 0.000000 0.000000 0.000000 1.000000
0.999025 -0.019165 -0.039761 0.000000 -0.001898 0.881332 -0.472494 14.979900 0.044098 0.472109 0.880436 -0.000000 0.000000 0.000000 0.000000 1.000000
0.999154 -0.018259 -0.036849 0.000000 -0.002856 0.863056 -0.505100 14.979900 0.041026 0.504778 0.862274 0.000000 0.000000 0.000000 0.000000 1.000000
0.999275 -0.017239 -0.033955 0.000000 -0.003703 0.843452 -0.537192 14.979900 0.037900 0.536928 0.842776 0.000000 0.000000 0.000000 0.000000 1.000000
0.999305 -0.016950 -0.033192 0.000000 -0.003907 0.838038 -0.545597 14.979900 0.037064 0.545348 0.837390 0.000000 0.000000 0.000000 0.000000 1.000000
0.999265 -0.017331 -0.034202 -0.000000 -0.003635 0.845183 -0.534465 14.979900 0.038170 0.534196 0.844499 0.000000 0.000000 0.000000 0.000000 1.000000
0.999132 -0.018426 -0.037358 0.000000 -0.002696 0.866356 -0.499420 14.979900 0.041568 0.499087 0.865554 0.000000 0.000000 0.000000 0.000000 1.000000
0.999012 -0.019251 -0.040063 0.000000 -0.001794 0.883140 -0.469106 14.979900 0.044412 0.468714 0.882233 -0.000000 0.000000 0.000000 0.000000 1.000000
0.998927 -0.019750 -0.041886 0.000000 -0.001136 0.893773 -0.448518 14.979900 0.046295 0.448085 0.892792 0.000000 0.000000 0.000000 0.000000 1.000000
0.998892 -0.019943 -0.042637 0.000000 -0.000852 0.897994 -0.440006 14.979900 0.047063 0.439555 0.896982 0.000000 0.000000 0.000000 0.000000 1.000000
0.998885 -0.019980 -0.042784 0.000000 -0.000797 0.898808 -0.438342 14.979900 0.047212 0.437887 0.897789 -0.000000 0.000000 0.000000 0.000000 1.000000
0.998874 -0.020033 -0.043001 0.000000 -0.000714 0.900006 -0.435877 14.979900 0.047433 0.435417 0.898978 0.000000 0.000000 0.000000 0.000000 1.000000
0.998882 -0.019994 -0.042842 0.000000 -0.000774 0.899134 -0.437673 14.979900 0.047272 0.437217 0.898113 0.000000 0.000000 0.000000 0.000000 1.000000
0.998887 -0.019966 -0.042731 -0.000000 -0.000817 0.898520 -0.438933 14.979900 0.047159 0.438479 0.897503 0.000000 0.000000 0.000000 0.000000 1.000000
0.998909 -0.019853 -0.042280 0.000000 -0.000987 0.896000 -0.444053 14.979900 0.046699 0.443610 0.895003 -0.000000 0.000000 0.000000 0.000000 1.000000
0.998936 -0.019702 -0.041701 0.000000 -0.001204 0.892719 -0.450612 14.979900 0.046105 0.450182 0.891746 0.000000 0.000000 0.000000 0.000000 1.000000
0.998963 -0.019549 -0.041129 0.000000 -0.001413 0.889425 -0.457078 14.979900 0.045517 0.456662 0.888475 0.000000 0.000000 0.000000 0.000000 1.000000
0.998996 -0.019350 -0.040409 -0.000000 -0.001671 0.885204 -0.465199 14.979900 0.044772 0.464800 0.884283 -0.000000 0.000000 0.000000 0.000000 1.000000
0.999010 -0.019261 -0.040096 -0.000000 -0.001782 0.883340 -0.468730 14.979900 0.044447 0.468338 0.882431 0.000000 0.000000 0.000000 0.000000 1.000000
0.999042 -0.019054 -0.039384 0.000000 -0.002028 0.879047 -0.476731 14.979900 0.043704 0.476355 0.878166 0.000000 0.000000 0.000000 0.000000 1.000000
0.999060 -0.018934 -0.038983 -0.000000 -0.002165 0.876584 -0.481245 14.979900 0.043283 0.480877 0.875719 0.000000 0.000000 0.000000 0.000000 1.000000
0.999019 -0.019202 -0.039892 0.000000 -0.001853 0.882118 -0.471024 14.979900 0.044234 0.470636 0.881218 -0.000000 0.000000 0.000000 0.000000 1.000000
0.998962 -0.019552 -0.041139 0.000000 -0.001410 0.889481 -0.456969 14.979900 0.045527 0.456553 0.888531 0.000000 0.000000 0.000000 0.000000 1.000000
0.998919 -0.019796 -0.042060 0.000000 -0.001070 0.894762 -0.446542 14.979900 0.046474 0.446104 0.893774 0.000000 0.000000 0.000000 0.000000 1.000000
0.998901 -0.019894 -0.042442 0.000000 -0.000927 0.896907 -0.442218 14.979900 0.046864 0.441771 0.895903 0.000000 0.000000 0.000000 0.000000 1.000000
0.998889 -0.019957 -0.042691 -0.000000 -0.000832 0.898294 -0.439394 14.979900 0.047118 0.438942 0.897279 0.000000 0.000000 0.000000 0.000000 1.000000
0.998884 -0.019985 -0.042803 0.000000 -0.000789 0.898914 -0.438124 14.979900 0.047232 0.437669 0.897895 0.000000 0.000000 0.000000 0.000000 1.000000
0.998884 -0.019981 -0.042789 0.000000 -0.000795 0.898840 -0.438276 14.979900 0.047218 0.437821 0.897822 -0.000000 0.000000 0.000000 0.000000 1.000000
0.998885 -0.019980 -0.042784 -0.000000 -0.000796 0.898813 -0.438332 14.979900 0.047213 0.437877 0.897794 0.000000 0.000000 0.000000 0.000000 1.000000
0.998884 -0.019984 -0.042798 0.000000 -0.000791 0.898888 -0.438177 14.979900 0.047227 0.437722 0.897869 0.000000 0.000000 0.000000 0.000000 1.000000
0.998885 -0.019976 -0.042771 0.000000 -0.000802 0.898736 -0.438489 14.979900 0.047199 0.438035 0.897718 0.000000 0.000000 0.000000 0.000000 1.000000
0.998888 -0.019964 -0.042720 -0.000000 -0.000821 0.898456 -0.439062 14.979900 0.047147 0.438609 0.897441 0.000000 0.000000 0.000000 0.000000 1.000000
0.998890 -0.019950 -0.042661 0.000000 -0.000843 0.898129 -0.439732 14.979900 0.047088 0.439280 0.897115 0.000000 0.000000 0.000000 0.000000 1.000000
0.998896 -0.019917 -0.042534 0.000000 -0.000892 0.897421 -0.441174 14.979900 0.046958 0.440725 0.896413 0.000000 0.000000 0.000000 0.000000 1.000000
0.998906 -0.019866 -0.042332 0.000000 -0.000969 0.896291 -0.443465 14.979900 0.046752 0.443021 0.895292 0.000000 0.000000 0.000000 0.000000 1.000000</float_array>
        <technique_common>
          <accessor source="#mixamorig_LeftToeBase-Matrix-animation-output-transform-array" count="42" stride="16">
            <param type="float4x4"/>
          </accessor>
        </technique_common>
      </source>
      <source id="mixamorig_LeftToeBase-Interpolations">
        <Name_array id="mixamorig_LeftToeBase-Interpolations-array" count="42">
 LINEAR LINEAR LINEAR LINEAR LINEAR LINEAR LINEAR LINEAR LINEAR LINEAR LINEAR
LINEAR LINEAR LINEAR LINEAR LINEAR LINEAR LINEAR LINEAR LINEAR LINEAR LINEAR LINEAR
LINEAR LINEAR LINEAR LINEAR LINEAR LINEAR LINEAR LINEAR LINEAR LINEAR LINEAR LINEAR
LINEAR LINEAR LINEAR LINEAR LINEAR LINEAR LINEAR</Name_array>
        <technique_common>
          <accessor source="#mixamorig_LeftToeBase-Interpolations-array" count="42">
            <param type="name"/>
          </accessor>
        </technique_common>
      </source>
      <sampler id="mixamorig_LeftToeBase-Matrix-animation-transform">
        <input semantic="INPUT" source="#mixamorig_LeftToeBase-Matrix-animation-input"/>
        <input semantic="OUTPUT" source="#mixamorig_LeftToeBase-Matrix-animation-output-transform"/>
        <input semantic="INTERPOLATION" source="#mixamorig_LeftToeBase-Interpolations"/>
      </sampler>
      <channel source="#mixamorig_LeftToeBase-Matrix-animation-transform" target="mixamorig_LeftToeBase/matrix"/>
    </animation>
    <animation id="mixamorig_RightUpLeg-anim" name="mixamorig_RightUpLeg">
      <source id="mixamorig_RightUpLeg-Matrix-animation-input">
        <float_array id="mixamorig_RightUpLeg-Matrix-animation-input-array" count="42">

0.000000 0.033333 0.066667 0.100000 0.133333 0.166667 0.200000 0.233333 0.266667 0.300000 0.333333 0.366667 0.400000 0.433333 0.466667 0.500000
0.533333 0.566667 0.600000 0.633333 0.666667 0.700000 0.733333 0.766667 0.800000 0.833333 0.866667 0.900000 0.933333 0.966667 1.000000 1.033333
1.066667 1.100000 1.133333 1.166667 1.200000 1.233333 1.266667 1.300000 1.333333 1.366667</float_array>
        <technique_common>
          <accessor source="#mixamorig_RightUpLeg-Matrix-animation-input-array" count="42">
            <param name="TIME" type="float"/>
          </accessor>
        </technique_common>
      </source>
      <source id="mixamorig_RightUpLeg-Matrix-animation-output-transform">
        <float_array id="mixamorig_RightUpLeg-Matrix-animation-output-transform-array" count="672">

-0.904808 -0.418065 -0.080890 -13.580900 0.334799 -0.815830 0.471520 -8.149200 -0.263118 0.399553 0.878138 -2.255300 0.000000 0.000000 0.000000 1.000000
-0.904031 -0.422724 -0.063502 -13.580900 0.339179 -0.799769 0.495304 -8.149200 -0.260163 0.426232 0.866396 -2.255300 0.000000 0.000000 0.000000 1.000000
-0.901981 -0.429577 -0.043513 -13.580900 0.346305 -0.779939 0.521313 -8.149200 -0.257882 0.455146 0.852255 -2.255300 0.000000 0.000000 0.000000 1.000000
-0.898569 -0.438282 -0.021955 -13.580900 0.355863 -0.757041 0.547951 -8.149200 -0.256778 0.484559 0.836223 -2.255300 0.000000 0.000000 0.000000 1.000000
-0.894259 -0.447548 0.001192 -13.580900 0.367297 -0.732380 0.573335 -8.149200 -0.255722 0.513148 0.819320 -2.255300 0.000000 0.000000 0.000000 1.000000
-0.889267 -0.456667 0.025673 -13.580900 0.380914 -0.708344 0.594268 -8.149200 -0.253197 0.538242 0.803858 -2.255300 0.000000 0.000000 0.000000 1.000000
-0.883464 -0.465985 0.048468 -13.580900 0.396768 -0.689171 0.606316 -8.149200 -0.249131 0.554889 0.793746 -2.255300 0.000000 0.000000 0.000000 1.000000
-0.877307 -0.475437 0.065511 -13.580900 0.413598 -0.679735 0.605720 -8.149200 -0.243452 0.558498 0.792976 -2.255300 0.000000 0.000000 0.000000 1.000000
-0.871103 -0.485526 0.073776 -13.580900 0.431439 -0.684829 0.587256 -8.149200 -0.234604 0.543391 0.806032 -2.255300 0.000000 0.000000 0.000000 1.000000
-0.864552 -0.498112 0.066596 -13.580900 0.450192 -0.708766 0.543118 -8.149200 -0.223333 0.499535 0.837011 -2.255300 0.000000 0.000000 0.000000 1.000000
-0.863776 -0.502734 0.033919 -13.580900 0.458209 -0.755704 0.467927 -8.149200 -0.209610 0.419726 0.883116 -2.255300 0.000000 0.000000 0.000000 1.000000
-0.876613 -0.480643 -0.023058 -13.580900 0.440801 -0.821319 0.362119 -8.149200 -0.192988 0.307274 0.931847 -2.255300 0.000000 0.000000 0.000000 1.000000
-0.902051 -0.423948 -0.081068 -13.580900 0.394671 -0.886176 0.242751 -8.149200 -0.174754 0.186978 0.966695 -2.255300 0.000000 0.000000 0.000000 1.000000
-0.933941 -0.330766 -0.135457 -13.580900 0.318737 -0.942214 0.103145 -8.149200 -0.161746 0.053157 0.985400 -2.255300 0.000000 0.000000 0.000000 1.000000
-0.961643 -0.212942 -0.172912 -13.580900 0.224182 -0.973360 -0.048082 -8.149200 -0.158067 -0.085001 0.983763 -2.255300 0.000000 0.000000 0.000000 1.000000
-0.978963 -0.105779 -0.174476 -13.580900 0.138976 -0.971776 -0.190622 -8.149200 -0.149388 -0.210860 0.966034 -2.255300 0.000000 0.000000 0.000000 1.000000
-0.986225 -0.053876 -0.156390 -13.580900 0.097845 -0.952330 -0.288954 -8.149200 -0.133368 -0.300275 0.944483 -2.255300 0.000000 0.000000 0.000000 1.000000
-0.984495 -0.064183 -0.163249 -13.580900 0.112818 -0.944314 -0.309101 -8.149200 -0.134319 -0.322726 0.936913 -2.255300 0.000000 0.000000 0.000000 1.000000
-0.980975 -0.070867 -0.180736 -13.580900 0.129417 -0.932663 -0.336734 -8.149200 -0.144702 -0.353718 0.924091 -2.255300 0.000000 0.000000 0.000000 1.000000
-0.981899 -0.047045 -0.183468 -13.580900 0.112836 -0.923301 -0.367129 -8.149200 -0.152125 -0.381186 0.911897 -2.255300 0.000000 0.000000 0.000000 1.000000
-0.982255 -0.023310 -0.186097 -13.580900 0.092222 -0.924034 -0.371021 -8.149200 -0.163312 -0.381600 0.909786 -2.255300 0.000000 0.000000 0.000000 1.000000
-0.978763 -0.037549 -0.201526 -13.580900 0.102338 -0.941315 -0.321640 -8.149200 -0.177623 -0.335433 0.925167 -2.255300 0.000000 0.000000 0.000000 1.000000
-0.971992 -0.089978 -0.217107 -13.580900 0.145081 -0.956495 -0.253117 -8.149200 -0.184887 -0.277526 0.942760 -2.255300 0.000000 0.000000 0.000000 1.000000
-0.958642 -0.164396 -0.232333 -13.580900 0.206171 -0.963869 -0.168671 -8.149200 -0.196210 -0.209596 0.957899 -2.255300 0.000000 0.000000 0.000000 1.000000
-0.939188 -0.239921 -0.245692 -13.580900 0.262819 -0.962681 -0.064591 -8.149200 -0.221026 -0.125235 0.967194 -2.255300 0.000000 0.000000 0.000000 1.000000
-0.922722 -0.294841 -0.248299 -13.580900 0.292510 -0.955101 0.047110 -8.149200 -0.251040 -0.029161 0.967537 -2.255300 0.000000 0.000000 0.000000 1.000000
-0.914693 -0.325287 -0.239844 -13.580900 0.298780 -0.943894 0.140693 -8.149200 -0.272153 0.057030 0.960563 -2.255300 0.000000 0.000000 0.000000 1.000000
-0.912368 -0.341127 -0.226314 -13.580900 0.297726 -0.932359 0.205100 -8.149200 -0.280971 0.119747 0.952216 -2.255300 0.000000 0.000000 0.000000 1.000000
-0.910390 -0.356250 -0.210418 -13.580900 0.301120 -0.919262 0.253542 -8.149200 -0.283753 0.167461 0.944161 -2.255300 0.000000 0.000000 0.000000 1.000000
-0.906661 -0.374624 -0.193966 -13.580900 0.308759 -0.902587 0.300009 -8.149200 -0.287462 0.212117 0.934009 -2.255300 0.000000 0.000000 0.000000 1.000000
-0.903900 -0.391217 -0.172958 -13.580900 0.314111 -0.881552 0.352420 -8.149200 -0.290344 0.264225 0.919720 -2.255300 0.000000 0.000000 0.000000 1.000000
-0.903299 -0.401439 -0.151317 -13.580900 0.316816 -0.862022 0.395658 -8.149200 -0.289272 0.309458 0.905846 -2.255300 0.000000 0.000000 0.000000 1.000000
-0.903615 -0.406800 -0.134142 -13.580900 0.318374 -0.847346 0.425022 -8.149200 -0.286563 0.341349 0.895189 -2.255300 0.000000 0.000000 0.000000 1.000000
-0.903669 -0.409799 -0.124290 -13.580900 0.320089 -0.839191 0.439662 -8.149200 -0.284476 0.357525 0.889522 -2.255300 0.000000 0.000000 0.000000 1.000000
-0.903801 -0.410776 -0.120031 -13.580900 0.321500 -0.836845 0.443091 -8.149200 -0.282458 0.361876 0.888405 -2.255300 0.000000 0.000000 0.000000 1.000000
-0.904261 -0.410392 -0.117859 -13.580900 0.322506 -0.837368 0.441367 -8.149200 -0.279825 0.361101 0.889553 -2.255300 0.000000 0.000000 0.000000 1.000000
-0.903754 -0.411363 -0.118356 -13.580900 0.324196 -0.838345 0.438263 -8.149200 -0.279508 0.357712 0.891020 -2.255300 0.000000 0.000000 0.000000 1.000000
-0.901906 -0.414267 -0.122262 -13.580900 0.326564 -0.839268 0.434724 -8.149200 -0.282703 0.352153 0.892226 -2.255300 0.000000 0.000000 0.000000 1.000000
-0.900182 -0.416539 -0.127148 -13.580900 0.328290 -0.840837 0.430371 -8.149200 -0.286177 0.345671 0.893652 -2.255300 0.000000 0.000000 0.000000 1.000000
-0.899830 -0.416219 -0.130644 -13.580900 0.328567 -0.843628 0.424659 -8.149200 -0.286966 0.339196 0.895878 -2.255300 0.000000 0.000000 0.000000 1.000000
-0.900292 -0.414359 -0.133342 -13.580900 0.328085 -0.847267 0.417732 -8.149200 -0.286067 0.332333 0.898733 -2.255300 0.000000 0.000000 0.000000 1.000000
-0.900559 -0.412846 -0.136205 -13.580900 0.328008 -0.850887 0.410368 -8.149200 -0.285314 0.324885 0.901691 -2.255300 0.000000 0.000000 0.000000 1.000000</float_array>
        <technique_common>
          <accessor source="#mixamorig_RightUpLeg-Matrix-animation-output-transform-array" count="42" stride="16">
            <param type="float4x4"/>
          </accessor>
        </technique_common>
      </source>
      <source id="mixamorig_RightUpLeg-Interpolations">
        <Name_array id="mixamorig_RightUpLeg-Interpolations-array" count="42">
 LINEAR LINEAR LINEAR LINEAR LINEAR LINEAR LINEAR LINEAR LINEAR LINEAR LINEAR
LINEAR LINEAR LINEAR LINEAR LINEAR LINEAR LINEAR LINEAR LINEAR LINEAR LINEAR LINEAR
LINEAR LINEAR LINEAR LINEAR LINEAR LINEAR LINEAR LINEAR LINEAR LINEAR LINEAR LINEAR
LINEAR LINEAR LINEAR LINEAR LINEAR LINEAR LINEAR</Name_array>
        <technique_common>
          <accessor source="#mixamorig_RightUpLeg-Interpolations-array" count="42">
            <param type="name"/>
          </accessor>
        </technique_common>
      </source>
      <sampler id="mixamorig_RightUpLeg-Matrix-animation-transform">
        <input semantic="INPUT" source="#mixamorig_RightUpLeg-Matrix-animation-input"/>
        <input semantic="OUTPUT" source="#mixamorig_RightUpLeg-Matrix-animation-output-transform"/>
        <input semantic="INTERPOLATION" source="#mixamorig_RightUpLeg-Interpolations"/>
      </sampler>
      <channel source="#mixamorig_RightUpLeg-Matrix-animation-transform" target="mixamorig_RightUpLeg/matrix"/>
    </animation>
    <animation id="mixamorig_RightLeg-anim" name="mixamorig_RightLeg">
      <source id="mixamorig_RightLeg-Matrix-animation-input">
        <float_array id="mixamorig_RightLeg-Matrix-animation-input-array" count="42">

0.000000 0.033333 0.066667 0.100000 0.133333 0.166667 0.200000 0.233333 0.266667 0.300000 0.333333 0.366667 0.400000 0.433333 0.466667 0.500000
0.533333 0.566667 0.600000 0.633333 0.666667 0.700000 0.733333 0.766667 0.800000 0.833333 0.866667 0.900000 0.933333 0.966667 1.000000 1.033333
1.066667 1.100000 1.133333 1.166667 1.200000 1.233333 1.266667 1.300000 1.333333 1.366667</float_array>
        <technique_common>
          <accessor source="#mixamorig_RightLeg-Matrix-animation-input-array" count="42">
            <param name="TIME" type="float"/>
          </accessor>
        </technique_common>
      </source>
      <source id="mixamorig_RightLeg-Matrix-animation-output-transform">
        <float_array id="mixamorig_RightLeg-Matrix-animation-output-transform-array" count="672">

0.991526 -0.019208 -0.128482 0.000000 0.116247 0.572685 0.811491 36.065201 0.057993 -0.819550 0.570065 0.000000 0.000000 0.000000 0.000000 1.000000
0.991561 -0.014094 -0.128871 0.000000 0.114348 0.563457 0.818193 36.065201 0.061082 -0.826025 0.560314 0.000000 0.000000 0.000000 0.000000 1.000000
0.991498 -0.008330 -0.129851 0.000000 0.113199 0.547323 0.829230 36.065201 0.064163 -0.836880 0.543613 -0.000000 0.000000 0.000000 0.000000 1.000000
0.991067 -0.000706 -0.133364 -0.000000 0.113808 0.525808 0.842955 36.065201 0.069529 -0.850603 0.521191 0.000000 0.000000 0.000000 0.000000 1.000000
0.990189 0.010468 -0.139343 0.000000 0.115320 0.501935 0.857183 36.065201 0.078914 -0.864842 0.495803 0.000000 0.000000 0.000000 0.000000 1.000000
0.988793 0.026306 -0.146954 0.000000 0.116563 0.478992 0.870046 36.065201 0.093277 -0.877425 0.470557 0.000000 0.000000 0.000000 0.000000 1.000000
0.986743 0.045410 -0.155805 0.000000 0.117726 0.460531 0.879802 36.065201 0.111705 -0.886481 0.449080 0.000000 0.000000 0.000000 0.000000 1.000000
0.984204 0.064803 -0.164753 0.000000 0.118780 0.448361 0.885925 36.065201 0.131279 -0.891500 0.433582 -0.000000 0.000000 0.000000 0.000000 1.000000
0.981339 0.079433 -0.175114 0.000000 0.122455 0.443979 0.887630 36.065201 0.148254 -0.892509 0.425966 0.000000 0.000000 0.000000 0.000000 1.000000
0.979115 0.081626 -0.186201 0.000000 0.130620 0.449265 0.883798 36.065201 0.155794 -0.889662 0.429220 -0.000000 0.000000 0.000000 0.000000 1.000000
0.980028 0.079119 -0.182440 0.000000 0.124804 0.469543 0.874044 36.065201 0.154817 -0.879358 0.450291 -0.000000 0.000000 0.000000 0.000000 1.000000
0.982870 0.072703 -0.169354 0.000000 0.110455 0.503220 0.857070 36.065201 0.147534 -0.861094 0.486570 0.000000 0.000000 0.000000 0.000000 1.000000
0.983736 0.058315 -0.169893 -0.000000 0.111855 0.541182 0.833433 36.065201 0.140544 -0.838881 0.525857 0.000000 0.000000 0.000000 0.000000 1.000000
0.985472 0.031582 -0.166879 0.000000 0.109836 0.630939 0.768018 36.065201 0.129545 -0.775189 0.618304 0.000000 0.000000 0.000000 0.000000 1.000000
0.989168 0.000287 -0.146789 0.000000 0.092855 0.773278 0.627232 36.065201 0.113689 -0.634067 0.764875 -0.000000 0.000000 0.000000 0.000000 1.000000
0.991995 -0.015457 -0.125325 0.000000 0.063629 0.918459 0.390363 36.065201 0.109072 -0.395213 0.912091 0.000000 0.000000 0.000000 0.000000 1.000000
0.994639 -0.007802 -0.103115 0.000000 0.025975 0.984030 0.176097 36.065201 0.100094 -0.177831 0.978957 0.000000 0.000000 0.000000 0.000000 1.000000
0.998695 -0.005994 -0.050719 0.000000 0.014531 0.985395 0.169665 36.065201 0.048961 -0.170180 0.984196 0.000000 0.000000 0.000000 0.000000 1.000000
0.999728 -0.017111 0.015847 0.000000 0.014251 0.986078 0.165671 36.065201 -0.018462 -0.165400 0.986054 0.000000 0.000000 0.000000 0.000000 1.000000
0.995955 -0.032686 0.083700 -0.000000 0.018934 0.986919 0.160099 36.065201 -0.087838 -0.157867 0.983546 0.000000 0.000000 0.000000 0.000000 1.000000
0.993717 -0.047327 0.101426 0.000000 0.025689 0.978450 0.204880 36.065201 -0.108937 -0.200987 0.973518 0.000000 0.000000 0.000000 0.000000 1.000000
0.998308 -0.038773 0.043333 0.000000 0.022150 0.942618 0.333139 36.065201 -0.053763 -0.331616 0.941881 0.000000 0.000000 0.000000 0.000000 1.000000
0.999500 -0.016973 -0.026685 0.000000 0.026869 0.900774 0.433456 36.065201 0.016680 -0.433956 0.900780 0.000000 0.000000 0.000000 0.000000 1.000000
0.996498 0.000834 -0.083607 0.000000 0.041128 0.865724 0.498830 36.065201 0.072797 -0.500522 0.862658 -0.000000 0.000000 0.000000 0.000000 1.000000
0.994965 0.008683 -0.099843 -0.000000 0.048585 0.829555 0.556307 36.065201 0.087655 -0.558357 0.824957 -0.000000 0.000000 0.000000 0.000000 1.000000
0.994882 0.004513 -0.100940 0.000000 0.058286 0.790395 0.609819 36.065201 0.082535 -0.612581 0.786087 -0.000000 0.000000 0.000000 0.000000 1.000000
0.996983 -0.016007 -0.075956 -0.000000 0.061331 0.762246 0.644375 36.065201 0.047582 -0.647089 0.760928 -0.000000 0.000000 0.000000 0.000000 1.000000
0.998054 -0.032191 -0.053404 0.000000 0.059112 0.761058 0.645985 36.065201 0.019848 -0.647885 0.761480 -0.000000 0.000000 0.000000 0.000000 1.000000
0.997253 -0.039734 -0.062519 0.000000 0.070559 0.766499 0.638358 36.065201 0.022557 -0.641015 0.767197 0.000000 0.000000 0.000000 0.000000 1.000000
0.996158 -0.046239 -0.074368 0.000000 0.083521 0.756935 0.648131 36.065201 0.026323 -0.651852 0.757889 0.000000 0.000000 0.000000 0.000000 1.000000
0.995354 -0.048871 -0.082954 0.000000 0.092829 0.715741 0.692168 36.065201 0.025547 -0.696653 0.716953 0.000000 0.000000 0.000000 0.000000 1.000000
0.994833 -0.045871 -0.090576 0.000000 0.098047 0.665680 0.739768 36.065201 0.026361 -0.744826 0.666738 0.000000 0.000000 0.000000 0.000000 1.000000
0.994500 -0.041813 -0.096029 0.000000 0.101029 0.624793 0.774227 36.065201 0.027625 -0.779670 0.625580 0.000000 0.000000 0.000000 0.000000 1.000000
0.993935 -0.039654 -0.102567 -0.000000 0.105853 0.597691 0.794708 36.065201 0.029790 -0.800746 0.598263 0.000000 0.000000 0.000000 0.000000 1.000000
0.993260 -0.038965 -0.109164 0.000000 0.111267 0.584401 0.803800 36.065201 0.032475 -0.810529 0.584797 0.000000 0.000000 0.000000 0.000000 1.000000
0.992729 -0.037903 -0.114252 0.000000 0.114966 0.579840 0.806578 36.065201 0.035676 -0.813848 0.579982 0.000000 0.000000 0.000000 0.000000 1.000000
0.992168 -0.037751 -0.119066 0.000000 0.118805 0.579522 0.806251 36.065201 0.038564 -0.814082 0.579468 0.000000 0.000000 0.000000 0.000000 1.000000
0.991484 -0.040038 -0.123924 0.000000 0.124017 0.580705 0.804613 36.065201 0.039748 -0.813129 0.580725 0.000000 0.000000 0.000000 0.000000 1.000000
0.990862 -0.042932 -0.127866 0.000000 0.128826 0.582063 0.802874 36.065201 0.039957 -0.812010 0.582275 0.000000 0.000000 0.000000 0.000000 1.000000
0.990487 -0.044156 -0.130327 -0.000000 0.131490 0.582897 0.801836 36.065201 0.040561 -0.811346 0.583158 -0.000000 0.000000 0.000000 0.000000 1.000000
0.990317 -0.043954 -0.131679 0.000000 0.132465 0.582927 0.801654 36.065201 0.041523 -0.811335 0.583105 0.000000 0.000000 0.000000 0.000000 1.000000
0.990311 -0.043446 -0.131897 0.000000 0.132427 0.581383 0.802781 36.065201 0.041805 -0.812469 0.581503 0.000000 0.000000 0.000000 0.000000 1.000000</float_array>
        <technique_common>
          <accessor source="#mixamorig_RightLeg-Matrix-animation-output-transform-array" count="42" stride="16">
            <param type="float4x4"/>
          </accessor>
        </technique_common>
      </source>
      <source id="mixamorig_RightLeg-Interpolations">
        <Name_array id="mixamorig_RightLeg-Interpolations-array" count="42">
 LINEAR LINEAR LINEAR LINEAR LINEAR LINEAR LINEAR LINEAR LINEAR LINEAR LINEAR
LINEAR LINEAR LINEAR LINEAR LINEAR LINEAR LINEAR LINEAR LINEAR LINEAR LINEAR LINEAR
LINEAR LINEAR LINEAR LINEAR LINEAR LINEAR LINEAR LINEAR LINEAR LINEAR LINEAR LINEAR
LINEAR LINEAR LINEAR LINEAR LINEAR LINEAR LINEAR</Name_array>
        <technique_common>
          <accessor source="#mixamorig_RightLeg-Interpolations-array" count="42">
            <param type="name"/>
          </accessor>
        </technique_common>
      </source>
      <sampler id="mixamorig_RightLeg-Matrix-animation-transform">
        <input semantic="INPUT" source="#mixamorig_RightLeg-Matrix-animation-input"/>
        <input semantic="OUTPUT" source="#mixamorig_RightLeg-Matrix-animation-output-transform"/>
        <input semantic="INTERPOLATION" source="#mixamorig_RightLeg-Interpolations"/>
      </sampler>
      <channel source="#mixamorig_RightLeg-Matrix-animation-transform" target="mixamorig_RightLeg/matrix"/>
    </animation>
    <animation id="mixamorig_RightFoot-anim" name="mixamorig_RightFoot">
      <source id="mixamorig_RightFoot-Matrix-animation-input">
        <float_array id="mixamorig_RightFoot-Matrix-animation-input-array" count="42">

0.000000 0.033333 0.066667 0.100000 0.133333 0.166667 0.200000 0.233333 0.266667 0.300000 0.333333 0.366667 0.400000 0.433333 0.466667 0.500000
0.533333 0.566667 0.600000 0.633333 0.666667 0.700000 0.733333 0.766667 0.800000 0.833333 0.866667 0.900000 0.933333 0.966667 1.000000 1.033333
1.066667 1.100000 1.133333 1.166667 1.200000 1.233333 1.266667 1.300000 1.333333 1.366667</float_array>
        <technique_common>
          <accessor source="#mixamorig_RightFoot-Matrix-animation-input-array" count="42">
            <param name="TIME" type="float"/>
          </accessor>
        </technique_common>
      </source>
      <source id="mixamorig_RightFoot-Matrix-animation-output-transform">
        <float_array id="mixamorig_RightFoot-Matrix-animation-output-transform-array" count="672">

0.956163 -0.225174 0.187214 0.000000 0.159132 -0.137142 -0.977686 26.793200 0.245824 0.964618 -0.095298 -0.000000 0.000000 0.000000 0.000000 1.000000
0.951025 -0.254420 0.175562 0.000000 0.147120 -0.126959 -0.980937 26.793200 0.271860 0.958724 -0.083311 -0.000000 0.000000 0.000000 0.000000 1.000000
0.943318 -0.288645 0.163817 0.000000 0.134178 -0.119778 -0.983692 26.793200 0.303559 0.949915 -0.074259 -0.000000 0.000000 0.000000 0.000000 1.000000
0.933465 -0.324040 0.153755 0.000000 0.122262 -0.115529 -0.985751 26.793200 0.337186 0.938963 -0.068224 0.000000 0.000000 0.000000 0.000000 1.000000
0.922364 -0.356736 0.148268 -0.000000 0.114388 -0.114391 -0.986828 26.793200 0.368998 0.927175 -0.064704 0.000000 0.000000 0.000000 0.000000 1.000000
0.911037 -0.384102 0.149924 0.000000 0.113051 -0.116981 -0.986679 26.793200 0.396524 0.915850 -0.063150 -0.000000 0.000000 0.000000 0.000000 1.000000
0.900823 -0.403756 0.159682 0.000000 0.119170 -0.123731 -0.985134 26.793200 0.417511 0.906461 -0.063344 0.000000 0.000000 0.000000 0.000000 1.000000
0.893712 -0.411802 0.178037 0.000000 0.133039 -0.135727 -0.981773 26.793200 0.428461 0.901109 -0.066515 0.000000 0.000000 0.000000 0.000000 1.000000
0.892366 -0.402112 0.204912 0.000000 0.154344 -0.154749 -0.975823 26.793200 0.424100 0.902418 -0.076029 0.000000 0.000000 0.000000 0.000000 1.000000
0.897477 -0.371313 0.238036 0.000000 0.180498 -0.183228 -0.966358 26.793200 0.402436 0.910250 -0.097422 0.000000 0.000000 0.000000 0.000000 1.000000
0.903132 -0.324882 0.280721 0.000000 0.215710 -0.221989 -0.950889 26.793200 0.371244 0.919333 -0.130406 0.000000 0.000000 0.000000 0.000000 1.000000
0.918416 -0.250706 0.306035 0.000000 0.240870 -0.259303 -0.935277 26.793200 0.313836 0.932689 -0.177761 -0.000000 0.000000 0.000000 0.000000 1.000000
0.925825 -0.191860 0.325633 0.000000 0.278373 -0.236615 -0.930871 26.793200 0.255647 0.952472 -0.165656 -0.000000 0.000000 0.000000 0.000000 1.000000
0.923031 -0.183114 0.338354 0.000000 0.310858 -0.163195 -0.936341 26.793200 0.226675 0.969452 -0.093712 0.000000 0.000000 0.000000 0.000000 1.000000
0.920591 -0.211087 0.328564 0.000000 0.321117 -0.069657 -0.944474 26.793200 0.222253 0.974982 0.003658 0.000000 0.000000 0.000000 0.000000 1.000000
0.915583 -0.220046 0.336582 0.000000 0.351360 0.030660 -0.935738 26.793200 0.195586 0.975008 0.105388 0.000000 0.000000 0.000000 0.000000 1.000000
0.924591 -0.185382 0.332814 0.000000 0.356195 0.110818 -0.927817 26.793200 0.135119 0.976398 0.168494 0.000000 0.000000 0.000000 0.000000 1.000000
0.925391 -0.184715 0.330957 0.000000 0.353423 0.105118 -0.929539 26.793200 0.136911 0.977154 0.162558 0.000000 0.000000 0.000000 0.000000 1.000000
0.921198 -0.195167 0.336605 0.000000 0.362162 0.113834 -0.925138 26.793200 0.142240 0.974141 0.175546 0.000000 0.000000 0.000000 0.000000 1.000000
0.929262 -0.186401 0.318948 -0.000000 0.345525 0.133065 -0.928928 26.793200 0.130713 0.973421 0.188059 -0.000000 0.000000 0.000000 0.000000 1.000000
0.942056 -0.176160 0.285478 0.000000 0.311373 0.142574 -0.939531 26.793200 0.124806 0.973982 0.189164 0.000000 0.000000 0.000000 0.000000 1.000000
0.946632 -0.177719 0.268895 0.000000 0.291216 0.114048 -0.949835 26.793200 0.138137 0.977450 0.159716 -0.000000 0.000000 0.000000 0.000000 1.000000
0.939621 -0.214051 0.267009 0.000000 0.292131 0.095315 -0.951617 26.793200 0.178245 0.972161 0.152091 0.000000 0.000000 0.000000 0.000000 1.000000
0.921903 -0.255838 0.290932 0.000000 0.320568 0.082045 -0.943666 26.793200 0.217556 0.963232 0.157651 0.000000 0.000000 0.000000 0.000000 1.000000
0.899918 -0.286725 0.328536 0.000000 0.361616 0.069681 -0.929719 26.793200 0.243681 0.955475 0.166392 -0.000000 0.000000 0.000000 0.000000 1.000000
0.896554 -0.254340 0.362632 -0.000000 0.389970 0.065040 -0.918528 26.793200 0.210033 0.964925 0.157497 0.000000 0.000000 0.000000 0.000000 1.000000
0.904606 -0.203089 0.374757 0.000000 0.393453 0.059656 -0.917407 26.793200 0.163959 0.977341 0.133871 0.000000 0.000000 0.000000 0.000000 1.000000
0.913721 -0.175466 0.366504 0.000000 0.378901 0.042085 -0.924480 26.793200 0.146790 0.983586 0.104938 0.000000 0.000000 0.000000 0.000000 1.000000
0.927386 -0.165667 0.335424 0.000000 0.339915 -0.001320 -0.940455 26.793200 0.156245 0.986181 0.055088 -0.000000 0.000000 0.000000 0.000000 1.000000
0.933794 -0.181295 0.308480 0.000000 0.305057 -0.047188 -0.951164 26.793200 0.186998 0.982296 0.011241 0.000000 0.000000 0.000000 0.000000 1.000000
0.937649 -0.200578 0.283873 0.000000 0.273115 -0.080010 -0.958648 26.793200 0.214996 0.976405 -0.020240 -0.000000 0.000000 0.000000 0.000000 1.000000
0.940097 -0.211445 0.267411 0.000000 0.250008 -0.105662 -0.962461 26.793200 0.231763 0.971662 -0.046469 0.000000 0.000000 0.000000 0.000000 1.000000
0.942393 -0.218660 0.253146 0.000000 0.229902 -0.126329 -0.964980 26.793200 0.242982 0.967589 -0.068782 0.000000 0.000000 0.000000 0.000000 1.000000
0.945289 -0.220861 0.240101 0.000000 0.212750 -0.140595 -0.966939 26.793200 0.247316 0.965118 -0.085915 0.000000 0.000000 0.000000 0.000000 1.000000
0.948486 -0.218637 0.229287 0.000000 0.199972 -0.148193 -0.968530 26.793200 0.245735 0.964488 -0.096838 0.000000 0.000000 0.000000 0.000000 1.000000
0.951331 -0.213932 0.221817 0.000000 0.191723 -0.152668 -0.969502 26.793200 0.241272 0.964845 -0.104222 0.000000 0.000000 0.000000 0.000000 1.000000
0.953713 -0.209778 0.215463 0.000000 0.185155 -0.154946 -0.970417 26.793200 0.236958 0.965394 -0.108933 -0.000000 0.000000 0.000000 0.000000 1.000000
0.955637 -0.207702 0.208850 0.000000 0.178389 -0.156102 -0.971499 26.793200 0.234384 0.965656 -0.112126 0.000000 0.000000 0.000000 0.000000 1.000000
0.957208 -0.205610 0.203661 -0.000000 0.172973 -0.157731 -0.972215 26.793200 0.232021 0.965839 -0.115417 0.000000 0.000000 0.000000 0.000000 1.000000
0.958679 -0.200469 0.201857 0.000000 0.171139 -0.160414 -0.972100 26.793200 0.227256 0.966478 -0.119477 0.000000 0.000000 0.000000 0.000000 1.000000
0.960067 -0.192743 0.202786 0.000000 0.172303 -0.163704 -0.971346 26.793200 0.220417 0.967497 -0.123956 -0.000000 0.000000 0.000000 0.000000 1.000000
0.961116 -0.184665 0.205315 0.000000 0.174582 -0.169727 -0.969904 26.793200 0.213955 0.968035 -0.130889 0.000000 0.000000 0.000000 0.000000 1.000000</float_array>
        <technique_common>
          <accessor source="#mixamorig_RightFoot-Matrix-animation-output-transform-array" count="42" stride="16">
            <param type="float4x4"/>
          </accessor>
        </technique_common>
      </source>
      <source id="mixamorig_RightFoot-Interpolations">
        <Name_array id="mixamorig_RightFoot-Interpolations-array" count="42">
 LINEAR LINEAR LINEAR LINEAR LINEAR LINEAR LINEAR LINEAR LINEAR LINEAR LINEAR
LINEAR LINEAR LINEAR LINEAR LINEAR LINEAR LINEAR LINEAR LINEAR LINEAR LINEAR LINEAR
LINEAR LINEAR LINEAR LINEAR LINEAR LINEAR LINEAR LINEAR LINEAR LINEAR LINEAR LINEAR
LINEAR LINEAR LINEAR LINEAR LINEAR LINEAR LINEAR</Name_array>
        <technique_common>
          <accessor source="#mixamorig_RightFoot-Interpolations-array" count="42">
            <param type="name"/>
          </accessor>
        </technique_common>
      </source>
      <sampler id="mixamorig_RightFoot-Matrix-animation-transform">
        <input semantic="INPUT" source="#mixamorig_RightFoot-Matrix-animation-input"/>
        <input semantic="OUTPUT" source="#mixamorig_RightFoot-Matrix-animation-output-transform"/>
        <input semantic="INTERPOLATION" source="#mixamorig_RightFoot-Interpolations"/>
      </sampler>
      <channel source="#mixamorig_RightFoot-Matrix-animation-transform" target="mixamorig_RightFoot/matrix"/>
    </animation>
    <animation id="mixamorig_RightToeBase-anim" name="mixamorig_RightToeBase">
      <source id="mixamorig_RightToeBase-Matrix-animation-input">
        <float_array id="mixamorig_RightToeBase-Matrix-animation-input-array" count="42">

0.000000 0.033333 0.066667 0.100000 0.133333 0.166667 0.200000 0.233333 0.266667 0.300000 0.333333 0.366667 0.400000 0.433333 0.466667 0.500000
0.533333 0.566667 0.600000 0.633333 0.666667 0.700000 0.733333 0.766667 0.800000 0.833333 0.866667 0.900000 0.933333 0.966667 1.000000 1.033333
1.066667 1.100000 1.133333 1.166667 1.200000 1.233333 1.266667 1.300000 1.333333 1.366667</float_array>
        <technique_common>
          <accessor source="#mixamorig_RightToeBase-Matrix-animation-input-array" count="42">
            <param name="TIME" type="float"/>
          </accessor>
        </technique_common>
      </source>
      <source id="mixamorig_RightToeBase-Matrix-animation-output-transform">
        <float_array id="mixamorig_RightToeBase-Matrix-animation-output-transform-array" count="672">

0.998803 0.020351 0.044480 0.000000 -0.000000 0.909346 -0.416040 14.952100 -0.048914 0.415542 0.908258 0.000000 0.000000 0.000000 0.000000 1.000000
0.998803 0.020350 0.044480 0.000000 -0.000000 0.909346 -0.416040 14.952100 -0.048914 0.415542 0.908258 -0.000000 0.000000 0.000000 0.000000 1.000000
0.998803 0.020350 0.044480 0.000000 0.000000 0.909346 -0.416040 14.952100 -0.048914 0.415542 0.908258 -0.000000 0.000000 0.000000 0.000000 1.000000
0.998803 0.020350 0.044480 0.000000 0.000000 0.909346 -0.416040 14.952100 -0.048914 0.415542 0.908258 0.000000 0.000000 0.000000 0.000000 1.000000
0.998803 0.020350 0.044480 0.000000 -0.000000 0.909346 -0.416040 14.952100 -0.048914 0.415542 0.908258 0.000000 0.000000 0.000000 0.000000 1.000000
0.998803 0.020350 0.044480 0.000000 0.000000 0.909346 -0.416040 14.952100 -0.048914 0.415542 0.908258 0.000000 0.000000 0.000000 0.000000 1.000000
0.998803 0.020350 0.044480 0.000000 0.000000 0.909346 -0.416040 14.952100 -0.048914 0.415542 0.908258 -0.000000 0.000000 0.000000 0.000000 1.000000
0.998803 0.020351 0.044480 0.000000 -0.000001 0.909346 -0.416040 14.952100 -0.048915 0.415542 0.908258 0.000000 0.000000 0.000000 0.000000 1.000000
0.998803 0.020350 0.044480 0.000000 0.000000 0.909346 -0.416040 14.952100 -0.048914 0.415542 0.908258 0.000000 0.000000 0.000000 0.000000 1.000000
0.998819 0.020276 0.044149 0.000000 0.000132 0.907609 -0.419816 14.952100 -0.048582 0.419326 0.906535 -0.000000 0.000000 0.000000 0.000000 1.000000
0.998876 0.020002 0.042984 -0.000000 0.000586 0.901370 -0.433049 14.952100 -0.047407 0.432588 0.900345 0.000000 0.000000 0.000000 0.000000 1.000000
0.998970 0.019486 0.040972 0.000000 0.001333 0.890070 -0.455822 14.952100 -0.045350 0.455407 0.889128 0.000000 0.000000 0.000000 0.000000 1.000000
0.997979 0.017979 0.060949 -0.000000 0.015524 0.861102 -0.508196 14.952100 -0.061620 0.508115 0.859082 -0.000000 0.000000 0.000000 0.000000 1.000000
0.999203 0.015863 0.036627 0.000000 0.008499 0.812035 -0.583546 14.952100 -0.038999 0.583393 0.811253 0.000000 0.000000 0.000000 0.000000 1.000000
0.999947 0.009657 0.003494 0.000000 -0.005141 0.765199 -0.643773 14.952100 -0.008890 0.643721 0.765208 0.000000 0.000000 0.000000 0.000000 1.000000
0.999000 0.004467 -0.044486 -0.000000 -0.031306 0.780263 -0.624668 14.952100 0.031920 0.625436 0.779622 0.000000 0.000000 0.000000 0.000000 1.000000
0.998410 0.008332 -0.055749 0.000000 -0.038709 0.820293 -0.570631 14.952100 0.040976 0.571882 0.819312 0.000000 0.000000 0.000000 0.000000 1.000000
0.998208 0.011771 -0.058662 -0.000000 -0.041508 0.842389 -0.537270 14.952100 0.043092 0.538742 0.841368 0.000000 0.000000 0.000000 0.000000 1.000000
0.998260 0.007705 -0.058464 -0.000000 -0.039713 0.820729 -0.569936 14.952100 0.043592 0.571266 0.819606 0.000000 0.000000 0.000000 0.000000 1.000000
0.999357 0.002488 -0.035777 0.000000 -0.024684 0.771412 -0.635857 14.952100 0.026017 0.636331 0.770977 -0.000000 0.000000 0.000000 0.000000 1.000000
0.999970 0.002521 -0.007319 0.000000 -0.006977 0.703002 -0.711154 14.952100 0.003352 0.711183 0.702999 0.000000 0.000000 0.000000 0.000000 1.000000
0.999858 0.007165 0.015261 0.000000 0.006448 0.673855 -0.738835 14.952100 -0.015577 0.738829 0.673713 0.000000 0.000000 0.000000 0.000000 1.000000
0.999712 0.009250 0.022127 0.000000 0.009835 0.683366 -0.730009 14.952100 -0.021874 0.730017 0.683079 0.000000 0.000000 0.000000 0.000000 1.000000
0.999864 0.008437 0.014154 0.000000 0.003979 0.709949 -0.704242 14.952100 -0.015990 0.704202 0.709819 0.000000 0.000000 0.000000 0.000000 1.000000
0.999926 0.008842 0.008314 -0.000000 -0.001015 0.743526 -0.668707 14.952100 -0.012094 0.668649 0.743480 -0.000000 0.000000 0.000000 0.000000 1.000000
0.999757 0.012098 0.018424 0.000000 0.002346 0.772738 -0.634721 14.952100 -0.021916 0.634610 0.772522 0.000000 0.000000 0.000000 0.000000 1.000000
0.999498 0.014748 0.028023 -0.000000 0.005018 0.799975 -0.600012 14.952100 -0.031267 0.599852 0.799500 -0.000000 0.000000 0.000000 0.000000 1.000000
0.999492 0.016028 0.027542 0.000000 0.001983 0.831347 -0.555750 14.952100 -0.031805 0.555523 0.830893 0.000000 0.000000 0.000000 0.000000 1.000000
0.999280 0.017771 0.033533 -0.000000 0.000828 0.873179 -0.487399 14.952100 -0.037942 0.487075 0.872535 -0.000000 0.000000 0.000000 0.000000 1.000000
0.999276 0.020028 0.032345 0.000000 -0.003947 0.900197 -0.435464 14.952100 -0.037838 0.435021 0.899625 0.000000 0.000000 0.000000 0.000000 1.000000
0.998803 0.020351 0.044477 0.000000 -0.000001 0.909346 -0.416041 14.952100 -0.048912 0.415543 0.908257 0.000000 0.000000 0.000000 0.000000 1.000000
0.998803 0.020351 0.044480 0.000000 -0.000000 0.909346 -0.416040 14.952100 -0.048914 0.415542 0.908258 0.000000 0.000000 0.000000 0.000000 1.000000
0.998803 0.020351 0.044480 0.000000 -0.000000 0.909346 -0.416041 14.952100 -0.048914 0.415542 0.908258 0.000000 0.000000 0.000000 0.000000 1.000000
0.998803 0.020350 0.044480 0.000000 -0.000000 0.909346 -0.416040 14.952100 -0.048914 0.415542 0.908258 0.000000 0.000000 0.000000 0.000000 1.000000
0.998803 0.020351 0.044480 -0.000000 -0.000000 0.909346 -0.416041 14.952100 -0.048914 0.415543 0.908258 -0.000000 0.000000 0.000000 0.000000 1.000000
0.998792 0.020399 0.044702 0.000000 -0.000088 0.910501 -0.413508 14.952100 -0.049136 0.413004 0.909403 0.000000 0.000000 0.000000 0.000000 1.000000
0.998784 0.020437 0.044872 -0.000000 -0.000159 0.911384 -0.411557 14.952100 -0.049307 0.411049 0.910279 -0.000000 0.000000 0.000000 0.000000 1.000000
0.998777 0.020464 0.044999 0.000000 -0.000209 0.912037 -0.410108 14.952100 -0.049433 0.409598 0.910926 0.000000 0.000000 0.000000 0.000000 1.000000
0.998773 0.020485 0.045093 -0.000000 -0.000249 0.912523 -0.409025 14.952100 -0.049527 0.408512 0.911408 0.000000 0.000000 0.000000 0.000000 1.000000
0.998777 0.020467 0.045008 0.000000 -0.000214 0.912085 -0.410001 14.952100 -0.049442 0.409490 0.910974 0.000000 0.000000 0.000000 0.000000 1.000000
0.998794 0.020391 0.044664 0.000000 -0.000074 0.910306 -0.413936 14.952100 -0.049099 0.413433 0.909210 0.000000 0.000000 0.000000 0.000000 1.000000
0.998803 0.020350 0.044480 0.000000 -0.000000 0.909346 -0.416040 14.952100 -0.048914 0.415542 0.908258 0.000000 0.000000 0.000000 0.000000 1.000000</float_array>
        <technique_common>
          <accessor source="#mixamorig_RightToeBase-Matrix-animation-output-transform-array" count="42" stride="16">
            <param type="float4x4"/>
          </accessor>
        </technique_common>
      </source>
      <source id="mixamorig_RightToeBase-Interpolations">
        <Name_array id="mixamorig_RightToeBase-Interpolations-array" count="42">
 LINEAR LINEAR LINEAR LINEAR LINEAR LINEAR LINEAR LINEAR LINEAR LINEAR LINEAR
LINEAR LINEAR LINEAR LINEAR LINEAR LINEAR LINEAR LINEAR LINEAR LINEAR LINEAR LINEAR
LINEAR LINEAR LINEAR LINEAR LINEAR LINEAR LINEAR LINEAR LINEAR LINEAR LINEAR LINEAR
LINEAR LINEAR LINEAR LINEAR LINEAR LINEAR LINEAR</Name_array>
        <technique_common>
          <accessor source="#mixamorig_RightToeBase-Interpolations-array" count="42">
            <param type="name"/>
          </accessor>
        </technique_common>
      </source>
      <sampler id="mixamorig_RightToeBase-Matrix-animation-transform">
        <input semantic="INPUT" source="#mixamorig_RightToeBase-Matrix-animation-input"/>
        <input semantic="OUTPUT" source="#mixamorig_RightToeBase-Matrix-animation-output-transform"/>
        <input semantic="INTERPOLATION" source="#mixamorig_RightToeBase-Interpolations"/>
      </sampler>
      <channel source="#mixamorig_RightToeBase-Matrix-animation-transform" target="mixamorig_RightToeBase/matrix"/>
    </animation>
  </library_animations>
  <library_visual_scenes>
    <visual_scene id="RootNode" name="RootNode">
      <node id="mixamorig_Hips" name="mixamorig_Hips" sid="mixamorig_Hips" type="JOINT">
        <matrix sid="matrix">0.404619 -0.089453 -0.910100 -1.042683 0.030602 0.995971 -0.084288 68.270828 0.913973 0.006253 0.405726 0.068956 0.000000 0.000000 0.000000 1.000000</matrix>
        <node id="mixamorig_Spine" name="mixamorig_Spine" sid="mixamorig_Spine" type="JOINT">
          <matrix sid="matrix">0.999319 -0.000951 0.036880 0.000000 0.000017 0.999679 0.025322 14.685700 -0.036892 -0.025304 0.998999 -1.734700 0.000000 0.000000 0.000000 1.000000</matrix>
          <node id="mixamorig_Spine1" name="mixamorig_Spine1" sid="mixamorig_Spine1" type="JOINT">
            <matrix sid="matrix">0.998557 -0.032981 0.042380 0.000000 0.037681 0.992608 -0.115366 17.252399 -0.038261 0.116796 0.992419 -0.000000 0.000000 0.000000 0.000000 1.000000</matrix>
            <node id="mixamorig_Spine2" name="mixamorig_Spine2" sid="mixamorig_Spine2" type="JOINT">
              <matrix sid="matrix">0.998315 -0.033251 0.047562 -0.000000 0.038483 0.992770 -0.113696 19.717100 -0.043437 0.115335 0.992376 0.000000 0.000000 0.000000 0.000000 1.000000</matrix>
              <node id="mixamorig_Neck" name="mixamorig_Neck" sid="mixamorig_Neck" type="JOINT">
                <matrix sid="matrix">0.984142 0.054700 0.168739 0.000000 -0.020294 0.979740 -0.199245 22.181700 -0.176219 0.192661 0.965313 0.000000 0.000000 0.000000 0.000000 1.000000</matrix>
                <node id="mixamorig_Head" name="mixamorig_Head" sid="mixamorig_Head" type="JOINT">
                  <matrix sid="matrix">0.842734 0.203996 0.498181 -0.000000 -0.253105 0.966902 0.032230 7.772300 -0.475118 -0.153254 0.866474 1.167700 0.000000 0.000000 0.000000 1.000000</matrix>
                  <node id="mixamorig_HeadTop_End" name="mixamorig_HeadTop_End" sid="mixamorig_HeadTop_End" type="JOINT">
                    <matrix sid="matrix">1.000000 -0.000000 -0.000000 0.000000 0.000000 1.000000 -0.000000 26.518200 -0.000000 -0.000000 1.000000 3.983900 0.000000 0.000000 0.000000 1.000000</matrix>
                  </node>
                </node>
              </node>
              <node id="mixamorig_LeftShoulder" name="mixamorig_LeftShoulder" sid="mixamorig_LeftShoulder" type="JOINT">
                <matrix sid="matrix">0.016760 0.871467 -0.490167 11.646600 0.020975 -0.490435 -0.871225 18.688601 -0.999639 0.004321 -0.026499 -0.394200 0.000000 0.000000 0.000000 1.000000</matrix>
                <node id="mixamorig_LeftArm" name="mixamorig_LeftArm" sid="mixamorig_LeftArm" type="JOINT">
                  <matrix sid="matrix">0.834988 -0.126720 -0.535479 0.000000 -0.193482 0.843373 -0.501285 24.455700 0.515131 0.522172 0.679688 0.000000 0.000000 0.000000 0.000000 1.000000</matrix>
                  <node id="mixamorig_LeftForeArm" name="mixamorig_LeftForeArm" sid="mixamorig_LeftForeArm" type="JOINT">
                    <matrix sid="matrix">-0.113830 -0.977995 0.174840 0.000000 0.985947 -0.132861 -0.101273 22.756701 0.122274 0.160855 0.979375 0.000000 0.000000 0.000000 0.000000 1.000000</matrix>
                    <node id="mixamorig_LeftHand" name="mixamorig_LeftHand" sid="mixamorig_LeftHand" type="JOINT">
                      <matrix sid="matrix">0.913175 -0.042800 0.405314 0.000000 -0.102283 0.938580 0.329555 32.238300 -0.394524 -0.342398 0.852710 0.000000 0.000000 0.000000 0.000000 1.000000</matrix>
                      <node id="mixamorig_LeftHandThumb1" name="mixamorig_LeftHandThumb1" sid="mixamorig_LeftHandThumb1" type="JOINT">
                        <matrix sid="matrix">0.918929 -0.260346 0.296293 -4.692600 0.352851 0.878314 -0.322585 3.810700 -0.176254 0.400980 0.898972 2.639400 0.000000 0.000000 0.000000 1.000000</matrix>
                        <node id="mixamorig_LeftHandThumb2" name="mixamorig_LeftHandThumb2" sid="mixamorig_LeftHandThumb2" type="JOINT">
                          <matrix sid="matrix">0.899082 0.279910 -0.336604 -0.935200 -0.354857 0.916250 -0.185911 5.193300 0.256375 0.286596 0.923111 0.000000 0.000000 0.000000 0.000000 1.000000</matrix>
                          <node id="mixamorig_LeftHandThumb3" name="mixamorig_LeftHandThumb3" sid="mixamorig_LeftHandThumb3" type="JOINT">
                            <matrix sid="matrix">0.438058 0.890567 -0.122454 0.292500 -0.881924 0.452141 0.133335 5.213800 0.174110 0.049586 0.983477 0.000000 0.000000 0.000000 0.000000 1.000000</matrix>
                            <node id="mixamorig_LeftHandThumb4" name="mixamorig_LeftHandThumb4" sid="mixamorig_LeftHandThumb4" type="JOINT">
                              <matrix sid="matrix">1.000000 0.000000 0.000000 0.642700 0.000000 1.000000 0.000000 4.136500 0.000000 -0.000000 1.000000 -0.000000 0.000000 0.000000 0.000000 1.000000</matrix>
                            </node>
                          </node>
                        </node>
                      </node>
                      <node id="mixamorig_LeftHandIndex1" name="mixamorig_LeftHandIndex1" sid="mixamorig_LeftHandIndex1" type="JOINT">
                        <matrix sid="matrix">0.991866 0.121282 0.038639 -5.727300 0.025553 0.107657 -0.993860 12.386500 -0.124697 0.986763 0.103682 0.169100 0.000000 0.000000 0.000000 1.000000</matrix>
                        <node id="mixamorig_LeftHandIndex2" name="mixamorig_LeftHandIndex2" sid="mixamorig_LeftHandIndex2" type="JOINT">
                          <matrix sid="matrix">0.980693 0.099484 -0.168357 -0.002100 -0.099423 -0.487699 -0.867332 4.467800 -0.168393 0.867325 -0.468392 0.000000 0.000000 0.000000 0.000000 1.000000</matrix>
                          <node id="mixamorig_LeftHandIndex3" name="mixamorig_LeftHandIndex3" sid="mixamorig_LeftHandIndex3" type="JOINT">
                            <matrix sid="matrix">0.982868 0.108334 -0.149111 0.001900 -0.108966 -0.310943 -0.944161 4.434100 -0.148649 0.944234 -0.293811 0.000000 0.000000 0.000000 0.000000 1.000000</matrix>
                            <node id="mixamorig_LeftHandIndex4" name="mixamorig_LeftHandIndex4" sid="mixamorig_LeftHandIndex4" type="JOINT">
                              <matrix sid="matrix">1.000000 0.000000 -0.000000 0.000200 0.000000 1.000000 0.000000 3.589700 0.000000 0.000000 1.000000 0.000000 0.000000 0.000000 0.000000 1.000000</matrix>
                            </node>
                          </node>
                        </node>
                      </node>
                      <node id="mixamorig_LeftHandMiddle1" name="mixamorig_LeftHandMiddle1" sid="mixamorig_LeftHandMiddle1" type="JOINT">
                        <matrix sid="matrix">0.993971 0.102315 0.039412 -1.770900 0.030719 0.085198 -0.995890 12.045500 -0.105252 0.991097 0.081541 -0.275300 0.000000 0.000000 0.000000 1.000000</matrix>
                        <node id="mixamorig_LeftHandMiddle2" name="mixamorig_LeftHandMiddle2" sid="mixamorig_LeftHandMiddle2" type="JOINT">
                          <matrix sid="matrix">0.983225 0.103968 -0.149861 -0.011100 -0.102474 -0.364817 -0.925423 5.491500 -0.150886 0.925256 -0.348043 0.000000 0.000000 0.000000 0.000000 1.000000</matrix>
                          <node id="mixamorig_LeftHandMiddle3" name="mixamorig_LeftHandMiddle3" sid="mixamorig_LeftHandMiddle3" type="JOINT">
                            <matrix sid="matrix">0.983334 0.103595 -0.149406 0.004600 -0.106670 -0.336726 -0.935541 5.202800 -0.147226 0.935887 -0.320064 -0.000000 0.000000 0.000000 0.000000 1.000000</matrix>
                            <node id="mixamorig_LeftHandMiddle4" name="mixamorig_LeftHandMiddle4" sid="mixamorig_LeftHandMiddle4" type="JOINT">
                              <matrix sid="matrix">1.000000 0.000000 0.000000 0.006500 0.000000 1.000000 -0.000000 4.456500 0.000000 0.000000 1.000000 -0.000000 0.000000 0.000000 0.000000 1.000000</matrix>
                            </node>
                          </node>
                        </node>
                      </node>
                      <node id="mixamorig_LeftHandRing1" name="mixamorig_LeftHandRing1" sid="mixamorig_LeftHandRing1" type="JOINT">
                        <matrix sid="matrix">0.998211 0.045440 0.038865 2.070500 0.037416 0.032317 -0.998777 12.281600 -0.046640 0.998444 0.030559 -0.183500 0.000000 0.000000 0.000000 1.000000</matrix>
                        <node id="mixamorig_LeftHandRing2" name="mixamorig_LeftHandRing2" sid="mixamorig_LeftHandRing2" type="JOINT">
                          <matrix sid="matrix">0.984677 0.104967 -0.139261 -0.012400 -0.101043 -0.307446 -0.946186 4.691400 -0.142133 0.945758 -0.292128 0.000000 0.000000 0.000000 0.000000 1.000000</matrix>
                          <node id="mixamorig_LeftHandRing3" name="mixamorig_LeftHandRing3" sid="mixamorig_LeftHandRing3" type="JOINT">
                            <matrix sid="matrix">0.985715 0.101887 -0.134105 -0.002100 -0.106108 -0.242658 -0.964291 4.518300 -0.130790 0.964747 -0.228381 0.000000 0.000000 0.000000 0.000000 1.000000</matrix>
                            <node id="mixamorig_LeftHandRing4" name="mixamorig_LeftHandRing4" sid="mixamorig_LeftHandRing4" type="JOINT">
                              <matrix sid="matrix">1.000000 0.000000 0.000000 0.014600 -0.000000 1.000000 0.000000 3.568100 -0.000000 0.000000 1.000000 0.000000 0.000000 0.000000 0.000000 1.000000</matrix>
                            </node>
                          </node>
                        </node>
                      </node>
                      <node id="mixamorig_LeftHandPinky1" name="mixamorig_LeftHandPinky1" sid="mixamorig_LeftHandPinky1" type="JOINT">
                        <matrix sid="matrix">0.999417 0.011003 0.032318 5.427700 0.032813 -0.048271 -0.998295 11.411600 -0.009424 0.998774 -0.048604 0.277100 0.000000 0.000000 0.000000 1.000000</matrix>
                        <node id="mixamorig_LeftHandPinky2" name="mixamorig_LeftHandPinky2" sid="mixamorig_LeftHandPinky2" type="JOINT">
                          <matrix sid="matrix">0.991222 0.119388 -0.056790 -0.003300 -0.036604 -0.164931 -0.985626 4.452300 -0.127039 0.979053 -0.159113 0.000000 0.000000 0.000000 0.000000 1.000000</matrix>
                          <node id="mixamorig_LeftHandPinky3" name="mixamorig_LeftHandPinky3" sid="mixamorig_LeftHandPinky3" type="JOINT">
                            <matrix sid="matrix">0.981052 0.089861 -0.171645 0.002700 -0.091377 -0.566604 -0.818908 3.536600 -0.170842 0.819076 -0.547657 0.000000 0.000000 0.000000 0.000000 1.000000</matrix>
                            <node id="mixamorig_LeftHandPinky4" name="mixamorig_LeftHandPinky4" sid="mixamorig_LeftHandPinky4" type="JOINT">
                              <matrix sid="matrix">1.000000 0.000000 -0.000000 0.000600 -0.000000 1.000000 0.000000 2.823500 -0.000000 -0.000000 1.000000 0.000000 0.000000 0.000000 0.000000 1.000000</matrix>
                            </node>
                          </node>
                        </node>
                      </node>
                    </node>
                  </node>
                </node>
              </node>
              <node id="mixamorig_RightShoulder" name="mixamorig_RightShoulder" sid="mixamorig_RightShoulder" type="JOINT">
                <matrix sid="matrix">0.082001 -0.973137 0.215127 -11.646600 -0.016660 -0.217162 -0.975993 18.692900 0.996493 0.076449 -0.034020 -0.430500 0.000000 0.000000 0.000000 1.000000</matrix>
                <node id="mixamorig_RightArm" name="mixamorig_RightArm" sid="mixamorig_RightArm" type="JOINT">
                  <matrix sid="matrix">0.671469 0.726681 -0.145132 0.000000 -0.576073 0.388694 -0.719066 24.455700 -0.466120 0.566437 0.679618 -0.000000 0.000000 0.000000 0.000000 1.000000</matrix>
                  <node id="mixamorig_RightForeArm" name="mixamorig_RightForeArm" sid="mixamorig_RightForeArm" type="JOINT">
                    <matrix sid="matrix">-0.465954 0.856877 -0.220562 -0.000000 -0.867430 -0.491545 -0.077127 22.759399 -0.174504 0.155384 0.972319 0.000000 0.000000 0.000000 0.000000 1.000000</matrix>
                    <node id="mixamorig_RightHand" name="mixamorig_RightHand" sid="mixamorig_RightHand" type="JOINT">
                      <matrix sid="matrix">0.993056 -0.055919 0.103506 -0.000000 0.059154 0.997843 -0.028451 32.238098 -0.101692 0.034376 0.994222 0.000000 0.000000 0.000000 0.000000 1.000000</matrix>
                      <node id="mixamorig_RightHandThumb1" name="mixamorig_RightHandThumb1" sid="mixamorig_RightHandThumb1" type="JOINT">
                        <matrix sid="matrix">0.943723 0.233759 -0.233974 4.694200 -0.316942 0.841371 -0.437770 3.849300 0.094526 0.487289 0.868109 2.684900 0.000000 0.000000 0.000000 1.000000</matrix>
                        <node id="mixamorig_RightHandThumb2" name="mixamorig_RightHandThumb2" sid="mixamorig_RightHandThumb2" type="JOINT">
                          <matrix sid="matrix">0.910604 -0.411501 -0.038309 1.059100 0.396330 0.895771 -0.201287 5.203600 0.117146 0.168110 0.978783 0.000000 0.000000 0.000000 0.000000 1.000000</matrix>
                          <node id="mixamorig_RightHandThumb3" name="mixamorig_RightHandThumb3" sid="mixamorig_RightHandThumb3" type="JOINT">
                            <matrix sid="matrix">0.650050 -0.729650 0.212240 -0.176400 0.758394 0.640479 -0.120938 5.246600 -0.047693 0.239577 0.969705 0.000000 0.000000 0.000000 0.000000 1.000000</matrix>
                            <node id="mixamorig_RightHandThumb4" name="mixamorig_RightHandThumb4" sid="mixamorig_RightHandThumb4" type="JOINT">
                              <matrix sid="matrix">1.000000 -0.000000 -0.000000 -0.882700 0.000000 1.000000 0.000000 3.954800 0.000000 -0.000000 1.000000 -0.000000 0.000000 0.000000 0.000000 1.000000</matrix>
                            </node>
                          </node>
                        </node>
                      </node>
                      <node id="mixamorig_RightHandIndex1" name="mixamorig_RightHandIndex1" sid="mixamorig_RightHandIndex1" type="JOINT">
                        <matrix sid="matrix">0.988346 -0.145795 -0.043775 5.600900 -0.029905 0.096004 -0.994932 12.228400 0.149259 0.984646 0.090525 0.008900 0.000000 0.000000 0.000000 1.000000</matrix>
                        <node id="mixamorig_RightHandIndex2" name="mixamorig_RightHandIndex2" sid="mixamorig_RightHandIndex2" type="JOINT">
                          <matrix sid="matrix">0.980881 -0.095953 0.169311 -0.010300 0.101931 -0.487808 -0.866979 4.764000 0.165781 0.867661 -0.468701 0.000000 0.000000 0.000000 0.000000 1.000000</matrix>
                          <node id="mixamorig_RightHandIndex3" name="mixamorig_RightHandIndex3" sid="mixamorig_RightHandIndex3" type="JOINT">
                            <matrix sid="matrix">0.982456 -0.112033 0.149091 -0.008400 0.107727 -0.311656 -0.944069 4.419800 0.152232 0.943567 -0.294119 0.000000 0.000000 0.000000 0.000000 1.000000</matrix>
                            <node id="mixamorig_RightHandIndex4" name="mixamorig_RightHandIndex4" sid="mixamorig_RightHandIndex4" type="JOINT">
                              <matrix sid="matrix">1.000000 0.000000 0.000000 0.018700 0.000000 1.000000 0.000000 3.701800 0.000000 0.000000 1.000000 0.000000 0.000000 0.000000 0.000000 1.000000</matrix>
                            </node>
                          </node>
                        </node>
                      </node>
                      <node id="mixamorig_RightHandMiddle1" name="mixamorig_RightHandMiddle1" sid="mixamorig_RightHandMiddle1" type="JOINT">
                        <matrix sid="matrix">0.993558 -0.101781 -0.049839 1.826300 -0.042928 0.068995 -0.996693 12.030300 0.104883 0.992411 0.064182 -0.078200 0.000000 0.000000 0.000000 1.000000</matrix>
                        <node id="mixamorig_RightHandMiddle2" name="mixamorig_RightHandMiddle2" sid="mixamorig_RightHandMiddle2" type="JOINT">
                          <matrix sid="matrix">0.985166 -0.098449 0.140556 0.019600 0.095752 -0.364346 -0.926328 5.385800 0.142407 0.926045 -0.349515 0.000000 0.000000 0.000000 0.000000 1.000000</matrix>
                          <node id="mixamorig_RightHandMiddle3" name="mixamorig_RightHandMiddle3" sid="mixamorig_RightHandMiddle3" type="JOINT">
                            <matrix sid="matrix">0.985072 -0.096888 0.142290 -0.008300 0.102096 -0.336689 -0.936065 5.321600 0.138601 0.936618 -0.321771 0.000000 0.000000 0.000000 0.000000 1.000000</matrix>
                            <node id="mixamorig_RightHandMiddle4" name="mixamorig_RightHandMiddle4" sid="mixamorig_RightHandMiddle4" type="JOINT">
                              <matrix sid="matrix">1.000000 0.000000 0.000000 -0.011300 0.000000 1.000000 0.000000 4.501000 0.000000 0.000000 1.000000 0.000000 0.000000 0.000000 0.000000 1.000000</matrix>
                            </node>
                          </node>
                        </node>
                      </node>
                      <node id="mixamorig_RightHandRing1" name="mixamorig_RightHandRing1" sid="mixamorig_RightHandRing1" type="JOINT">
                        <matrix sid="matrix">0.998989 -0.022249 -0.039057 -2.091900 -0.039687 -0.028640 -0.998802 12.266300 0.021103 0.999342 -0.029494 -0.326200 0.000000 0.000000 0.000000 1.000000</matrix>
                        <node id="mixamorig_RightHandRing2" name="mixamorig_RightHandRing2" sid="mixamorig_RightHandRing2" type="JOINT">
                          <matrix sid="matrix">0.985515 -0.109458 0.129532 0.008400 0.105138 -0.204955 -0.973108 4.583300 0.133063 0.972632 -0.190478 0.000000 0.000000 0.000000 0.000000 1.000000</matrix>
                          <node id="mixamorig_RightHandRing3" name="mixamorig_RightHandRing3" sid="mixamorig_RightHandRing3" type="JOINT">
                            <matrix sid="matrix">0.985821 -0.101861 0.133350 0.008300 0.105407 -0.242424 -0.964427 4.612900 0.130565 0.964808 -0.228250 0.000000 0.000000 0.000000 0.000000 1.000000</matrix>
                            <node id="mixamorig_RightHandRing4" name="mixamorig_RightHandRing4" sid="mixamorig_RightHandRing4" type="JOINT">
                              <matrix sid="matrix">1.000000 -0.000000 -0.000000 -0.016800 0.000000 1.000000 -0.000000 3.358900 0.000000 -0.000000 1.000000 0.000000 0.000000 0.000000 0.000000 1.000000</matrix>
                            </node>
                          </node>
                        </node>
                      </node>
                      <node id="mixamorig_RightHandPinky1" name="mixamorig_RightHandPinky1" sid="mixamorig_RightHandPinky1" type="JOINT">
                        <matrix sid="matrix">0.997269 0.060472 -0.042408 -5.335200 -0.037798 -0.075444 -0.996433 11.443900 -0.063456 0.995315 -0.072952 0.289400 0.000000 0.000000 0.000000 1.000000</matrix>
                        <node id="mixamorig_RightHandPinky2" name="mixamorig_RightHandPinky2" sid="mixamorig_RightHandPinky2" type="JOINT">
                          <matrix sid="matrix">0.987449 -0.102535 0.120127 0.006100 0.102224 -0.164858 -0.981006 4.477500 0.120391 0.980973 -0.152308 -0.000000 0.000000 0.000000 0.000000 1.000000</matrix>
                          <node id="mixamorig_RightHandPinky3" name="mixamorig_RightHandPinky3" sid="mixamorig_RightHandPinky3" type="JOINT">
                            <matrix sid="matrix">0.982757 -0.084993 0.164211 -0.003800 0.087899 -0.566579 -0.819306 3.497900 0.162674 0.819612 -0.549338 0.000000 0.000000 0.000000 0.000000 1.000000</matrix>
                            <node id="mixamorig_RightHandPinky4" name="mixamorig_RightHandPinky4" sid="mixamorig_RightHandPinky4" type="JOINT">
                              <matrix sid="matrix">1.000000 -0.000000 0.000000 -0.002200 0.000000 1.000000 0.000000 2.797300 -0.000000 0.000000 1.000000 0.000000 0.000000 0.000000 0.000000 1.000000</matrix>
                            </node>
                          </node>
                        </node>
                      </node>
                    </node>
                  </node>
                </node>
              </node>
            </node>
          </node>
        </node>
        <node id="mixamorig_LeftUpLeg" name="mixamorig_LeftUpLeg" sid="mixamorig_LeftUpLeg" type="JOINT">
          <matrix sid="matrix">-0.835566 0.491445 0.245584 13.580900 -0.317747 -0.796954 0.513713 -8.149200 0.448181 0.351208 0.822063 -1.796100 0.000000 0.000000 0.000000 1.000000</matrix>
          <node id="mixamorig_LeftLeg" name="mixamorig_LeftLeg" sid="mixamorig_LeftLeg" type="JOINT">
            <matrix sid="matrix">0.988513 0.117048 0.095609 0.000000 -0.149164 0.653795 0.741823 36.090000 0.024320 -0.747564 0.663745 0.000000 0.000000 0.000000 0.000000 1.000000</matrix>
            <node id="mixamorig_LeftFoot" name="mixamorig_LeftFoot" sid="mixamorig_LeftFoot" type="JOINT">
              <matrix sid="matrix">0.972152 0.140908 -0.187255 0.000000 -0.199963 0.082085 -0.976359 26.790800 -0.122206 0.986614 0.107975 -0.000000 0.000000 0.000000 0.000000 1.000000</matrix>
              <node id="mixamorig_LeftToeBase" name="mixamorig_LeftToeBase" sid="mixamorig_LeftToeBase" type="JOINT">
                <matrix sid="matrix">0.998890 -0.019954 -0.042679 0.000000 -0.000836 0.898227 -0.439530 14.979900 0.047106 0.439078 0.897213 0.000000 0.000000 0.000000 0.000000 1.000000</matrix>
                <node id="mixamorig_LeftToe_End" name="mixamorig_LeftToe_End" sid="mixamorig_LeftToe_End" type="JOINT">
                  <matrix sid="matrix">1.000000 -0.000000 0.000000 0.000000 -0.000000 1.000000 0.000000 5.950600 0.000000 0.000000 1.000000 0.000000 0.000000 0.000000 0.000000 1.000000</matrix>
                </node>
              </node>
            </node>
          </node>
        </node>
        <node id="mixamorig_RightUpLeg" name="mixamorig_RightUpLeg" sid="mixamorig_RightUpLeg" type="JOINT">
          <matrix sid="matrix">-0.904808 -0.418065 -0.080890 -13.580900 0.334799 -0.815830 0.471520 -8.149200 -0.263118 0.399553 0.878138 -2.255300 0.000000 0.000000 0.000000 1.000000</matrix>
          <node id="mixamorig_RightLeg" name="mixamorig_RightLeg" sid="mixamorig_RightLeg" type="JOINT">
            <matrix sid="matrix">0.991526 -0.019208 -0.128482 0.000000 0.116247 0.572685 0.811491 36.065201 0.057993 -0.819550 0.570065 0.000000 0.000000 0.000000 0.000000 1.000000</matrix>
            <node id="mixamorig_RightFoot" name="mixamorig_RightFoot" sid="mixamorig_RightFoot" type="JOINT">
              <matrix sid="matrix">0.956163 -0.225174 0.187214 0.000000 0.159132 -0.137142 -0.977686 26.793200 0.245824 0.964618 -0.095298 -0.000000 0.000000 0.000000 0.000000 1.000000</matrix>
              <node id="mixamorig_RightToeBase" name="mixamorig_RightToeBase" sid="mixamorig_RightToeBase" type="JOINT">
                <matrix sid="matrix">0.998803 0.020351 0.044480 0.000000 -0.000000 0.909346 -0.416040 14.952100 -0.048914 0.415542 0.908258 0.000000 0.000000 0.000000 0.000000 1.000000</matrix>
                <node id="mixamorig_RightToe_End" name="mixamorig_RightToe_End" sid="mixamorig_RightToe_End" type="JOINT">
                  <matrix sid="matrix">1.000000 -0.000000 0.000000 0.000000 0.000000 1.000000 0.000000 5.926300 -0.000000 0.000000 1.000000 0.000000 0.000000 0.000000 0.000000 1.000000</matrix>
                </node>
              </node>
            </node>
          </node>
        </node>
      </node>
    </visual_scene>
  </library_visual_scenes>
  <scene>
    <instance_visual_scene url="#RootNode"/>
  </scene>
</COLLADA>
