<?xml version="1.0" encoding="utf-8"?>
<COLLADA xmlns="http://www.collada.org/2005/11/COLLADASchema" version="1.4.1">
  <asset>
    <contributor>
      <author>Mixamo</author>
      <authoring_tool>COLLADA Mixamo exporter</authoring_tool>
      <comments/>
    </contributor>
    <created>2024-12-14T07:56:40Z</created>
    <modified>2024-12-14T07:56:40Z</modified>
    <revision/>
    <title/>
    <unit meter="0.010000"/>
    <up_axis>Y_UP</up_axis>
  </asset>
  <library_animations>
    <animation id="mixamorig_Hips-anim" name="mixamorig_Hips">
      <source id="mixamorig_Hips-Matrix-animation-input">
        <float_array id="mixamorig_Hips-Matrix-animation-input-array" count="63">

0.000000 0.033333 0.066667 0.100000 0.133333 0.166667 0.200000 0.233333 0.266667 0.300000 0.333333 0.366667 0.400000 0.433333 0.466667 0.500000
0.533333 0.566667 0.600000 0.633333 0.666667 0.700000 0.733333 0.766667 0.800000 0.833333 0.866667 0.900000 0.933333 0.966667 1.000000 1.033333
1.066667 1.100000 1.133333 1.166667 1.200000 1.233333 1.266667 1.300000 1.333333 1.366667 1.400000 1.433333 1.466667 1.500000 1.533333 1.566667
1.600000 1.633333 1.666667 1.700000 1.733333 1.766667 1.800000 1.833333 1.866667 1.900000 1.933333 1.966667 2.000000 2.033333 2.066667</float_array>
        <technique_common>
          <accessor source="#mixamorig_Hips-Matrix-animation-input-array" count="63">
            <param name="TIME" type="float"/>
          </accessor>
        </technique_common>
      </source>
      <source id="mixamorig_Hips-Matrix-animation-output-transform">
        <float_array id="mixamorig_Hips-Matrix-animation-output-transform-array" count="1008">

0.817514 -0.036521 -0.574749 -1.465624 -0.045799 0.990704 -0.128095 68.410583 0.574084 0.131043 0.808242 1.570132 0.000000 0.000000 0.000000 1.000000
0.810456 -0.039303 -0.584479 -1.392393 -0.044901 0.990644 -0.128876 68.615425 0.584076 0.130692 0.801109 1.322588 0.000000 0.000000 0.000000 1.000000
0.802792 -0.045088 -0.594552 -1.271101 -0.041194 0.990560 -0.130742 68.851410 0.594834 0.129451 0.793357 1.069525 0.000000 0.000000 0.000000 1.000000
0.796495 -0.055991 -0.602047 -1.073198 -0.033495 0.990088 -0.136393 69.115891 0.603717 0.128802 0.786725 0.797925 0.000000 0.000000 0.000000 1.000000
0.794016 -0.074112 -0.603363 -0.788731 -0.021008 0.988602 -0.149079 69.393188 0.607534 0.131046 0.783409 0.517258 0.000000 0.000000 0.000000 1.000000
0.795899 -0.098099 -0.597429 -0.404031 -0.005243 0.985632 -0.168827 69.641930 0.605407 0.137502 0.783949 0.239675 0.000000 0.000000 0.000000 1.000000
0.801554 -0.123737 -0.584979 -0.002625 0.010546 0.981126 -0.193082 69.812866 0.597829 0.148597 0.787730 -0.011199 0.000000 0.000000 0.000000 1.000000
0.808175 -0.143200 -0.571268 0.458246 0.021258 0.976450 -0.214693 69.865829 0.588559 0.161365 0.792187 -0.219475 0.000000 0.000000 0.000000 1.000000
0.814056 -0.149495 -0.561216 0.796109 0.022042 0.973561 -0.227361 69.853806 0.580368 0.172714 0.795829 -0.392863 0.000000 0.000000 0.000000 1.000000
0.818165 -0.136634 -0.558513 0.847479 0.008748 0.974201 -0.225512 69.825333 0.574917 0.179620 0.798253 -0.477829 0.000000 0.000000 0.000000 1.000000
0.820896 -0.107093 -0.560946 0.572965 -0.015854 0.977607 -0.209841 69.723526 0.570857 0.181152 0.800816 -0.349321 0.000000 0.000000 0.000000 1.000000
0.824207 -0.063691 -0.562695 0.082822 -0.047139 0.982490 -0.180254 69.420204 0.564323 0.175091 0.806773 0.089112 0.000000 0.000000 0.000000 1.000000
0.833330 -0.010410 -0.552678 -0.397540 -0.079981 0.987031 -0.139186 68.845222 0.546959 0.160191 0.821690 1.166357 0.000000 0.000000 0.000000 1.000000
0.852113 0.050568 -0.520910 -0.806120 -0.112228 0.989823 -0.087496 68.249138 0.511184 0.133017 0.849116 2.927046 0.000000 0.000000 0.000000 1.000000
0.883570 0.120614 -0.452501 -1.127668 -0.146567 0.988943 -0.022591 68.047195 0.444773 0.086282 0.891478 5.359335 0.000000 0.000000 0.000000 1.000000
0.918025 0.197295 -0.343956 -1.329179 -0.190736 0.980200 0.053170 68.662056 0.347636 0.016793 0.937479 8.487353 0.000000 0.000000 0.000000 1.000000
0.941691 0.275425 -0.193286 -1.391572 -0.252434 0.958096 0.135387 70.195114 0.222475 -0.078701 0.971757 12.126117 0.000000 0.000000 0.000000 1.000000
0.939311 0.342875 -0.011468 -1.101619 -0.332891 0.919023 0.211142 72.456558 0.082934 -0.194511 0.977388 15.813601 0.000000 0.000000 0.000000 1.000000
0.902641 0.388106 0.186047 -0.491592 -0.426463 0.864812 0.265009 75.097092 -0.058044 -0.318550 0.946127 19.180782 0.000000 0.000000 0.000000 1.000000
0.827674 0.406887 0.386522 0.282972 -0.526071 0.802382 0.281837 77.753525 -0.195463 -0.436607 0.878162 22.110926 0.000000 0.000000 0.000000 1.000000
0.709939 0.402880 0.577645 0.943124 -0.625177 0.738158 0.253526 80.066666 -0.324253 -0.541119 0.775919 24.445541 0.000000 0.000000 0.000000 1.000000
0.547594 0.384379 0.743232 1.381456 -0.715540 0.675564 0.177808 81.949654 -0.433755 -0.629179 0.644973 26.649580 0.000000 0.000000 0.000000 1.000000
0.346195 0.359790 0.866430 1.661826 -0.786520 0.614741 0.058991 83.009781 -0.511405 -0.701887 0.495802 28.976610 0.000000 0.000000 0.000000 1.000000
0.126353 0.331613 0.934916 2.104532 -0.827486 0.555011 -0.085028 83.057892 -0.547085 -0.762886 0.344532 31.477657 0.000000 0.000000 0.000000 1.000000
-0.071297 0.306528 0.949188 2.910270 -0.838309 0.497255 -0.223551 82.229340 -0.540513 -0.811651 0.221513 33.933949 0.000000 0.000000 0.000000 1.000000
-0.212320 0.292337 0.932448 3.860201 -0.836460 0.438969 -0.328087 81.345032 -0.505228 -0.849615 0.151326 36.581566 0.000000 0.000000 0.000000 1.000000
-0.277693 0.298235 0.913204 5.346268 -0.843456 0.379342 -0.380369 80.766373 -0.459856 -0.875874 0.146208 38.920963 0.000000 0.000000 0.000000 1.000000
-0.260140 0.329127 0.907746 7.002306 -0.872818 0.321895 -0.366842 80.403877 -0.412936 -0.887727 0.203530 40.423180 0.000000 0.000000 0.000000 1.000000
-0.194957 0.370762 0.908035 8.549902 -0.911692 0.272887 -0.307165 80.258591 -0.361676 -0.887732 0.284819 41.215763 0.000000 0.000000 0.000000 1.000000
-0.124946 0.401195 0.907431 10.106459 -0.942065 0.238983 -0.235375 79.945801 -0.311292 -0.884268 0.348091 41.262619 0.000000 0.000000 0.000000 1.000000
-0.095424 0.396519 0.913054 10.939749 -0.956044 0.218975 -0.195013 79.261337 -0.277263 -0.891528 0.358194 40.945572 0.000000 0.000000 0.000000 1.000000
-0.119392 0.348200 0.929786 11.662876 -0.956582 0.210451 -0.201646 78.339706 -0.265888 -0.913492 0.307956 40.608418 0.000000 0.000000 0.000000 1.000000
-0.204859 0.252571 0.945643 12.098818 -0.941067 0.214815 -0.261242 76.964943 -0.269120 -0.943431 0.193680 40.042290 0.000000 0.000000 0.000000 1.000000
-0.334281 0.131440 0.933263 13.371719 -0.904538 0.233370 -0.356860 75.365944 -0.264701 -0.963464 0.040882 39.483677 0.000000 0.000000 0.000000 1.000000
-0.493173 0.001732 0.869929 14.561437 -0.837835 0.268181 -0.475512 73.469902 -0.234123 -0.963367 -0.130809 38.469818 0.000000 0.000000 0.000000 1.000000
-0.663234 -0.122707 0.738284 15.224157 -0.730588 0.320158 -0.603108 71.542938 -0.162362 -0.939384 -0.301988 36.998093 0.000000 0.000000 0.000000 1.000000
-0.814506 -0.233857 0.530934 15.417482 -0.578782 0.390469 -0.715923 69.893822 -0.039890 -0.890418 -0.453391 35.475281 0.000000 0.000000 0.000000 1.000000
-0.910115 -0.325860 0.255941 15.553667 -0.391803 0.475778 -0.787481 68.606133 0.134838 -0.816977 -0.560685 34.241875 0.000000 0.000000 0.000000 1.000000
-0.919045 -0.392113 -0.040054 15.828416 -0.207338 0.567369 -0.796933 67.622437 0.335213 -0.724113 -0.602738 33.236023 0.000000 0.000000 0.000000 1.000000
-0.850252 -0.430809 -0.302450 16.348577 -0.063272 0.654070 -0.753784 66.874283 0.522560 -0.621769 -0.583382 32.345417 0.000000 0.000000 0.000000 1.000000
-0.746132 -0.447180 -0.493272 17.254211 0.021649 0.724187 -0.689264 66.349495 0.665446 -0.524961 -0.530658 31.612658 0.000000 0.000000 0.000000 1.000000
-0.640896 -0.450812 -0.621306 18.021368 0.065544 0.774291 -0.629426 65.922272 0.764824 -0.444120 -0.466692 30.615147 0.000000 0.000000 0.000000 1.000000
-0.546524 -0.454598 -0.703315 18.532181 0.089776 0.803192 -0.588917 65.752670 0.832618 -0.384998 -0.398151 29.425842 0.000000 0.000000 0.000000 1.000000
-0.451459 -0.463141 -0.762683 18.759865 0.111126 0.818908 -0.563063 66.202011 0.885345 -0.338954 -0.318237 28.124184 0.000000 0.000000 0.000000 1.000000
-0.348137 -0.472576 -0.809613 18.708420 0.131372 0.830522 -0.541271 67.322037 0.928193 -0.294797 -0.227053 26.732254 0.000000 0.000000 0.000000 1.000000
-0.239587 -0.473862 -0.847380 18.375765 0.143063 0.846041 -0.513563 68.815842 0.960277 -0.244272 -0.134908 25.238194 0.000000 0.000000 0.000000 1.000000
-0.135069 -0.462364 -0.876342 17.751343 0.141760 0.866331 -0.478931 70.373253 0.980643 -0.188919 -0.051470 23.671442 0.000000 0.000000 0.000000 1.000000
-0.040674 -0.440263 -0.896947 16.869598 0.128875 0.887880 -0.441656 71.710068 0.990826 -0.133558 0.020625 22.066488 0.000000 0.000000 0.000000 1.000000
0.045211 -0.415308 -0.908557 15.636635 0.111112 0.905934 -0.408580 72.602371 0.992779 -0.082479 0.087104 20.318832 0.000000 0.000000 0.000000 1.000000
0.127200 -0.391805 -0.911213 14.121428 0.094920 0.919267 -0.382018 72.979019 0.987325 -0.037900 0.154121 18.499678 0.000000 0.000000 0.000000 1.000000
0.207899 -0.369556 -0.905652 12.409655 0.084627 0.929207 -0.359741 72.988953 0.974483 -0.001853 0.224456 16.615154 0.000000 0.000000 0.000000 1.000000
0.287694 -0.343343 -0.894063 10.576671 0.078315 0.938837 -0.335338 72.757462 0.954515 0.026456 0.296986 14.651480 0.000000 0.000000 0.000000 1.000000
0.366623 -0.309921 -0.877233 8.693414 0.073098 0.949567 -0.304926 72.194664 0.927494 0.047669 0.370787 12.534614 0.000000 0.000000 0.000000 1.000000
0.444767 -0.270302 -0.853885 6.940111 0.066449 0.960704 -0.269505 71.486221 0.893178 0.063127 0.445251 10.625598 0.000000 0.000000 0.000000 1.000000
0.520608 -0.230072 -0.822213 5.412723 0.057528 0.970273 -0.235077 70.768951 0.851855 0.075083 0.518367 8.858315 0.000000 0.000000 0.000000 1.000000
0.590323 -0.195957 -0.783019 4.198623 0.047638 0.976851 -0.208551 70.098427 0.805760 0.085811 0.585993 7.333192 0.000000 0.000000 0.000000 1.000000
0.649220 -0.170368 -0.741274 3.291609 0.038233 0.980669 -0.191903 69.525726 0.759639 0.096247 0.643184 6.059884 0.000000 0.000000 0.000000 1.000000
0.695283 -0.150964 -0.702703 2.516937 0.029114 0.982806 -0.182332 69.092606 0.718146 0.106314 0.687724 4.972059 0.000000 0.000000 0.000000 1.000000
0.728996 -0.132598 -0.671552 1.712177 0.018458 0.984510 -0.174355 68.805031 0.684269 0.114708 0.720151 4.020431 0.000000 0.000000 0.000000 1.000000
0.755413 -0.111375 -0.645715 0.877661 0.005067 0.986412 -0.164213 68.643509 0.655230 0.120777 0.745712 3.232809 0.000000 0.000000 0.000000 1.000000
0.777804 -0.086694 -0.622499 0.044965 -0.011082 0.988395 -0.151499 68.553604 0.628409 0.124735 0.767817 2.576015 0.000000 0.000000 0.000000 1.000000
0.798383 -0.060887 -0.599064 -0.747679 -0.028556 0.989927 -0.138670 68.486565 0.601473 0.127819 0.788602 2.027215 0.000000 0.000000 0.000000 1.000000
0.817514 -0.036521 -0.574749 -1.465624 -0.045799 0.990704 -0.128095 68.410599 0.574084 0.131043 0.808242 1.570135 0.000000 0.000000 0.000000 1.000000</float_array>
        <technique_common>
          <accessor source="#mixamorig_Hips-Matrix-animation-output-transform-array" count="63" stride="16">
            <param type="float4x4"/>
          </accessor>
        </technique_common>
      </source>
      <source id="mixamorig_Hips-Interpolations">
        <Name_array id="mixamorig_Hips-Interpolations-array" count="63">
 LINEAR LINEAR LINEAR LINEAR LINEAR LINEAR LINEAR LINEAR LINEAR LINEAR LINEAR
LINEAR LINEAR LINEAR LINEAR LINEAR LINEAR LINEAR LINEAR LINEAR LINEAR LINEAR LINEAR
LINEAR LINEAR LINEAR LINEAR LINEAR LINEAR LINEAR LINEAR LINEAR LINEAR LINEAR LINEAR
LINEAR LINEAR LINEAR LINEAR LINEAR LINEAR LINEAR LINEAR LINEAR LINEAR LINEAR LINEAR
LINEAR LINEAR LINEAR LINEAR LINEAR LINEAR LINEAR LINEAR LINEAR LINEAR LINEAR LINEAR
LINEAR LINEAR LINEAR LINEAR</Name_array>
        <technique_common>
          <accessor source="#mixamorig_Hips-Interpolations-array" count="63">
            <param type="name"/>
          </accessor>
        </technique_common>
      </source>
      <sampler id="mixamorig_Hips-Matrix-animation-transform">
        <input semantic="INPUT" source="#mixamorig_Hips-Matrix-animation-input"/>
        <input semantic="OUTPUT" source="#mixamorig_Hips-Matrix-animation-output-transform"/>
        <input semantic="INTERPOLATION" source="#mixamorig_Hips-Interpolations"/>
      </sampler>
      <channel source="#mixamorig_Hips-Matrix-animation-transform" target="mixamorig_Hips/matrix"/>
    </animation>
    <animation id="mixamorig_Spine-anim" name="mixamorig_Spine">
      <source id="mixamorig_Spine-Matrix-animation-input">
        <float_array id="mixamorig_Spine-Matrix-animation-input-array" count="63">

0.000000 0.033333 0.066667 0.100000 0.133333 0.166667 0.200000 0.233333 0.266667 0.300000 0.333333 0.366667 0.400000 0.433333 0.466667 0.500000
0.533333 0.566667 0.600000 0.633333 0.666667 0.700000 0.733333 0.766667 0.800000 0.833333 0.866667 0.900000 0.933333 0.966667 1.000000 1.033333
1.066667 1.100000 1.133333 1.166667 1.200000 1.233333 1.266667 1.300000 1.333333 1.366667 1.400000 1.433333 1.466667 1.500000 1.533333 1.566667
1.600000 1.633333 1.666667 1.700000 1.733333 1.766667 1.800000 1.833333 1.866667 1.900000 1.933333 1.966667 2.000000 2.033333 2.066667</float_array>
        <technique_common>
          <accessor source="#mixamorig_Spine-Matrix-animation-input-array" count="63">
            <param name="TIME" type="float"/>
          </accessor>
        </technique_common>
      </source>
      <source id="mixamorig_Spine-Matrix-animation-output-transform">
        <float_array id="mixamorig_Spine-Matrix-animation-output-transform-array" count="1008">

0.994979 -0.080546 0.059407 0.000000 0.077928 0.995936 0.045146 14.685700 -0.062802 -0.040290 0.997212 -1.734700 0.000000 0.000000 0.000000 1.000000
0.995268 -0.078354 0.057471 0.000000 0.075781 0.996078 0.045666 14.685700 -0.060823 -0.041095 0.997302 -1.734700 0.000000 0.000000 0.000000 1.000000
0.995601 -0.075264 0.055804 0.000000 0.072694 0.996258 0.046744 14.685700 -0.059113 -0.042482 0.997347 -1.734700 0.000000 0.000000 0.000000 1.000000
0.996001 -0.071635 0.053381 0.000000 0.069080 0.996443 0.048259 14.685700 -0.056648 -0.044379 0.997407 -1.734700 0.000000 0.000000 0.000000 1.000000
0.996519 -0.067534 0.048882 -0.000000 0.065079 0.996618 0.050176 14.685700 -0.052105 -0.046820 0.997543 -1.734700 0.000000 0.000000 0.000000 1.000000
0.997132 -0.062812 0.042222 0.000000 0.060567 0.996783 0.052500 14.685700 -0.045383 -0.049792 0.997728 -1.734700 0.000000 0.000000 0.000000 1.000000
0.997756 -0.057485 0.034330 0.000000 0.055537 0.996927 0.055242 14.685700 -0.037400 -0.053211 0.997883 -1.734700 0.000000 0.000000 0.000000 1.000000
0.998272 -0.052063 0.027240 0.000000 0.050411 0.997034 0.058157 14.685700 -0.030187 -0.056683 0.997936 -1.734700 0.000000 0.000000 0.000000 1.000000
0.998645 -0.047183 0.021965 -0.000000 0.045766 0.997085 0.061041 14.685700 -0.024781 -0.059953 0.997894 -1.734700 0.000000 0.000000 0.000000 1.000000
0.998894 -0.043304 0.018302 -0.000000 0.042054 0.997070 0.063900 14.685700 -0.021015 -0.063060 0.997788 -1.734700 0.000000 0.000000 0.000000 1.000000
0.999092 -0.039761 0.015314 0.000000 0.038647 0.996991 0.067201 14.685700 -0.017940 -0.066548 0.997622 -1.734700 0.000000 0.000000 0.000000 1.000000
0.999305 -0.034687 0.013644 -0.000000 0.033618 0.996838 0.071998 14.685700 -0.016098 -0.071489 0.997311 -1.734700 0.000000 0.000000 0.000000 1.000000
0.999482 -0.028297 0.015329 0.000000 0.026992 0.996468 0.079515 14.685700 -0.017525 -0.079060 0.996716 -1.734700 0.000000 0.000000 0.000000 1.000000
0.999503 -0.020496 0.023940 0.000000 0.018257 0.995754 0.090228 14.685700 -0.025688 -0.089746 0.995633 -1.734700 0.000000 0.000000 0.000000 1.000000
0.999025 -0.012370 0.042380 0.000000 0.007903 0.994546 0.104001 14.685700 -0.043436 -0.103564 0.993674 -1.734700 0.000000 0.000000 0.000000 1.000000
0.997754 -0.006351 0.066683 -0.000000 -0.001614 0.992926 0.118726 14.685700 -0.066965 -0.118567 0.990685 -1.734700 0.000000 0.000000 0.000000 1.000000
0.995809 -0.004145 0.091362 0.000000 -0.008005 0.991189 0.132215 14.685700 -0.091105 -0.132392 0.987002 -1.734700 0.000000 0.000000 0.000000 1.000000
0.993963 -0.004964 0.109602 0.000000 -0.010727 0.989794 0.142103 14.685700 -0.109188 -0.142421 0.983765 -1.734700 0.000000 0.000000 0.000000 1.000000
0.993003 -0.006913 0.117889 0.000000 -0.010636 0.988993 0.147580 14.685700 -0.117611 -0.147802 0.981999 -1.734700 0.000000 0.000000 0.000000 1.000000
0.993552 -0.008407 0.113063 0.000000 -0.008474 0.988951 0.148003 14.685700 -0.113058 -0.148007 0.982503 -1.734700 0.000000 0.000000 0.000000 1.000000
0.995380 -0.009313 0.095556 0.000000 -0.004648 0.989443 0.144845 14.685700 -0.095896 -0.144620 0.984829 -1.734700 0.000000 0.000000 0.000000 1.000000
0.997547 -0.011863 0.068988 0.000000 0.002166 0.990296 0.138960 14.685700 -0.069967 -0.138469 0.987892 -1.734700 0.000000 0.000000 0.000000 1.000000
0.999137 -0.019125 0.036859 -0.000000 0.014140 0.991275 0.131049 14.685700 -0.039044 -0.130415 0.990690 -1.734700 0.000000 0.000000 0.000000 1.000000
0.999468 -0.032363 0.004004 0.000000 0.031637 0.992088 0.121494 14.685700 -0.007904 -0.121302 0.992584 -1.734700 0.000000 0.000000 0.000000 1.000000
0.998590 -0.048758 -0.021008 0.000000 0.050786 0.992599 0.110310 14.685700 0.015474 -0.111222 0.993675 -1.734700 0.000000 0.000000 0.000000 1.000000
0.997160 -0.065053 -0.037937 0.000000 0.068514 0.992778 0.098473 14.685700 0.031257 -0.100793 0.994416 -1.734700 0.000000 0.000000 0.000000 1.000000
0.995942 -0.076539 -0.047353 -0.000000 0.080456 0.992933 0.087242 14.685700 0.040341 -0.090698 0.995061 -1.734700 0.000000 0.000000 0.000000 1.000000
0.995670 -0.078941 -0.049082 0.000000 0.082606 0.993542 0.077785 14.685700 0.042625 -0.081503 0.995761 -1.734700 0.000000 0.000000 0.000000 1.000000
0.996286 -0.072525 -0.046405 0.000000 0.075640 0.994723 0.069323 14.685700 0.041132 -0.072576 0.996514 -1.734700 0.000000 0.000000 0.000000 1.000000
0.997257 -0.057409 -0.046720 0.000000 0.060164 0.996392 0.059863 14.685700 0.043115 -0.062509 0.997113 -1.734700 0.000000 0.000000 0.000000 1.000000
0.997783 -0.038798 -0.054077 0.000000 0.041364 0.998031 0.047161 14.685700 0.052141 -0.049293 0.997422 -1.734700 0.000000 0.000000 0.000000 1.000000
0.997727 -0.019501 -0.064498 0.000000 0.021548 0.999281 0.031186 14.685700 0.063844 -0.032505 0.997430 -1.734700 0.000000 0.000000 0.000000 1.000000
0.997351 -0.001424 -0.072727 0.000000 0.002436 0.999902 0.013820 14.685700 0.072700 -0.013961 0.997256 -1.734700 0.000000 0.000000 0.000000 1.000000
0.996779 0.014544 -0.078865 0.000000 -0.014703 0.999891 -0.001433 14.685700 0.078836 0.002588 0.996884 -1.734700 0.000000 0.000000 0.000000 1.000000
0.996504 0.024846 -0.079771 0.000000 -0.025900 0.999590 -0.012215 14.685700 0.079434 0.014238 0.996738 -1.734700 0.000000 0.000000 0.000000 1.000000
0.996780 0.025982 -0.075853 -0.000000 -0.027401 0.999467 -0.017729 14.685700 0.075352 0.019751 0.996961 -1.734700 0.000000 0.000000 0.000000 1.000000
0.997463 0.018893 -0.068632 0.000000 -0.020246 0.999613 -0.019076 14.685700 0.068245 0.020417 0.997460 -1.734700 0.000000 0.000000 0.000000 1.000000
0.998252 0.005799 -0.058812 -0.000000 -0.006803 0.999834 -0.016875 14.685700 0.058704 0.017245 0.998126 -1.734700 0.000000 0.000000 0.000000 1.000000
0.998923 -0.009842 -0.045335 0.000000 0.009297 0.999882 -0.012218 14.685700 0.045450 0.011784 0.998897 -1.734700 0.000000 0.000000 0.000000 1.000000
0.999305 -0.025365 -0.027324 0.000000 0.025230 0.999668 -0.005264 14.685700 0.027448 0.004570 0.999613 -1.734700 0.000000 0.000000 0.000000 1.000000
0.999267 -0.037921 -0.005294 0.000000 0.037943 0.999272 0.004032 14.685700 0.005137 -0.004230 0.999978 -1.734700 0.000000 0.000000 0.000000 1.000000
0.998776 -0.046385 0.017155 0.000000 0.046131 0.998824 0.014945 14.685700 -0.017828 -0.014135 0.999741 -1.734700 0.000000 0.000000 0.000000 1.000000
0.998050 -0.051087 0.035861 0.000000 0.050160 0.998395 0.026293 14.685700 -0.037147 -0.024443 0.999011 -1.734700 0.000000 0.000000 0.000000 1.000000
0.997413 -0.054135 0.047296 0.000000 0.052454 0.997971 0.036088 14.685700 -0.049154 -0.033513 0.998229 -1.734700 0.000000 0.000000 0.000000 1.000000
0.997032 -0.057143 0.051592 0.000000 0.054960 0.997572 0.042783 14.685700 -0.053911 -0.039821 0.997751 -1.734700 0.000000 0.000000 0.000000 1.000000
0.996824 -0.061015 0.051180 0.000000 0.058722 0.997252 0.045161 14.685700 -0.053795 -0.042012 0.997668 -1.734700 0.000000 0.000000 0.000000 1.000000
0.996628 -0.065031 0.050027 0.000000 0.062811 0.997022 0.044742 14.685700 -0.052788 -0.041449 0.997745 -1.734700 0.000000 0.000000 0.000000 1.000000
0.996409 -0.068418 0.049891 0.000000 0.066270 0.996853 0.043502 14.685700 -0.052710 -0.040039 0.997807 -1.734700 0.000000 0.000000 0.000000 1.000000
0.996093 -0.072124 0.050963 0.000000 0.069920 0.996591 0.043782 14.685700 -0.053947 -0.040048 0.997740 -1.734700 0.000000 0.000000 0.000000 1.000000
0.995764 -0.075928 0.051864 0.000000 0.073572 0.996232 0.045930 14.685700 -0.055156 -0.041919 0.997597 -1.734700 0.000000 0.000000 0.000000 1.000000
0.995569 -0.078711 0.051443 0.000000 0.076216 0.995898 0.048777 14.685700 -0.055071 -0.044640 0.997484 -1.734700 0.000000 0.000000 0.000000 1.000000
0.995531 -0.080095 0.050039 0.000000 0.077575 0.995711 0.050424 14.685700 -0.053863 -0.046317 0.997474 -1.734700 0.000000 0.000000 0.000000 1.000000
0.995554 -0.080698 0.048589 0.000000 0.078262 0.995672 0.050118 14.685700 -0.052423 -0.046092 0.997561 -1.734700 0.000000 0.000000 0.000000 1.000000
0.995512 -0.081250 0.048527 0.000000 0.078899 0.995701 0.048532 14.685700 -0.052261 -0.044486 0.997642 -1.734700 0.000000 0.000000 0.000000 1.000000
0.995349 -0.082112 0.050385 0.000000 0.079755 0.995700 0.047127 14.685700 -0.054038 -0.042890 0.997617 -1.734700 0.000000 0.000000 0.000000 1.000000
0.995072 -0.082970 0.054298 0.000000 0.080458 0.995653 0.046930 14.685700 -0.057956 -0.042330 0.997421 -1.734700 0.000000 0.000000 0.000000 1.000000
0.994767 -0.083237 0.059245 0.000000 0.080468 0.995616 0.047676 14.685700 -0.062953 -0.042659 0.997104 -1.734700 0.000000 0.000000 0.000000 1.000000
0.994484 -0.083109 0.063996 0.000000 0.080079 0.995606 0.048544 14.685700 -0.067749 -0.043151 0.996769 -1.734700 0.000000 0.000000 0.000000 1.000000
0.994313 -0.082973 0.066768 0.000000 0.079818 0.995623 0.048617 14.685700 -0.070510 -0.043011 0.996583 -1.734700 0.000000 0.000000 0.000000 1.000000
0.994291 -0.083026 0.067031 0.000000 0.079915 0.995653 0.047834 14.685700 -0.070711 -0.042204 0.996604 -1.734700 0.000000 0.000000 0.000000 1.000000
0.994427 -0.083005 0.064997 -0.000000 0.080067 0.995701 0.046567 14.685700 -0.068583 -0.041103 0.996798 -1.734700 0.000000 0.000000 0.000000 1.000000
0.994671 -0.082312 0.062082 0.000000 0.079562 0.995789 0.045539 14.685700 -0.065569 -0.040357 0.997032 -1.734700 0.000000 0.000000 0.000000 1.000000
0.994979 -0.080546 0.059407 -0.000000 0.077928 0.995936 0.045146 14.685700 -0.062802 -0.040290 0.997212 -1.734700 0.000000 0.000000 0.000000 1.000000</float_array>
        <technique_common>
          <accessor source="#mixamorig_Spine-Matrix-animation-output-transform-array" count="63" stride="16">
            <param type="float4x4"/>
          </accessor>
        </technique_common>
      </source>
      <source id="mixamorig_Spine-Interpolations">
        <Name_array id="mixamorig_Spine-Interpolations-array" count="63">
 LINEAR LINEAR LINEAR LINEAR LINEAR LINEAR LINEAR LINEAR LINEAR LINEAR LINEAR
LINEAR LINEAR LINEAR LINEAR LINEAR LINEAR LINEAR LINEAR LINEAR LINEAR LINEAR LINEAR
LINEAR LINEAR LINEAR LINEAR LINEAR LINEAR LINEAR LINEAR LINEAR LINEAR LINEAR LINEAR
LINEAR LINEAR LINEAR LINEAR LINEAR LINEAR LINEAR LINEAR LINEAR LINEAR LINEAR LINEAR
LINEAR LINEAR LINEAR LINEAR LINEAR LINEAR LINEAR LINEAR LINEAR LINEAR LINEAR LINEAR
LINEAR LINEAR LINEAR LINEAR</Name_array>
        <technique_common>
          <accessor source="#mixamorig_Spine-Interpolations-array" count="63">
            <param type="name"/>
          </accessor>
        </technique_common>
      </source>
      <sampler id="mixamorig_Spine-Matrix-animation-transform">
        <input semantic="INPUT" source="#mixamorig_Spine-Matrix-animation-input"/>
        <input semantic="OUTPUT" source="#mixamorig_Spine-Matrix-animation-output-transform"/>
        <input semantic="INTERPOLATION" source="#mixamorig_Spine-Interpolations"/>
      </sampler>
      <channel source="#mixamorig_Spine-Matrix-animation-transform" target="mixamorig_Spine/matrix"/>
    </animation>
    <animation id="mixamorig_Spine1-anim" name="mixamorig_Spine1">
      <source id="mixamorig_Spine1-Matrix-animation-input">
        <float_array id="mixamorig_Spine1-Matrix-animation-input-array" count="63">

0.000000 0.033333 0.066667 0.100000 0.133333 0.166667 0.200000 0.233333 0.266667 0.300000 0.333333 0.366667 0.400000 0.433333 0.466667 0.500000
0.533333 0.566667 0.600000 0.633333 0.666667 0.700000 0.733333 0.766667 0.800000 0.833333 0.866667 0.900000 0.933333 0.966667 1.000000 1.033333
1.066667 1.100000 1.133333 1.166667 1.200000 1.233333 1.266667 1.300000 1.333333 1.366667 1.400000 1.433333 1.466667 1.500000 1.533333 1.566667
1.600000 1.633333 1.666667 1.700000 1.733333 1.766667 1.800000 1.833333 1.866667 1.900000 1.933333 1.966667 2.000000 2.033333 2.066667</float_array>
        <technique_common>
          <accessor source="#mixamorig_Spine1-Matrix-animation-input-array" count="63">
            <param name="TIME" type="float"/>
          </accessor>
        </technique_common>
      </source>
      <source id="mixamorig_Spine1-Matrix-animation-output-transform">
        <float_array id="mixamorig_Spine1-Matrix-animation-output-transform-array" count="1008">

0.999500 -0.018179 0.025862 0.000000 0.019180 0.999054 -0.039030 17.252399 -0.025128 0.039507 0.998903 0.000000 0.000000 0.000000 0.000000 1.000000
0.999560 -0.017146 0.024194 0.000000 0.018096 0.999051 -0.039609 17.252399 -0.023492 0.040030 0.998922 0.000000 0.000000 0.000000 0.000000 1.000000
0.999556 -0.017049 0.024416 0.000000 0.018042 0.998995 -0.041033 17.252399 -0.023692 0.041456 0.998859 -0.000000 0.000000 0.000000 0.000000 1.000000
0.999559 -0.017132 0.024255 0.000000 0.018162 0.998914 -0.042918 17.252399 -0.023494 0.043339 0.998784 0.000000 0.000000 0.000000 0.000000 1.000000
0.999653 -0.016035 0.020893 0.000000 0.016955 0.998861 -0.044603 17.252399 -0.020154 0.044942 0.998786 -0.000000 0.000000 0.000000 0.000000 1.000000
0.999819 -0.013074 0.013852 0.000000 0.013695 0.998861 -0.045697 17.252399 -0.013239 0.045879 0.998859 -0.000000 0.000000 0.000000 0.000000 1.000000
0.999954 -0.008412 0.004579 0.000000 0.008614 0.998904 -0.046004 17.252399 -0.004187 0.046041 0.998931 0.000000 0.000000 0.000000 0.000000 1.000000
0.999986 -0.004087 -0.003420 0.000000 0.003926 0.998944 -0.045781 17.252399 0.003604 0.045767 0.998946 0.000000 0.000000 0.000000 0.000000 1.000000
0.999964 -0.002251 -0.008155 -0.000000 0.001880 0.998973 -0.045273 17.252399 0.008249 0.045256 0.998941 0.000000 0.000000 0.000000 0.000000 1.000000
0.999943 -0.004586 -0.009691 0.000000 0.004151 0.999001 -0.044485 17.252399 0.009886 0.044442 0.998963 -0.000000 0.000000 0.000000 0.000000 1.000000
0.999903 -0.009916 -0.009811 -0.000000 0.009487 0.999036 -0.042860 17.252399 0.010226 0.042763 0.999033 0.000000 0.000000 0.000000 0.000000 1.000000
0.999839 -0.015888 -0.008331 -0.000000 0.015553 0.999126 -0.038799 17.252399 0.008941 0.038663 0.999212 0.000000 0.000000 0.000000 0.000000 1.000000
0.999811 -0.019334 -0.001926 0.000000 0.019267 0.999354 -0.030347 17.252399 0.002511 0.030304 0.999538 -0.000000 0.000000 0.000000 0.000000 1.000000
0.999730 -0.018926 0.013511 0.000000 0.019147 0.999681 -0.016455 17.252399 -0.013195 0.016709 0.999773 0.000000 0.000000 0.000000 0.000000 1.000000
0.999012 -0.014851 0.041894 -0.000000 0.014739 0.999887 0.002968 17.252399 -0.041933 -0.002348 0.999118 0.000000 0.000000 0.000000 0.000000 1.000000
0.996868 -0.009969 0.078457 0.000000 0.008086 0.999672 0.024285 17.252399 -0.078673 -0.023574 0.996622 0.000000 0.000000 0.000000 0.000000 1.000000
0.993244 -0.006492 0.115866 -0.000000 0.001478 0.999061 0.043311 17.252399 -0.116038 -0.042848 0.992320 -0.000000 0.000000 0.000000 0.000000 1.000000
0.989588 -0.005200 0.143838 0.000000 -0.002830 0.998451 0.055562 17.252399 -0.143904 -0.055391 0.988040 0.000000 0.000000 0.000000 0.000000 1.000000
0.987571 -0.004733 0.157101 0.000000 -0.004692 0.998213 0.059573 17.252399 -0.157102 -0.059570 0.985784 0.000000 0.000000 0.000000 0.000000 1.000000
0.988480 -0.003195 0.151320 0.000000 -0.005117 0.998500 0.054504 17.252399 -0.151267 -0.054650 0.986981 0.000000 0.000000 0.000000 0.000000 1.000000
0.991426 -0.001014 0.130666 0.000000 -0.004748 0.999030 0.043781 17.252399 -0.130583 -0.044026 0.990459 0.000000 0.000000 0.000000 0.000000 1.000000
0.995172 -0.001640 0.098132 -0.000000 -0.001305 0.999551 0.029932 17.252399 -0.098137 -0.029916 0.994723 0.000000 0.000000 0.000000 0.000000 1.000000
0.998242 -0.011264 0.058192 0.000000 0.010417 0.999835 0.014850 17.252399 -0.058350 -0.014217 0.998195 -0.000000 0.000000 0.000000 0.000000 1.000000
0.999356 -0.031875 0.016449 0.000000 0.031907 0.999489 -0.001661 17.252399 -0.016388 0.002184 0.999863 -0.000000 0.000000 0.000000 0.000000 1.000000
0.997905 -0.061218 -0.020914 -0.000000 0.060778 0.997929 -0.021054 17.252399 0.022160 0.019739 0.999560 0.000000 0.000000 0.000000 0.000000 1.000000
0.994865 -0.088924 -0.048342 0.000000 0.086863 0.995284 -0.043188 17.252399 0.051954 0.038767 0.997897 0.000000 0.000000 0.000000 0.000000 1.000000
0.992379 -0.105474 -0.063716 0.000000 0.101285 0.992683 -0.065740 17.252399 0.070184 0.058786 0.995800 0.000000 0.000000 0.000000 0.000000 1.000000
0.992276 -0.103148 -0.068911 0.000000 0.097172 0.991625 -0.085071 17.252399 0.077109 0.077718 0.993989 0.000000 0.000000 0.000000 0.000000 1.000000
0.993727 -0.085736 -0.071811 -0.000000 0.078298 0.991834 -0.100669 17.252399 0.079855 0.094414 0.992325 -0.000000 0.000000 0.000000 0.000000 1.000000
0.995160 -0.058670 -0.078829 0.000000 0.049402 0.992164 -0.114761 17.252399 0.084944 0.110312 0.990260 0.000000 0.000000 0.000000 0.000000 1.000000
0.995355 -0.030309 -0.091372 0.000000 0.018104 0.991143 -0.131558 17.252399 0.094550 0.129293 0.987088 0.000000 0.000000 0.000000 0.000000 1.000000
0.994481 -0.005170 -0.104792 0.000000 -0.010918 0.988264 -0.152368 17.252399 0.104350 0.152671 0.982753 0.000000 0.000000 0.000000 0.000000 1.000000
0.993757 0.014084 -0.110677 0.000000 -0.033468 0.983946 -0.175298 17.252399 0.106432 0.177908 0.978275 -0.000000 0.000000 0.000000 0.000000 1.000000
0.993932 0.027863 -0.106410 0.000000 -0.048370 0.979547 -0.195316 17.252399 0.098792 0.199278 0.974951 0.000000 0.000000 0.000000 0.000000 1.000000
0.994942 0.035426 -0.093996 -0.000000 -0.054471 0.976495 -0.208542 17.252399 0.084399 0.212607 0.973486 0.000000 0.000000 0.000000 0.000000 1.000000
0.996072 0.035808 -0.080981 0.000000 -0.052446 0.975479 -0.213753 17.252399 0.071342 0.217161 0.973525 0.000000 0.000000 0.000000 0.000000 1.000000
0.996931 0.029347 -0.072577 0.000000 -0.044259 0.975983 -0.213305 17.252399 0.064574 0.215863 0.974286 -0.000000 0.000000 0.000000 0.000000 1.000000
0.997484 0.016286 -0.069003 0.000000 -0.030428 0.977404 -0.209180 17.252399 0.064037 0.210754 0.975439 0.000000 0.000000 0.000000 0.000000 1.000000
0.997987 0.000069 -0.063423 0.000000 -0.012964 0.979106 -0.202936 17.252399 0.062084 0.203350 0.977136 0.000000 0.000000 0.000000 0.000000 1.000000
0.998654 -0.015823 -0.049395 0.000000 0.005946 0.980979 -0.194024 17.252399 0.051525 0.193469 0.979753 0.000000 0.000000 0.000000 0.000000 1.000000
0.999336 -0.027316 -0.024112 0.000000 0.022514 0.983259 -0.180815 17.252399 0.028647 0.180152 0.983221 0.000000 0.000000 0.000000 0.000000 1.000000
0.999427 -0.033286 0.006181 0.000000 0.033849 0.985991 -0.163326 17.252399 -0.000658 0.163441 0.986553 0.000000 0.000000 0.000000 0.000000 1.000000
0.998888 -0.033997 0.032649 0.000000 0.038331 0.988996 -0.142890 17.252399 -0.027432 0.143982 0.989200 0.000000 0.000000 0.000000 0.000000 1.000000
0.998302 -0.032689 0.048207 -0.000000 0.038430 0.991610 -0.123424 17.252399 -0.043768 0.125068 0.991182 0.000000 0.000000 0.000000 0.000000 1.000000
0.998101 -0.032045 0.052611 -0.000000 0.037601 0.993411 -0.108261 17.252399 -0.048795 0.110034 0.992729 -0.000000 0.000000 0.000000 0.000000 1.000000
0.998191 -0.033860 0.049683 0.000000 0.038704 0.994233 -0.100017 17.252399 -0.046010 0.101759 0.993745 -0.000000 0.000000 0.000000 0.000000 1.000000
0.998240 -0.037480 0.045956 0.000000 0.041779 0.994459 -0.096468 17.252399 -0.042086 0.098218 0.994275 -0.000000 0.000000 0.000000 0.000000 1.000000
0.998154 -0.041723 0.044139 0.000000 0.045744 0.994483 -0.094403 17.252399 -0.039957 0.096248 0.994555 -0.000000 0.000000 0.000000 0.000000 1.000000
0.998035 -0.045165 0.043442 0.000000 0.048934 0.994738 -0.090009 17.252399 -0.039148 0.091958 0.994993 -0.000000 0.000000 0.000000 0.000000 1.000000
0.998010 -0.047248 0.041763 0.000000 0.050574 0.995303 -0.082548 17.252399 -0.037666 0.084496 0.995712 0.000000 0.000000 0.000000 0.000000 1.000000
0.998150 -0.047697 0.037698 0.000000 0.050378 0.996008 -0.073696 17.252399 -0.034032 0.075459 0.996568 0.000000 0.000000 0.000000 0.000000 1.000000
0.998366 -0.047028 0.032470 -0.000000 0.049110 0.996570 -0.066611 17.252399 -0.029226 0.068097 0.997251 0.000000 0.000000 0.000000 0.000000 1.000000
0.998567 -0.045660 0.027926 0.000000 0.047341 0.996901 -0.062823 17.252399 -0.024971 0.064055 0.997634 0.000000 0.000000 0.000000 0.000000 1.000000
0.998689 -0.044059 0.026062 0.000000 0.045594 0.997059 -0.061592 17.252399 -0.023271 0.062700 0.997761 0.000000 0.000000 0.000000 0.000000 1.000000
0.998725 -0.042413 0.027362 0.000000 0.044008 0.997191 -0.060604 17.252399 -0.024714 0.061731 0.997787 0.000000 0.000000 0.000000 0.000000 1.000000
0.998666 -0.040541 0.031968 0.000000 0.042349 0.997415 -0.058057 17.252399 -0.029532 0.059334 0.997801 0.000000 0.000000 0.000000 0.000000 1.000000
0.998540 -0.038131 0.038257 0.000000 0.040167 0.997735 -0.053958 17.252399 -0.036113 0.055416 0.997810 0.000000 0.000000 0.000000 0.000000 1.000000
0.998416 -0.035049 0.044023 -0.000000 0.037213 0.998088 -0.049352 17.252399 -0.042209 0.050912 0.997811 0.000000 0.000000 0.000000 0.000000 1.000000
0.998441 -0.031384 0.046149 0.000000 0.033486 0.998403 -0.045496 17.252399 -0.044647 0.046970 0.997898 0.000000 0.000000 0.000000 0.000000 1.000000
0.998661 -0.027512 0.043814 0.000000 0.029384 0.998657 -0.042671 17.252399 -0.042581 0.043902 0.998128 0.000000 0.000000 0.000000 0.000000 1.000000
0.999006 -0.023761 0.037705 0.000000 0.025295 0.998849 -0.040760 17.252399 -0.036693 0.041674 0.998457 0.000000 0.000000 0.000000 0.000000 1.000000
0.999312 -0.020537 0.030899 0.000000 0.021752 0.998982 -0.039529 17.252399 -0.030056 0.040174 0.998741 0.000000 0.000000 0.000000 0.000000 1.000000
0.999500 -0.018179 0.025862 -0.000000 0.019180 0.999054 -0.039030 17.252399 -0.025128 0.039507 0.998903 0.000000 0.000000 0.000000 0.000000 1.000000</float_array>
        <technique_common>
          <accessor source="#mixamorig_Spine1-Matrix-animation-output-transform-array" count="63" stride="16">
            <param type="float4x4"/>
          </accessor>
        </technique_common>
      </source>
      <source id="mixamorig_Spine1-Interpolations">
        <Name_array id="mixamorig_Spine1-Interpolations-array" count="63">
 LINEAR LINEAR LINEAR LINEAR LINEAR LINEAR LINEAR LINEAR LINEAR LINEAR LINEAR
LINEAR LINEAR LINEAR LINEAR LINEAR LINEAR LINEAR LINEAR LINEAR LINEAR LINEAR LINEAR
LINEAR LINEAR LINEAR LINEAR LINEAR LINEAR LINEAR LINEAR LINEAR LINEAR LINEAR LINEAR
LINEAR LINEAR LINEAR LINEAR LINEAR LINEAR LINEAR LINEAR LINEAR LINEAR LINEAR LINEAR
LINEAR LINEAR LINEAR LINEAR LINEAR LINEAR LINEAR LINEAR LINEAR LINEAR LINEAR LINEAR
LINEAR LINEAR LINEAR LINEAR</Name_array>
        <technique_common>
          <accessor source="#mixamorig_Spine1-Interpolations-array" count="63">
            <param type="name"/>
          </accessor>
        </technique_common>
      </source>
      <sampler id="mixamorig_Spine1-Matrix-animation-transform">
        <input semantic="INPUT" source="#mixamorig_Spine1-Matrix-animation-input"/>
        <input semantic="OUTPUT" source="#mixamorig_Spine1-Matrix-animation-output-transform"/>
        <input semantic="INTERPOLATION" source="#mixamorig_Spine1-Interpolations"/>
      </sampler>
      <channel source="#mixamorig_Spine1-Matrix-animation-transform" target="mixamorig_Spine1/matrix"/>
    </animation>
    <animation id="mixamorig_Spine2-anim" name="mixamorig_Spine2">
      <source id="mixamorig_Spine2-Matrix-animation-input">
        <float_array id="mixamorig_Spine2-Matrix-animation-input-array" count="63">

0.000000 0.033333 0.066667 0.100000 0.133333 0.166667 0.200000 0.233333 0.266667 0.300000 0.333333 0.366667 0.400000 0.433333 0.466667 0.500000
0.533333 0.566667 0.600000 0.633333 0.666667 0.700000 0.733333 0.766667 0.800000 0.833333 0.866667 0.900000 0.933333 0.966667 1.000000 1.033333
1.066667 1.100000 1.133333 1.166667 1.200000 1.233333 1.266667 1.300000 1.333333 1.366667 1.400000 1.433333 1.466667 1.500000 1.533333 1.566667
1.600000 1.633333 1.666667 1.700000 1.733333 1.766667 1.800000 1.833333 1.866667 1.900000 1.933333 1.966667 2.000000 2.033333 2.066667</float_array>
        <technique_common>
          <accessor source="#mixamorig_Spine2-Matrix-animation-input-array" count="63">
            <param name="TIME" type="float"/>
          </accessor>
        </technique_common>
      </source>
      <source id="mixamorig_Spine2-Matrix-animation-output-transform">
        <float_array id="mixamorig_Spine2-Matrix-animation-output-transform-array" count="1008">

0.999476 -0.017431 0.027289 0.000000 0.018473 0.999091 -0.038420 19.717100 -0.026595 0.038904 0.998889 0.000000 0.000000 0.000000 0.000000 1.000000
0.999536 -0.016407 0.025656 -0.000000 0.017402 0.999087 -0.039018 19.717100 -0.024993 0.039447 0.998909 0.000000 0.000000 0.000000 0.000000 1.000000
0.999532 -0.016350 0.025870 -0.000000 0.017389 0.999030 -0.040448 19.717100 -0.025184 0.040879 0.998847 0.000000 0.000000 0.000000 0.000000 1.000000
0.999534 -0.016484 0.025677 -0.000000 0.017562 0.998949 -0.042345 19.717100 -0.024952 0.042776 0.998773 -0.000000 0.000000 0.000000 0.000000 1.000000
0.999633 -0.015421 0.022279 0.000000 0.016392 0.998894 -0.044075 19.717100 -0.021575 0.044424 0.998780 0.000000 0.000000 0.000000 0.000000 1.000000
0.999807 -0.012470 0.015202 0.000000 0.013146 0.998889 -0.045250 19.717100 -0.014621 0.045441 0.998860 -0.000000 0.000000 0.000000 0.000000 1.000000
0.999952 -0.007795 0.005882 0.000000 0.008056 0.998925 -0.045656 19.717100 -0.005520 0.045701 0.998940 0.000000 0.000000 0.000000 0.000000 1.000000
0.999992 -0.003458 -0.002190 -0.000000 0.003355 0.998958 -0.045523 19.717100 0.002346 0.045515 0.998961 0.000000 0.000000 0.000000 0.000000 1.000000
0.999974 -0.001628 -0.007036 -0.000000 0.001309 0.998983 -0.045079 19.717100 0.007102 0.045069 0.998959 0.000000 0.000000 0.000000 0.000000 1.000000
0.999954 -0.003989 -0.008719 0.000000 0.003599 0.999010 -0.044334 19.717100 0.008888 0.044301 0.998979 0.000000 0.000000 0.000000 0.000000 1.000000
0.999916 -0.009361 -0.009003 0.000000 0.008968 0.999046 -0.042736 19.717100 0.009394 0.042652 0.999046 -0.000000 0.000000 0.000000 0.000000 1.000000
0.999852 -0.015395 -0.007685 0.000000 0.015087 0.999138 -0.038672 19.717100 0.008273 0.038550 0.999222 0.000000 0.000000 0.000000 0.000000 1.000000
0.999820 -0.018944 -0.001435 0.000000 0.018892 0.999367 -0.030160 19.717100 0.002005 0.030128 0.999544 0.000000 0.000000 0.000000 0.000000 1.000000
0.999729 -0.018705 0.013851 0.000000 0.018928 0.999691 -0.016143 19.717100 -0.013545 0.016401 0.999774 0.000000 0.000000 0.000000 0.000000 1.000000
0.999002 -0.014903 0.042104 0.000000 0.014772 0.999885 0.003423 19.717100 -0.042150 -0.002798 0.999107 0.000000 0.000000 0.000000 0.000000 1.000000
0.996853 -0.010383 0.078593 0.000000 0.008459 0.999657 0.024784 19.717100 -0.078824 -0.024041 0.996599 0.000000 0.000000 0.000000 0.000000 1.000000
0.993217 -0.007338 0.116045 -0.000000 0.002285 0.999046 0.043610 19.717100 -0.116254 -0.043049 0.992286 -0.000000 0.000000 0.000000 0.000000 1.000000
0.989529 -0.006479 0.144188 -0.000000 -0.001528 0.998466 0.055350 19.717100 -0.144325 -0.054991 0.988001 0.000000 0.000000 0.000000 0.000000 1.000000
0.987469 -0.006367 0.157682 0.000000 -0.002928 0.998275 0.058647 19.717100 -0.157783 -0.058373 0.985747 0.000000 0.000000 0.000000 0.000000 1.000000
0.988357 -0.004984 0.152072 0.000000 -0.003104 0.998595 0.052899 19.717100 -0.152122 -0.052755 0.986953 0.000000 0.000000 0.000000 0.000000 1.000000
0.991322 -0.002717 0.131425 0.000000 -0.002805 0.999122 0.041809 19.717100 -0.131424 -0.041815 0.990444 0.000000 0.000000 0.000000 0.000000 1.000000
0.995114 -0.003010 0.098689 0.000000 0.000239 0.999606 0.028077 19.717100 -0.098735 -0.027916 0.994722 -0.000000 0.000000 0.000000 0.000000 1.000000
0.998222 -0.012131 0.058354 0.000000 0.011357 0.999843 0.013582 19.717100 -0.058510 -0.012895 0.998204 0.000000 0.000000 0.000000 0.000000 1.000000
0.999353 -0.032181 0.016070 0.000000 0.032219 0.999479 -0.002123 19.717100 -0.015994 0.002640 0.999869 0.000000 0.000000 0.000000 0.000000 1.000000
0.997895 -0.060995 -0.022019 0.000000 0.060541 0.997950 -0.020766 19.717100 0.023240 0.019390 0.999542 0.000000 0.000000 0.000000 0.000000 1.000000
0.994823 -0.088247 -0.050394 0.000000 0.086152 0.995381 -0.042352 19.717100 0.053899 0.037791 0.997831 0.000000 0.000000 0.000000 0.000000 1.000000
0.992277 -0.104443 -0.066922 0.000000 0.100157 0.992879 -0.064491 19.717100 0.073181 0.057290 0.995672 0.000000 0.000000 0.000000 0.000000 1.000000
0.992090 -0.101894 -0.073316 0.000000 0.095717 0.991914 -0.083340 19.717100 0.081215 0.075663 0.993820 -0.000000 0.000000 0.000000 0.000000 1.000000
0.993438 -0.084382 -0.077202 0.000000 0.076639 0.992202 -0.098295 19.717100 0.084895 0.091734 0.992158 0.000000 0.000000 0.000000 0.000000 1.000000
0.994752 -0.057329 -0.084749 0.000000 0.047690 0.992600 -0.111677 19.717100 0.090524 0.107049 0.990124 -0.000000 0.000000 0.000000 0.000000 1.000000
0.994829 -0.029074 -0.097310 0.000000 0.016463 0.991641 -0.127973 19.717100 0.100217 0.125709 0.986992 0.000000 0.000000 0.000000 0.000000 1.000000
0.993882 -0.004129 -0.110371 0.000000 -0.012404 0.988806 -0.148693 19.717100 0.109749 0.149152 0.982705 0.000000 0.000000 0.000000 0.000000 1.000000
0.993173 0.014812 -0.115705 0.000000 -0.034726 0.984475 -0.172054 19.717100 0.111360 0.174897 0.978269 0.000000 0.000000 0.000000 0.000000 1.000000
0.993430 0.028199 -0.110914 0.000000 -0.049339 0.980004 -0.192762 19.717100 0.103260 0.196968 0.974957 0.000000 0.000000 0.000000 0.000000 1.000000
0.994547 0.035374 -0.098106 0.000000 -0.055131 0.976856 -0.206673 19.717100 0.088524 0.210954 0.973479 -0.000000 0.000000 0.000000 0.000000 1.000000
0.995762 0.035515 -0.084838 0.000000 -0.052891 0.975767 -0.212322 19.717100 0.075241 0.215909 0.973510 -0.000000 0.000000 0.000000 0.000000 1.000000
0.996666 0.029040 -0.076242 0.000000 -0.044667 0.976235 -0.212062 19.717100 0.068272 0.214761 0.974278 0.000000 0.000000 0.000000 0.000000 1.000000
0.997242 0.016208 -0.072433 0.000000 -0.030997 0.977638 -0.207998 19.717100 0.067442 0.209670 0.975444 -0.000000 0.000000 0.000000 0.000000 1.000000
0.997786 0.000298 -0.066501 0.000000 -0.013747 0.979313 -0.201885 19.717100 0.065065 0.202353 0.977149 -0.000000 0.000000 0.000000 0.000000 1.000000
0.998529 -0.015395 -0.051995 0.000000 0.005065 0.981137 -0.193247 19.717100 0.053989 0.192699 0.979772 0.000000 0.000000 0.000000 0.000000 1.000000
0.999294 -0.026956 -0.026174 0.000000 0.021802 0.983355 -0.180384 19.717100 0.030601 0.179686 0.983248 0.000000 0.000000 0.000000 0.000000 1.000000
0.999438 -0.033207 0.004619 0.000000 0.033515 0.986030 -0.163163 19.717100 0.000863 0.163226 0.986588 0.000000 0.000000 0.000000 0.000000 1.000000
0.998917 -0.034264 0.031473 0.000000 0.038424 0.989002 -0.142827 19.717100 -0.026233 0.143881 0.989247 0.000000 0.000000 0.000000 0.000000 1.000000
0.998330 -0.033172 0.047294 0.000000 0.038792 0.991607 -0.123335 19.717100 -0.042805 0.124964 0.991238 0.000000 0.000000 0.000000 0.000000 1.000000
0.998123 -0.032549 0.051868 -0.000000 0.038013 0.993413 -0.108097 19.717100 -0.048008 0.109866 0.992786 0.000000 0.000000 0.000000 0.000000 1.000000
0.998209 -0.034223 0.049065 0.000000 0.038992 0.994244 -0.099789 19.717100 -0.045367 0.101524 0.993798 0.000000 0.000000 0.000000 0.000000 1.000000
0.998255 -0.037672 0.045465 0.000000 0.041911 0.994481 -0.096186 19.717100 -0.041590 0.097924 0.994324 0.000000 0.000000 0.000000 0.000000 1.000000
0.998165 -0.041785 0.043815 0.000000 0.045761 0.994514 -0.094063 19.717100 -0.039644 0.095895 0.994602 0.000000 0.000000 0.000000 0.000000 1.000000
0.998040 -0.045139 0.043335 0.000000 0.048882 0.994777 -0.089603 19.717100 -0.039064 0.091546 0.995034 0.000000 0.000000 0.000000 0.000000 1.000000
0.998009 -0.047138 0.041904 0.000000 0.050459 0.995347 -0.082082 19.717100 -0.037840 0.084033 0.995744 0.000000 0.000000 0.000000 0.000000 1.000000
0.998146 -0.047483 0.038076 0.000000 0.050175 0.996055 -0.073195 19.717100 -0.034450 0.074970 0.996591 0.000000 0.000000 0.000000 0.000000 1.000000
0.998363 -0.046699 0.033027 0.000000 0.048804 0.996619 -0.066104 19.717100 -0.029828 0.067607 0.997266 -0.000000 0.000000 0.000000 0.000000 1.000000
0.998567 -0.045233 0.028589 0.000000 0.046944 0.996951 -0.062322 19.717100 -0.025683 0.063575 0.997647 0.000000 0.000000 0.000000 0.000000 1.000000
0.998692 -0.043573 0.026765 0.000000 0.045141 0.997111 -0.061093 19.717100 -0.024026 0.062221 0.997773 0.000000 0.000000 0.000000 0.000000 1.000000
0.998727 -0.041905 0.028076 0.000000 0.043532 0.997244 -0.060082 19.717100 -0.025481 0.061228 0.997799 0.000000 0.000000 0.000000 0.000000 1.000000
0.998663 -0.040042 0.032692 -0.000000 0.041876 0.997468 -0.057480 19.717100 -0.030307 0.058773 0.997811 0.000000 0.000000 0.000000 0.000000 1.000000
0.998529 -0.037647 0.039008 0.000000 0.039702 0.997789 -0.053304 19.717100 -0.036915 0.054775 0.997816 0.000000 0.000000 0.000000 0.000000 1.000000
0.998396 -0.034571 0.044828 -0.000000 0.036746 0.998141 -0.048622 19.717100 -0.043064 0.050192 0.997811 0.000000 0.000000 0.000000 0.000000 1.000000
0.998415 -0.030881 0.047049 0.000000 0.032990 0.998454 -0.044725 19.717100 -0.045595 0.046206 0.997891 0.000000 0.000000 0.000000 0.000000 1.000000
0.998630 -0.026951 0.044847 -0.000000 0.028835 0.998705 -0.041907 19.717100 -0.043660 0.043143 0.998114 -0.000000 0.000000 0.000000 0.000000 1.000000
0.998976 -0.023122 0.038893 0.000000 0.024679 0.998893 -0.040044 19.717100 -0.037924 0.040963 0.998441 -0.000000 0.000000 0.000000 0.000000 1.000000
0.999284 -0.019828 0.032228 0.000000 0.021077 0.999022 -0.038872 19.717100 -0.031426 0.039524 0.998724 0.000000 0.000000 0.000000 0.000000 1.000000
0.999476 -0.017431 0.027289 -0.000000 0.018473 0.999091 -0.038420 19.717100 -0.026595 0.038904 0.998889 0.000000 0.000000 0.000000 0.000000 1.000000</float_array>
        <technique_common>
          <accessor source="#mixamorig_Spine2-Matrix-animation-output-transform-array" count="63" stride="16">
            <param type="float4x4"/>
          </accessor>
        </technique_common>
      </source>
      <source id="mixamorig_Spine2-Interpolations">
        <Name_array id="mixamorig_Spine2-Interpolations-array" count="63">
 LINEAR LINEAR LINEAR LINEAR LINEAR LINEAR LINEAR LINEAR LINEAR LINEAR LINEAR
LINEAR LINEAR LINEAR LINEAR LINEAR LINEAR LINEAR LINEAR LINEAR LINEAR LINEAR LINEAR
LINEAR LINEAR LINEAR LINEAR LINEAR LINEAR LINEAR LINEAR LINEAR LINEAR LINEAR LINEAR
LINEAR LINEAR LINEAR LINEAR LINEAR LINEAR LINEAR LINEAR LINEAR LINEAR LINEAR LINEAR
LINEAR LINEAR LINEAR LINEAR LINEAR LINEAR LINEAR LINEAR LINEAR LINEAR LINEAR LINEAR
LINEAR LINEAR LINEAR LINEAR</Name_array>
        <technique_common>
          <accessor source="#mixamorig_Spine2-Interpolations-array" count="63">
            <param type="name"/>
          </accessor>
        </technique_common>
      </source>
      <sampler id="mixamorig_Spine2-Matrix-animation-transform">
        <input semantic="INPUT" source="#mixamorig_Spine2-Matrix-animation-input"/>
        <input semantic="OUTPUT" source="#mixamorig_Spine2-Matrix-animation-output-transform"/>
        <input semantic="INTERPOLATION" source="#mixamorig_Spine2-Interpolations"/>
      </sampler>
      <channel source="#mixamorig_Spine2-Matrix-animation-transform" target="mixamorig_Spine2/matrix"/>
    </animation>
    <animation id="mixamorig_Neck-anim" name="mixamorig_Neck">
      <source id="mixamorig_Neck-Matrix-animation-input">
        <float_array id="mixamorig_Neck-Matrix-animation-input-array" count="63">

0.000000 0.033333 0.066667 0.100000 0.133333 0.166667 0.200000 0.233333 0.266667 0.300000 0.333333 0.366667 0.400000 0.433333 0.466667 0.500000
0.533333 0.566667 0.600000 0.633333 0.666667 0.700000 0.733333 0.766667 0.800000 0.833333 0.866667 0.900000 0.933333 0.966667 1.000000 1.033333
1.066667 1.100000 1.133333 1.166667 1.200000 1.233333 1.266667 1.300000 1.333333 1.366667 1.400000 1.433333 1.466667 1.500000 1.533333 1.566667
1.600000 1.633333 1.666667 1.700000 1.733333 1.766667 1.800000 1.833333 1.866667 1.900000 1.933333 1.966667 2.000000 2.033333 2.066667</float_array>
        <technique_common>
          <accessor source="#mixamorig_Neck-Matrix-animation-input-array" count="63">
            <param name="TIME" type="float"/>
          </accessor>
        </technique_common>
      </source>
      <source id="mixamorig_Neck-Matrix-animation-output-transform">
        <float_array id="mixamorig_Neck-Matrix-animation-output-transform-array" count="1008">

0.997853 0.011954 0.064388 0.000000 -0.006540 0.996473 -0.083659 22.181700 -0.065161 0.083058 0.994412 0.000000 0.000000 0.000000 0.000000 1.000000
0.997698 0.012118 0.066719 -0.000000 -0.006396 0.996333 -0.085320 22.181700 -0.067508 0.084697 0.994117 -0.000000 0.000000 0.000000 0.000000 1.000000
0.997570 0.014225 0.068204 -0.000000 -0.008129 0.996013 -0.088838 22.181700 -0.069195 0.088067 0.993708 0.000000 0.000000 0.000000 0.000000 1.000000
0.997439 0.017825 0.069271 -0.000000 -0.011307 0.995567 -0.093372 22.181700 -0.070628 0.092349 0.993219 0.000000 0.000000 0.000000 0.000000 1.000000
0.997244 0.022597 0.070671 0.000000 -0.015695 0.995187 -0.096733 22.181700 -0.072517 0.095357 0.992798 0.000000 0.000000 0.000000 0.000000 1.000000
0.996942 0.028368 0.072818 -0.000000 -0.021235 0.995065 -0.096928 22.181700 -0.075209 0.095086 0.992624 0.000000 0.000000 0.000000 0.000000 1.000000
0.996532 0.034779 0.075589 0.000000 -0.027743 0.995353 -0.092216 22.181700 -0.078445 0.089799 0.992866 0.000000 0.000000 0.000000 0.000000 1.000000
0.996154 0.040128 0.077886 0.000000 -0.033555 0.995906 -0.083941 22.181700 -0.080935 0.081005 0.993422 0.000000 0.000000 0.000000 0.000000 1.000000
0.996031 0.041836 0.078566 -0.000000 -0.036021 0.996606 -0.074026 22.181700 -0.081397 0.070902 0.994157 0.000000 0.000000 0.000000 0.000000 1.000000
0.996408 0.036013 0.076642 0.000000 -0.031140 0.997473 -0.063854 22.181700 -0.078748 0.061238 0.995012 0.000000 0.000000 0.000000 0.000000 1.000000
0.997166 0.021429 0.072113 0.000000 -0.017624 0.998439 -0.053002 22.181700 -0.073136 0.051581 0.995987 0.000000 0.000000 0.000000 0.000000 1.000000
0.997928 -0.002072 0.064315 0.000000 0.004688 0.999167 -0.040541 22.181700 -0.064177 0.040758 0.997106 0.000000 0.000000 0.000000 0.000000 1.000000
0.998215 -0.028543 0.052469 -0.000000 0.030049 0.999152 -0.028149 22.181700 -0.051621 0.029676 0.998226 -0.000000 0.000000 0.000000 0.000000 1.000000
0.998115 -0.049770 0.035909 -0.000000 0.050519 0.998518 -0.020242 22.181700 -0.034848 0.022017 0.999150 0.000000 0.000000 0.000000 0.000000 1.000000
0.998426 -0.054280 0.014107 -0.000000 0.054618 0.998200 -0.024761 22.181700 -0.012738 0.025492 0.999594 0.000000 0.000000 0.000000 0.000000 1.000000
0.999161 -0.039572 -0.010529 0.000000 0.039071 0.998258 -0.044209 22.181700 0.012260 0.043760 0.998967 -0.000000 0.000000 0.000000 0.000000 1.000000
0.999358 -0.007071 -0.035123 -0.000000 0.004283 0.996878 -0.078838 22.181700 0.035570 0.078637 0.996268 0.000000 0.000000 0.000000 0.000000 1.000000
0.997901 0.032999 -0.055727 0.000000 -0.039631 0.991685 -0.122434 22.181700 0.051224 0.124385 0.990911 0.000000 0.000000 0.000000 0.000000 1.000000
0.995023 0.070469 -0.070454 -0.000000 -0.081430 0.982540 -0.167285 22.181700 0.057435 0.172189 0.983388 -0.000000 0.000000 0.000000 0.000000 1.000000
0.992156 0.098032 -0.077566 -0.000000 -0.112166 0.972066 -0.206170 22.181700 0.055188 0.213253 0.975437 0.000000 0.000000 0.000000 0.000000 1.000000
0.989958 0.116654 -0.079840 0.000000 -0.132442 0.962836 -0.235385 22.181700 0.049415 0.243595 0.968617 -0.000000 0.000000 0.000000 0.000000 1.000000
0.988413 0.129002 -0.079985 0.000000 -0.145299 0.956555 -0.252767 22.181700 0.043903 0.261460 0.964215 0.000000 0.000000 0.000000 0.000000 1.000000
0.987167 0.137347 -0.081474 0.000000 -0.153986 0.953861 -0.257755 22.181700 0.042313 0.266992 0.962769 0.000000 0.000000 0.000000 0.000000 1.000000
0.986189 0.141741 -0.085679 0.000000 -0.159169 0.954102 -0.253683 22.181700 0.045790 0.263817 0.963485 -0.000000 0.000000 0.000000 0.000000 1.000000
0.985808 0.140426 -0.091991 0.000000 -0.159058 0.956564 -0.244306 22.181700 0.053689 0.255471 0.965325 0.000000 0.000000 0.000000 0.000000 1.000000
0.986049 0.135205 -0.097093 0.000000 -0.154770 0.959394 -0.235817 22.181700 0.061267 0.247554 0.966935 0.000000 0.000000 0.000000 0.000000 1.000000
0.986560 0.130835 -0.097882 -0.000000 -0.150466 0.961000 -0.232033 22.181700 0.063706 0.243643 0.967770 -0.000000 0.000000 0.000000 0.000000 1.000000
0.986573 0.134947 -0.091991 0.000000 -0.153180 0.959948 -0.234599 22.181700 0.056648 0.245540 0.967730 0.000000 0.000000 0.000000 0.000000 1.000000
0.985350 0.149838 -0.081454 0.000000 -0.165343 0.956368 -0.240877 22.181700 0.041807 0.250816 0.967132 -0.000000 0.000000 0.000000 0.000000 1.000000
0.982355 0.173669 -0.069416 0.000000 -0.185630 0.950666 -0.248548 22.181700 0.022827 0.257048 0.966129 0.000000 0.000000 0.000000 0.000000 1.000000
0.978440 0.197657 -0.059891 0.000000 -0.206448 0.944279 -0.256352 22.181700 0.005884 0.263189 0.964726 -0.000000 0.000000 0.000000 0.000000 1.000000
0.975287 0.214190 -0.054209 0.000000 -0.220866 0.938658 -0.264838 22.181700 -0.005842 0.270266 0.962768 0.000000 0.000000 0.000000 0.000000 1.000000
0.974856 0.216790 -0.051546 0.000000 -0.222542 0.935340 -0.274981 22.181700 -0.011400 0.279538 0.960067 0.000000 0.000000 0.000000 0.000000 1.000000
0.976860 0.208307 -0.048494 0.000000 -0.213405 0.934258 -0.285693 22.181700 -0.014206 0.289431 0.957093 0.000000 0.000000 0.000000 0.000000 1.000000
0.980438 0.192164 -0.042600 0.000000 -0.196113 0.935274 -0.294622 22.181700 -0.016773 0.297213 0.954664 0.000000 0.000000 0.000000 0.000000 1.000000
0.984322 0.173216 -0.033271 -0.000000 -0.175182 0.938107 -0.298776 22.181700 -0.020541 0.299920 0.953743 -0.000000 0.000000 0.000000 0.000000 1.000000
0.987794 0.154155 -0.022324 0.000000 -0.153778 0.942329 -0.297269 22.181700 -0.024789 0.297074 0.954533 -0.000000 0.000000 0.000000 0.000000 1.000000
0.990660 0.135814 -0.012142 -0.000000 -0.133491 0.947839 -0.289451 22.181700 -0.027803 0.288368 0.957116 0.000000 0.000000 0.000000 0.000000 1.000000
0.992982 0.118191 -0.004133 -0.000000 -0.114721 0.954168 -0.276410 22.181700 -0.028726 0.274944 0.961031 0.000000 0.000000 0.000000 0.000000 1.000000
0.994803 0.101802 0.001869 0.000000 -0.097870 0.961119 -0.258209 22.181700 -0.028082 0.256684 0.966087 -0.000000 0.000000 0.000000 0.000000 1.000000
0.996085 0.088105 0.007161 0.000000 -0.083975 0.968455 -0.234614 22.181700 -0.027606 0.233094 0.972062 -0.000000 0.000000 0.000000 0.000000 1.000000
0.996878 0.077911 0.012844 0.000000 -0.073569 0.975499 -0.207337 22.181700 -0.028683 0.205745 0.978185 0.000000 0.000000 0.000000 0.000000 1.000000
0.997225 0.071950 0.019101 0.000000 -0.067392 0.981547 -0.178952 22.181700 -0.031624 0.177169 0.983672 0.000000 0.000000 0.000000 0.000000 1.000000
0.997297 0.069129 0.024912 0.000000 -0.064517 0.986048 -0.153450 22.181700 -0.035172 0.151428 0.987842 -0.000000 0.000000 0.000000 0.000000 1.000000
0.997268 0.067860 0.029189 0.000000 -0.063394 0.989028 -0.133438 22.181700 -0.037924 0.131223 0.990627 0.000000 0.000000 0.000000 0.000000 1.000000
0.997318 0.066336 0.030917 0.000000 -0.062147 0.990711 -0.120949 22.181700 -0.038653 0.118704 0.992177 0.000000 0.000000 0.000000 0.000000 1.000000
0.997514 0.063429 0.030690 -0.000000 -0.059545 0.991674 -0.114176 22.181700 -0.037677 0.112065 0.992986 0.000000 0.000000 0.000000 0.000000 1.000000
0.997834 0.058812 0.029476 0.000000 -0.055185 0.992222 -0.111578 22.181700 -0.035809 0.109710 0.993318 0.000000 0.000000 0.000000 0.000000 1.000000
0.998162 0.053271 0.028894 -0.000000 -0.049772 0.992612 -0.110656 22.181700 -0.034575 0.109015 0.993439 0.000000 0.000000 0.000000 0.000000 1.000000
0.998397 0.048040 0.029914 0.000000 -0.044493 0.992973 -0.109659 22.181700 -0.034972 0.108152 0.993519 0.000000 0.000000 0.000000 0.000000 1.000000
0.998463 0.044534 0.032980 0.000000 -0.040751 0.993358 -0.107610 22.181700 -0.037553 0.106100 0.993646 0.000000 0.000000 0.000000 0.000000 1.000000
0.998388 0.043086 0.036933 0.000000 -0.039005 0.993721 -0.104865 22.181700 -0.041219 0.103255 0.993800 0.000000 0.000000 0.000000 0.000000 1.000000
0.998239 0.043425 0.040422 0.000000 -0.039101 0.993993 -0.102220 22.181700 -0.044618 0.100460 0.993940 0.000000 0.000000 0.000000 0.000000 1.000000
0.998119 0.044546 0.042130 0.000000 -0.040127 0.994129 -0.100484 22.181700 -0.046359 0.098604 0.994046 0.000000 0.000000 0.000000 0.000000 1.000000
0.998082 0.045358 0.042136 0.000000 -0.040980 0.994191 -0.099523 22.181700 -0.046405 0.097606 0.994143 0.000000 0.000000 0.000000 0.000000 1.000000
0.998135 0.044939 0.041324 0.000000 -0.040681 0.994289 -0.098660 22.181700 -0.045522 0.096795 0.994263 -0.000000 0.000000 0.000000 0.000000 1.000000
0.998228 0.042817 0.041321 0.000000 -0.038638 0.994523 -0.097113 22.181700 -0.045252 0.095344 0.994415 -0.000000 0.000000 0.000000 0.000000 1.000000
0.998320 0.038785 0.043048 0.000000 -0.034568 0.994904 -0.094711 22.181700 -0.046502 0.093064 0.994574 -0.000000 0.000000 0.000000 0.000000 1.000000
0.998366 0.032869 0.046743 -0.000000 -0.028476 0.995377 -0.091727 22.181700 -0.049542 0.090246 0.994687 -0.000000 0.000000 0.000000 0.000000 1.000000
0.998334 0.026056 0.051477 0.000000 -0.021418 0.995830 -0.088684 22.181700 -0.053573 0.087434 0.994729 -0.000000 0.000000 0.000000 0.000000 1.000000
0.998215 0.019508 0.056441 0.000000 -0.014606 0.996188 -0.086003 22.181700 -0.057904 0.085025 0.994695 -0.000000 0.000000 0.000000 0.000000 1.000000
0.998040 0.014590 0.060860 -0.000000 -0.009433 0.996407 -0.084169 22.181700 -0.061870 0.083430 0.994591 0.000000 0.000000 0.000000 0.000000 1.000000
0.997853 0.011954 0.064388 0.000000 -0.006540 0.996473 -0.083659 22.181700 -0.065161 0.083058 0.994412 0.000000 0.000000 0.000000 0.000000 1.000000</float_array>
        <technique_common>
          <accessor source="#mixamorig_Neck-Matrix-animation-output-transform-array" count="63" stride="16">
            <param type="float4x4"/>
          </accessor>
        </technique_common>
      </source>
      <source id="mixamorig_Neck-Interpolations">
        <Name_array id="mixamorig_Neck-Interpolations-array" count="63">
 LINEAR LINEAR LINEAR LINEAR LINEAR LINEAR LINEAR LINEAR LINEAR LINEAR LINEAR
LINEAR LINEAR LINEAR LINEAR LINEAR LINEAR LINEAR LINEAR LINEAR LINEAR LINEAR LINEAR
LINEAR LINEAR LINEAR LINEAR LINEAR LINEAR LINEAR LINEAR LINEAR LINEAR LINEAR LINEAR
LINEAR LINEAR LINEAR LINEAR LINEAR LINEAR LINEAR LINEAR LINEAR LINEAR LINEAR LINEAR
LINEAR LINEAR LINEAR LINEAR LINEAR LINEAR LINEAR LINEAR LINEAR LINEAR LINEAR LINEAR
LINEAR LINEAR LINEAR LINEAR</Name_array>
        <technique_common>
          <accessor source="#mixamorig_Neck-Interpolations-array" count="63">
            <param type="name"/>
          </accessor>
        </technique_common>
      </source>
      <sampler id="mixamorig_Neck-Matrix-animation-transform">
        <input semantic="INPUT" source="#mixamorig_Neck-Matrix-animation-input"/>
        <input semantic="OUTPUT" source="#mixamorig_Neck-Matrix-animation-output-transform"/>
        <input semantic="INTERPOLATION" source="#mixamorig_Neck-Interpolations"/>
      </sampler>
      <channel source="#mixamorig_Neck-Matrix-animation-transform" target="mixamorig_Neck/matrix"/>
    </animation>
    <animation id="mixamorig_Head-anim" name="mixamorig_Head">
      <source id="mixamorig_Head-Matrix-animation-input">
        <float_array id="mixamorig_Head-Matrix-animation-input-array" count="63">

0.000000 0.033333 0.066667 0.100000 0.133333 0.166667 0.200000 0.233333 0.266667 0.300000 0.333333 0.366667 0.400000 0.433333 0.466667 0.500000
0.533333 0.566667 0.600000 0.633333 0.666667 0.700000 0.733333 0.766667 0.800000 0.833333 0.866667 0.900000 0.933333 0.966667 1.000000 1.033333
1.066667 1.100000 1.133333 1.166667 1.200000 1.233333 1.266667 1.300000 1.333333 1.366667 1.400000 1.433333 1.466667 1.500000 1.533333 1.566667
1.600000 1.633333 1.666667 1.700000 1.733333 1.766667 1.800000 1.833333 1.866667 1.900000 1.933333 1.966667 2.000000 2.033333 2.066667</float_array>
        <technique_common>
          <accessor source="#mixamorig_Head-Matrix-animation-input-array" count="63">
            <param name="TIME" type="float"/>
          </accessor>
        </technique_common>
      </source>
      <source id="mixamorig_Head-Matrix-animation-output-transform">
        <float_array id="mixamorig_Head-Matrix-animation-output-transform-array" count="1008">

0.939378 0.121621 0.320590 0.000000 -0.099437 0.991428 -0.084747 7.772300 -0.328149 0.047731 0.943419 1.167700 0.000000 0.000000 0.000000 1.000000
0.938141 0.126178 0.322445 0.000000 -0.106598 0.991258 -0.077751 7.772300 -0.329436 0.038569 0.943390 1.167700 0.000000 0.000000 0.000000 1.000000
0.936517 0.131218 0.325144 0.000000 -0.114679 0.990961 -0.069609 7.772300 -0.331339 0.027903 0.943099 1.167700 0.000000 0.000000 0.000000 1.000000
0.934201 0.136664 0.329531 0.000000 -0.123606 0.990494 -0.060366 7.772300 -0.334648 0.015662 0.942213 1.167700 0.000000 0.000000 0.000000 1.000000
0.931317 0.141193 0.335729 0.000000 -0.132842 0.989982 -0.047837 7.772300 -0.339120 -0.000048 0.940743 1.167700 0.000000 0.000000 0.000000 1.000000
0.928346 0.143477 0.342910 -0.000000 -0.142152 0.989416 -0.029140 7.772300 -0.343461 -0.021694 0.938916 1.167700 0.000000 0.000000 0.000000 1.000000
0.926002 0.142748 0.349491 -0.000000 -0.152128 0.988361 -0.000618 7.772300 -0.345511 -0.052595 0.936940 1.167700 0.000000 0.000000 0.000000 1.000000
0.924693 0.140582 0.353807 0.000000 -0.163619 0.985870 0.035901 7.772300 -0.343761 -0.091087 0.934629 1.167700 0.000000 0.000000 0.000000 1.000000
0.924326 0.138741 0.355488 -0.000000 -0.176715 0.981284 0.076509 7.772300 -0.338220 -0.133540 0.931544 1.167700 0.000000 0.000000 0.000000 1.000000
0.924263 0.137461 0.356149 -0.000000 -0.189780 0.974923 0.116224 7.772300 -0.331241 -0.175012 0.927173 1.167700 0.000000 0.000000 0.000000 1.000000
0.924483 0.133851 0.356953 0.000000 -0.199525 0.967736 0.153873 7.772300 -0.324840 -0.213474 0.921362 1.167700 0.000000 0.000000 0.000000 1.000000
0.927371 0.122541 0.353506 0.000000 -0.200334 0.960619 0.192555 7.772300 -0.315988 -0.249389 0.915400 1.167700 0.000000 0.000000 0.000000 1.000000
0.938096 0.099961 0.331638 0.000000 -0.185212 0.953840 0.236401 7.772300 -0.292698 -0.283190 0.913308 1.167700 0.000000 0.000000 0.000000 1.000000
0.959327 0.066154 0.274435 0.000000 -0.146359 0.947847 0.283133 7.772300 -0.241392 -0.311783 0.918978 1.167700 0.000000 0.000000 0.000000 1.000000
0.986665 0.020450 0.161474 0.000000 -0.071825 0.944961 0.319203 7.772300 -0.146059 -0.326544 0.933829 1.167700 0.000000 0.000000 0.000000 1.000000
0.999433 -0.033455 0.003814 0.000000 0.030395 0.945110 0.325336 7.772300 -0.014489 -0.325036 0.945591 1.167700 0.000000 0.000000 0.000000 1.000000
0.980394 -0.090025 -0.175281 -0.000000 0.138066 0.948507 0.285083 7.772300 0.140591 -0.303694 0.942340 1.167700 0.000000 0.000000 0.000000 1.000000
0.931490 -0.137853 -0.336635 0.000000 0.214154 0.955865 0.201149 7.772300 0.294049 -0.259460 0.919900 1.167700 0.000000 0.000000 0.000000 1.000000
0.871888 -0.173662 -0.457878 -0.000000 0.242086 0.965618 0.094744 7.772300 0.425682 -0.193452 0.883952 1.167700 0.000000 0.000000 0.000000 1.000000
0.825668 -0.199537 -0.527691 -0.000000 0.228223 0.973546 -0.011033 7.772300 0.515933 -0.111322 0.849365 1.167700 0.000000 0.000000 0.000000 1.000000
0.796261 -0.220982 -0.563148 0.000000 0.202489 0.974557 -0.096112 7.772300 0.570058 -0.037501 0.820748 1.167700 0.000000 0.000000 0.000000 1.000000
0.778264 -0.237414 -0.581326 -0.000000 0.185406 0.971377 -0.148494 7.772300 0.599941 0.007786 0.800006 1.167700 0.000000 0.000000 0.000000 1.000000
0.759913 -0.248898 -0.600485 0.000000 0.186660 0.968436 -0.165193 7.772300 0.622648 0.013446 0.782387 1.167700 0.000000 0.000000 0.000000 1.000000
0.734987 -0.259541 -0.626444 0.000000 0.204073 0.965683 -0.160658 7.772300 0.646644 -0.009758 0.762730 1.167700 0.000000 0.000000 0.000000 1.000000
0.703930 -0.275820 -0.654527 -0.000000 0.234683 0.960085 -0.152186 7.772300 0.670377 -0.046478 0.740563 1.167700 0.000000 0.000000 0.000000 1.000000
0.675058 -0.301456 -0.673365 0.000000 0.268682 0.950486 -0.156161 7.772300 0.687100 -0.075504 0.722629 1.167700 0.000000 0.000000 0.000000 1.000000
0.656855 -0.334164 -0.675925 -0.000000 0.295712 0.938784 -0.176747 7.772300 0.693610 -0.083782 0.715462 1.167700 0.000000 0.000000 0.000000 1.000000
0.657309 -0.362559 -0.660678 0.000000 0.302476 0.929881 -0.209355 7.772300 0.690256 -0.062229 0.720885 1.167700 0.000000 0.000000 0.000000 1.000000
0.674554 -0.372679 -0.637250 0.000000 0.283928 0.927792 -0.242046 7.772300 0.681441 -0.017660 0.731660 1.167700 0.000000 0.000000 0.000000 1.000000
0.705361 -0.352691 -0.614878 0.000000 0.236276 0.934808 -0.265156 7.772300 0.668311 0.041750 0.742709 1.167700 0.000000 0.000000 0.000000 1.000000
0.741316 -0.305639 -0.597524 0.000000 0.167855 0.946429 -0.275858 7.772300 0.649827 0.104201 0.752906 1.167700 0.000000 0.000000 0.000000 1.000000
0.776812 -0.245676 -0.579833 0.000000 0.092922 0.955400 -0.280314 7.772300 0.622839 0.163872 0.764995 1.167700 0.000000 0.000000 0.000000 1.000000
0.813730 -0.192355 -0.548491 0.000000 0.030704 0.956561 -0.289912 7.772300 0.580431 0.219069 0.784289 1.167700 0.000000 0.000000 0.000000 1.000000
0.855343 -0.156233 -0.493943 0.000000 -0.006963 0.949891 -0.312505 7.772300 0.518015 0.270738 0.811395 1.167700 0.000000 0.000000 0.000000 1.000000
0.901810 -0.139722 -0.408922 0.000000 -0.012912 0.937152 -0.348683 7.772300 0.431941 0.319726 0.843328 1.167700 0.000000 0.000000 0.000000 1.000000
0.945620 -0.135631 -0.295649 -0.000000 0.010117 0.920744 -0.390037 7.772300 0.325118 0.365835 0.872045 1.167700 0.000000 0.000000 0.000000 1.000000
0.977215 -0.132308 -0.165968 0.000000 0.050386 0.904194 -0.424140 7.772300 0.206184 0.406114 0.890258 1.167700 0.000000 0.000000 0.000000 1.000000
0.992246 -0.119821 -0.033022 0.000000 0.093277 0.893500 -0.439269 7.772300 0.082139 0.432783 0.897748 1.167700 0.000000 0.000000 0.000000 1.000000
0.991215 -0.093376 0.093666 0.000000 0.124926 0.893542 -0.431249 7.772300 -0.043426 0.439162 0.897358 1.167700 0.000000 0.000000 0.000000 1.000000
0.976001 -0.053417 0.211113 -0.000000 0.136516 0.905384 -0.402048 7.772300 -0.169662 0.421219 0.890948 1.167700 0.000000 0.000000 0.000000 1.000000
0.947788 -0.002719 0.318889 0.000000 0.123604 0.924928 -0.359486 7.772300 -0.293972 0.380132 0.876972 1.167700 0.000000 0.000000 0.000000 1.000000
0.907564 0.052243 0.416651 0.000000 0.090769 0.944364 -0.316130 7.772300 -0.409986 0.324727 0.852329 1.167700 0.000000 0.000000 0.000000 1.000000
0.859449 0.107166 0.499863 0.000000 0.044978 0.958139 -0.282750 7.772300 -0.509239 0.265492 0.818651 1.167700 0.000000 0.000000 0.000000 1.000000
0.810521 0.156889 0.564306 0.000000 -0.002703 0.964449 -0.264255 7.772300 -0.585703 0.212659 0.782130 1.167700 0.000000 0.000000 0.000000 1.000000
0.768237 0.198320 0.608672 -0.000000 -0.043986 0.964909 -0.258874 7.772300 -0.638653 0.172104 0.750002 1.167700 0.000000 0.000000 0.000000 1.000000
0.740629 0.227790 0.632124 0.000000 -0.072245 0.962323 -0.262135 7.772300 -0.668019 0.148477 0.729181 1.167700 0.000000 0.000000 0.000000 1.000000
0.726835 0.246342 0.641114 0.000000 -0.089173 0.959409 -0.267548 7.772300 -0.680999 0.137293 0.719299 1.167700 0.000000 0.000000 0.000000 1.000000
0.725235 0.255186 0.639464 0.000000 -0.097762 0.957534 -0.271240 7.772300 -0.681525 0.134198 0.719385 1.167700 0.000000 0.000000 0.000000 1.000000
0.730641 0.258300 0.632016 0.000000 -0.104158 0.957009 -0.270711 7.772300 -0.674770 0.131963 0.726135 1.167700 0.000000 0.000000 0.000000 1.000000
0.739292 0.258861 0.621642 0.000000 -0.112206 0.957609 -0.265320 7.772300 -0.663971 0.126397 0.736999 1.167700 0.000000 0.000000 0.000000 1.000000
0.751170 0.256817 0.608103 0.000000 -0.122385 0.959427 -0.254012 7.772300 -0.648665 0.116383 0.752123 1.167700 0.000000 0.000000 0.000000 1.000000
0.768459 0.249900 0.589085 0.000000 -0.130840 0.962503 -0.237630 7.772300 -0.626380 0.105533 0.772341 1.167700 0.000000 0.000000 0.000000 1.000000
0.794084 0.234947 0.560563 0.000000 -0.133358 0.967144 -0.216444 7.772300 -0.592998 0.097119 0.799325 1.167700 0.000000 0.000000 0.000000 1.000000
0.828543 0.210168 0.518986 0.000000 -0.127225 0.973303 -0.191037 7.772300 -0.545281 0.092254 0.833162 1.167700 0.000000 0.000000 0.000000 1.000000
0.866197 0.178628 0.466684 -0.000000 -0.114266 0.979985 -0.163012 7.772300 -0.486462 0.087875 0.869271 1.167700 0.000000 0.000000 0.000000 1.000000
0.900143 0.145889 0.410438 0.000000 -0.098251 0.985965 -0.134982 7.772300 -0.424370 0.081177 0.901843 1.167700 0.000000 0.000000 0.000000 1.000000
0.924507 0.119736 0.361871 -0.000000 -0.084628 0.990164 -0.111419 7.772300 -0.371652 0.072383 0.925546 1.167700 0.000000 0.000000 0.000000 1.000000
0.938547 0.104523 0.328946 0.000000 -0.076965 0.992426 -0.095748 7.772300 -0.336462 0.064546 0.939482 1.167700 0.000000 0.000000 0.000000 1.000000
0.943739 0.101229 0.314817 0.000000 -0.076634 0.993027 -0.089576 7.772300 -0.321690 0.060410 0.944916 1.167700 0.000000 0.000000 0.000000 1.000000
0.944266 0.104623 0.312114 0.000000 -0.080595 0.992770 -0.088954 7.772300 -0.319164 0.058841 0.945871 1.167700 0.000000 0.000000 0.000000 1.000000
0.942608 0.110817 0.314975 0.000000 -0.086576 0.992173 -0.089983 7.772300 -0.322481 0.057550 0.944825 1.167700 0.000000 0.000000 0.000000 1.000000
0.940791 0.116697 0.318267 0.000000 -0.092929 0.991694 -0.088921 7.772300 -0.326001 0.054079 0.943821 1.167700 0.000000 0.000000 0.000000 1.000000
0.939378 0.121620 0.320590 -0.000000 -0.099437 0.991428 -0.084746 7.772300 -0.328149 0.047730 0.943419 1.167700 0.000000 0.000000 0.000000 1.000000</float_array>
        <technique_common>
          <accessor source="#mixamorig_Head-Matrix-animation-output-transform-array" count="63" stride="16">
            <param type="float4x4"/>
          </accessor>
        </technique_common>
      </source>
      <source id="mixamorig_Head-Interpolations">
        <Name_array id="mixamorig_Head-Interpolations-array" count="63">
 LINEAR LINEAR LINEAR LINEAR LINEAR LINEAR LINEAR LINEAR LINEAR LINEAR LINEAR
LINEAR LINEAR LINEAR LINEAR LINEAR LINEAR LINEAR LINEAR LINEAR LINEAR LINEAR LINEAR
LINEAR LINEAR LINEAR LINEAR LINEAR LINEAR LINEAR LINEAR LINEAR LINEAR LINEAR LINEAR
LINEAR LINEAR LINEAR LINEAR LINEAR LINEAR LINEAR LINEAR LINEAR LINEAR LINEAR LINEAR
LINEAR LINEAR LINEAR LINEAR LINEAR LINEAR LINEAR LINEAR LINEAR LINEAR LINEAR LINEAR
LINEAR LINEAR LINEAR LINEAR</Name_array>
        <technique_common>
          <accessor source="#mixamorig_Head-Interpolations-array" count="63">
            <param type="name"/>
          </accessor>
        </technique_common>
      </source>
      <sampler id="mixamorig_Head-Matrix-animation-transform">
        <input semantic="INPUT" source="#mixamorig_Head-Matrix-animation-input"/>
        <input semantic="OUTPUT" source="#mixamorig_Head-Matrix-animation-output-transform"/>
        <input semantic="INTERPOLATION" source="#mixamorig_Head-Interpolations"/>
      </sampler>
      <channel source="#mixamorig_Head-Matrix-animation-transform" target="mixamorig_Head/matrix"/>
    </animation>
    <animation id="mixamorig_LeftShoulder-anim" name="mixamorig_LeftShoulder">
      <source id="mixamorig_LeftShoulder-Matrix-animation-input">
        <float_array id="mixamorig_LeftShoulder-Matrix-animation-input-array" count="63">

0.000000 0.033333 0.066667 0.100000 0.133333 0.166667 0.200000 0.233333 0.266667 0.300000 0.333333 0.366667 0.400000 0.433333 0.466667 0.500000
0.533333 0.566667 0.600000 0.633333 0.666667 0.700000 0.733333 0.766667 0.800000 0.833333 0.866667 0.900000 0.933333 0.966667 1.000000 1.033333
1.066667 1.100000 1.133333 1.166667 1.200000 1.233333 1.266667 1.300000 1.333333 1.366667 1.400000 1.433333 1.466667 1.500000 1.533333 1.566667
1.600000 1.633333 1.666667 1.700000 1.733333 1.766667 1.800000 1.833333 1.866667 1.900000 1.933333 1.966667 2.000000 2.033333 2.066667</float_array>
        <technique_common>
          <accessor source="#mixamorig_LeftShoulder-Matrix-animation-input-array" count="63">
            <param name="TIME" type="float"/>
          </accessor>
        </technique_common>
      </source>
      <source id="mixamorig_LeftShoulder-Matrix-animation-output-transform">
        <float_array id="mixamorig_LeftShoulder-Matrix-animation-output-transform-array" count="1008">

0.159450 0.912389 -0.376991 11.646600 0.148931 -0.399738 -0.904450 18.688601 -0.975907 0.088069 -0.199622 -0.394200 0.000000 0.000000 0.000000 1.000000
0.157588 0.912419 -0.377700 11.646600 0.149047 -0.400074 -0.904282 18.688601 -0.976192 0.086209 -0.199040 -0.394200 0.000000 0.000000 0.000000 1.000000
0.162940 0.909825 -0.381666 11.646600 0.148645 -0.405057 -0.902127 18.688601 -0.975374 0.090260 -0.201241 -0.394200 0.000000 0.000000 0.000000 1.000000
0.171972 0.905327 -0.388340 11.646600 0.147762 -0.413459 -0.898453 18.688601 -0.973957 0.097127 -0.204876 -0.394200 0.000000 0.000000 0.000000 1.000000
0.179457 0.900304 -0.396546 11.646600 0.146531 -0.423055 -0.894177 18.688601 -0.972792 0.102360 -0.207843 -0.394200 0.000000 0.000000 0.000000 1.000000
0.182394 0.896132 -0.404575 11.646600 0.145245 -0.431520 -0.890334 18.688601 -0.972438 0.103629 -0.208866 -0.394200 0.000000 0.000000 0.000000 1.000000
0.179906 0.894203 -0.409921 11.646600 0.144338 -0.436207 -0.888195 18.688601 -0.973037 0.100624 -0.207544 -0.394200 0.000000 0.000000 0.000000 1.000000
0.176219 0.894259 -0.411397 11.646600 0.144018 -0.436862 -0.887925 18.688601 -0.973759 0.097220 -0.205773 -0.394200 0.000000 0.000000 0.000000 1.000000
0.176277 0.894742 -0.410320 11.646600 0.144171 -0.435821 -0.888411 18.688601 -0.973725 0.097450 -0.205821 -0.394200 0.000000 0.000000 0.000000 1.000000
0.183447 0.892503 -0.412050 11.646600 0.144133 -0.439054 -0.886824 18.688601 -0.972406 0.103295 -0.209182 -0.394200 0.000000 0.000000 0.000000 1.000000
0.193607 0.885733 -0.421893 11.646600 0.142755 -0.450886 -0.881092 18.688601 -0.970638 0.110358 -0.213738 -0.394200 0.000000 0.000000 0.000000 1.000000
0.197888 0.874505 -0.442810 11.646600 0.138985 -0.472212 -0.870459 18.688601 -0.970321 0.110709 -0.214988 -0.394200 0.000000 0.000000 0.000000 1.000000
0.186847 0.863884 -0.467753 11.646600 0.134567 -0.494157 -0.858895 18.688601 -0.973129 0.097538 -0.208582 -0.394200 0.000000 0.000000 0.000000 1.000000
0.157480 0.860561 -0.484392 11.646600 0.132996 -0.504526 -0.853092 18.688601 -0.978525 0.069923 -0.193904 -0.394200 0.000000 0.000000 0.000000 1.000000
0.110554 0.872881 -0.475243 11.646600 0.137014 -0.486994 -0.862591 18.688601 -0.984381 0.030249 -0.173436 -0.394200 0.000000 0.000000 0.000000 1.000000
0.054672 0.897438 -0.437740 11.646600 0.142956 -0.440914 -0.886091 18.688601 -0.988218 -0.014133 -0.152400 -0.394200 0.000000 0.000000 0.000000 1.000000
-0.003649 0.925514 -0.378695 11.646600 0.145746 -0.374162 -0.915839 18.688601 -0.989315 -0.058535 -0.133524 -0.394200 0.000000 0.000000 0.000000 1.000000
-0.055221 0.944581 -0.323601 11.646600 0.143032 -0.313270 -0.938831 18.688601 -0.988176 -0.098128 -0.117806 -0.394200 0.000000 0.000000 0.000000 1.000000
-0.091606 0.950944 -0.295490 11.646600 0.138576 -0.281677 -0.949450 18.688601 -0.986106 -0.127923 -0.105975 -0.394200 0.000000 0.000000 0.000000 1.000000
-0.099529 0.945008 -0.311535 11.646600 0.138533 -0.296880 -0.944813 18.688601 -0.985344 -0.137194 -0.101366 -0.394200 0.000000 0.000000 0.000000 1.000000
-0.076050 0.931666 -0.355268 11.646600 0.142307 -0.342511 -0.928674 18.688601 -0.986897 -0.121183 -0.106534 -0.394200 0.000000 0.000000 0.000000 1.000000
-0.022043 0.914994 -0.402865 11.646600 0.144717 -0.395799 -0.906863 18.688601 -0.989227 -0.078292 -0.123691 -0.394200 0.000000 0.000000 0.000000 1.000000
0.050984 0.903219 -0.426141 11.646600 0.143146 -0.428899 -0.891939 18.688601 -0.988388 -0.015526 -0.151159 -0.394200 0.000000 0.000000 0.000000 1.000000
0.126611 0.900216 -0.416630 11.646600 0.141961 -0.432131 -0.890567 18.688601 -0.981742 0.053610 -0.182508 -0.394200 0.000000 0.000000 0.000000 1.000000
0.192290 0.905817 -0.377519 11.646600 0.146526 -0.406887 -0.901650 18.688601 -0.970337 0.118062 -0.210966 -0.394200 0.000000 0.000000 0.000000 1.000000
0.243407 0.911338 -0.331989 11.646600 0.155141 -0.374458 -0.914173 18.688601 -0.957436 0.171011 -0.232532 -0.394200 0.000000 0.000000 0.000000 1.000000
0.280712 0.910939 -0.302309 11.646600 0.162091 -0.355444 -0.920536 18.688601 -0.946006 0.209404 -0.247433 -0.394200 0.000000 0.000000 0.000000 1.000000
0.304853 0.900935 -0.308838 11.646600 0.160749 -0.368295 -0.915706 18.688601 -0.938736 0.229510 -0.257100 -0.394200 0.000000 0.000000 0.000000 1.000000
0.317650 0.882041 -0.347998 11.646600 0.150916 -0.409357 -0.899806 18.688601 -0.936121 0.233305 -0.263146 -0.394200 0.000000 0.000000 0.000000 1.000000
0.318265 0.854924 -0.409648 11.646600 0.135546 -0.468715 -0.872888 18.688601 -0.938262 0.222284 -0.265057 -0.394200 0.000000 0.000000 0.000000 1.000000
0.309734 0.824624 -0.473350 11.646600 0.120662 -0.527896 -0.840694 18.688601 -0.943136 0.203277 -0.263008 -0.394200 0.000000 0.000000 0.000000 1.000000
0.296590 0.797348 -0.525614 11.646600 0.109652 -0.575171 -0.810651 18.688601 -0.948689 0.182797 -0.258021 -0.394200 0.000000 0.000000 0.000000 1.000000
0.282725 0.781592 -0.556040 11.646600 0.104332 -0.601310 -0.792175 18.688601 -0.953510 0.165955 -0.251550 -0.394200 0.000000 0.000000 0.000000 1.000000
0.270229 0.778926 -0.565907 11.646600 0.103728 -0.607907 -0.787204 18.688601 -0.957192 0.154025 -0.245070 -0.394200 0.000000 0.000000 0.000000 1.000000
0.260513 0.789313 -0.555983 11.646600 0.107184 -0.595953 -0.795834 18.688601 -0.959502 0.147732 -0.239855 -0.394200 0.000000 0.000000 0.000000 1.000000
0.256005 0.807190 -0.531888 11.646600 0.112918 -0.571428 -0.812847 18.688601 -0.960058 0.148033 -0.237435 -0.394200 0.000000 0.000000 0.000000 1.000000
0.258398 0.824952 -0.502678 11.646600 0.118877 -0.543548 -0.830917 18.688601 -0.958696 0.154951 -0.238520 -0.394200 0.000000 0.000000 0.000000 1.000000
0.269070 0.836435 -0.477469 11.646600 0.123352 -0.521598 -0.844227 18.688601 -0.955189 0.168260 -0.243522 -0.394200 0.000000 0.000000 0.000000 1.000000
0.284232 0.841099 -0.460179 11.646600 0.125876 -0.508559 -0.851777 18.688601 -0.950456 0.184176 -0.250423 -0.394200 0.000000 0.000000 0.000000 1.000000
0.299423 0.842081 -0.448604 11.646600 0.127092 -0.501186 -0.855956 18.688601 -0.945618 0.199279 -0.257088 -0.394200 0.000000 0.000000 0.000000 1.000000
0.309796 0.844718 -0.436438 11.646600 0.128885 -0.492092 -0.860949 18.688601 -0.942027 0.210468 -0.261320 -0.394200 0.000000 0.000000 0.000000 1.000000
0.313865 0.851433 -0.420179 11.646600 0.132414 -0.477469 -0.868614 18.688601 -0.940189 0.216989 -0.262603 -0.394200 0.000000 0.000000 0.000000 1.000000
0.310770 0.861611 -0.401309 11.646600 0.137310 -0.458483 -0.878032 18.688601 -0.940515 0.217762 -0.260790 -0.394200 0.000000 0.000000 0.000000 1.000000
0.301770 0.871559 -0.386420 11.646600 0.141514 -0.441774 -0.885894 18.688601 -0.942820 0.212652 -0.256652 -0.394200 0.000000 0.000000 0.000000 1.000000
0.288453 0.878645 -0.380497 11.646600 0.143587 -0.432589 -0.890084 18.688601 -0.946667 0.202113 -0.250944 -0.394200 0.000000 0.000000 0.000000 1.000000
0.272817 0.881131 -0.386238 11.646600 0.142997 -0.434146 -0.889421 18.688601 -0.951379 0.187418 -0.244441 -0.394200 0.000000 0.000000 0.000000 1.000000
0.257676 0.880050 -0.398893 11.646600 0.140964 -0.442657 -0.885542 18.688601 -0.955893 0.171953 -0.238117 -0.394200 0.000000 0.000000 0.000000 1.000000
0.245000 0.876546 -0.414298 11.646600 0.138367 -0.454559 -0.879904 18.688601 -0.959599 0.158251 -0.232652 -0.394200 0.000000 0.000000 0.000000 1.000000
0.235383 0.872249 -0.428691 11.646600 0.135851 -0.466282 -0.874143 18.688601 -0.962361 0.147521 -0.228251 -0.394200 0.000000 0.000000 0.000000 1.000000
0.227989 0.868106 -0.440922 11.646600 0.133638 -0.476463 -0.868979 18.688601 -0.964449 0.139194 -0.224640 -0.394200 0.000000 0.000000 0.000000 1.000000
0.222370 0.864823 -0.450147 11.646600 0.131954 -0.484155 -0.864975 18.688601 -0.965992 0.132945 -0.221778 -0.394200 0.000000 0.000000 0.000000 1.000000
0.218587 0.862782 -0.455880 11.646600 0.130933 -0.488885 -0.862466 18.688601 -0.966993 0.128835 -0.219830 -0.394200 0.000000 0.000000 0.000000 1.000000
0.217637 0.862470 -0.456925 11.646600 0.130721 -0.489686 -0.862044 18.688601 -0.967236 0.127883 -0.219317 -0.394200 0.000000 0.000000 0.000000 1.000000
0.220324 0.864154 -0.452433 11.646600 0.131400 -0.485897 -0.864082 18.688601 -0.966536 0.130928 -0.220604 -0.394200 0.000000 0.000000 0.000000 1.000000
0.225686 0.867304 -0.443677 11.646600 0.132800 -0.478564 -0.867952 18.688601 -0.965106 0.136964 -0.223183 -0.394200 0.000000 0.000000 0.000000 1.000000
0.231992 0.871387 -0.432279 11.646600 0.134764 -0.468910 -0.872904 18.688601 -0.963337 0.144251 -0.226215 -0.394200 0.000000 0.000000 0.000000 1.000000
0.236239 0.875848 -0.420809 11.646600 0.136966 -0.458758 -0.877941 18.688601 -0.961993 0.149768 -0.228338 -0.394200 0.000000 0.000000 0.000000 1.000000
0.235616 0.880858 -0.410578 11.646600 0.139263 -0.448714 -0.882758 18.688601 -0.961816 0.150814 -0.228395 -0.394200 0.000000 0.000000 0.000000 1.000000
0.226815 0.887177 -0.401836 11.646600 0.141702 -0.438259 -0.887609 18.688601 -0.963574 0.144382 -0.225119 -0.394200 0.000000 0.000000 0.000000 1.000000
0.210752 0.894723 -0.393770 11.646600 0.144211 -0.426867 -0.892742 18.688601 -0.966844 0.131361 -0.218992 -0.394200 0.000000 0.000000 0.000000 1.000000
0.190208 0.902560 -0.386273 11.646600 0.146478 -0.415142 -0.897887 18.688601 -0.970755 0.114204 -0.211168 -0.394200 0.000000 0.000000 0.000000 1.000000
0.171553 0.908813 -0.380299 11.646600 0.148078 -0.405424 -0.902056 18.688601 -0.973983 0.098436 -0.204127 -0.394200 0.000000 0.000000 0.000000 1.000000
0.159450 0.912389 -0.376991 11.646600 0.148932 -0.399738 -0.904450 18.688601 -0.975907 0.088069 -0.199622 -0.394200 0.000000 0.000000 0.000000 1.000000</float_array>
        <technique_common>
          <accessor source="#mixamorig_LeftShoulder-Matrix-animation-output-transform-array" count="63" stride="16">
            <param type="float4x4"/>
          </accessor>
        </technique_common>
      </source>
      <source id="mixamorig_LeftShoulder-Interpolations">
        <Name_array id="mixamorig_LeftShoulder-Interpolations-array" count="63">
 LINEAR LINEAR LINEAR LINEAR LINEAR LINEAR LINEAR LINEAR LINEAR LINEAR LINEAR
LINEAR LINEAR LINEAR LINEAR LINEAR LINEAR LINEAR LINEAR LINEAR LINEAR LINEAR LINEAR
LINEAR LINEAR LINEAR LINEAR LINEAR LINEAR LINEAR LINEAR LINEAR LINEAR LINEAR LINEAR
LINEAR LINEAR LINEAR LINEAR LINEAR LINEAR LINEAR LINEAR LINEAR LINEAR LINEAR LINEAR
LINEAR LINEAR LINEAR LINEAR LINEAR LINEAR LINEAR LINEAR LINEAR LINEAR LINEAR LINEAR
LINEAR LINEAR LINEAR LINEAR</Name_array>
        <technique_common>
          <accessor source="#mixamorig_LeftShoulder-Interpolations-array" count="63">
            <param type="name"/>
          </accessor>
        </technique_common>
      </source>
      <sampler id="mixamorig_LeftShoulder-Matrix-animation-transform">
        <input semantic="INPUT" source="#mixamorig_LeftShoulder-Matrix-animation-input"/>
        <input semantic="OUTPUT" source="#mixamorig_LeftShoulder-Matrix-animation-output-transform"/>
        <input semantic="INTERPOLATION" source="#mixamorig_LeftShoulder-Interpolations"/>
      </sampler>
      <channel source="#mixamorig_LeftShoulder-Matrix-animation-transform" target="mixamorig_LeftShoulder/matrix"/>
    </animation>
    <animation id="mixamorig_LeftArm-anim" name="mixamorig_LeftArm">
      <source id="mixamorig_LeftArm-Matrix-animation-input">
        <float_array id="mixamorig_LeftArm-Matrix-animation-input-array" count="63">

0.000000 0.033333 0.066667 0.100000 0.133333 0.166667 0.200000 0.233333 0.266667 0.300000 0.333333 0.366667 0.400000 0.433333 0.466667 0.500000
0.533333 0.566667 0.600000 0.633333 0.666667 0.700000 0.733333 0.766667 0.800000 0.833333 0.866667 0.900000 0.933333 0.966667 1.000000 1.033333
1.066667 1.100000 1.133333 1.166667 1.200000 1.233333 1.266667 1.300000 1.333333 1.366667 1.400000 1.433333 1.466667 1.500000 1.533333 1.566667
1.600000 1.633333 1.666667 1.700000 1.733333 1.766667 1.800000 1.833333 1.866667 1.900000 1.933333 1.966667 2.000000 2.033333 2.066667</float_array>
        <technique_common>
          <accessor source="#mixamorig_LeftArm-Matrix-animation-input-array" count="63">
            <param name="TIME" type="float"/>
          </accessor>
        </technique_common>
      </source>
      <source id="mixamorig_LeftArm-Matrix-animation-output-transform">
        <float_array id="mixamorig_LeftArm-Matrix-animation-output-transform-array" count="1008">

0.683186 -0.605423 -0.408312 0.000000 0.179472 0.681201 -0.709757 24.455700 0.707846 0.411616 0.574043 0.000000 0.000000 0.000000 0.000000 1.000000
0.680291 -0.609851 -0.406553 0.000000 0.188640 0.681685 -0.706910 24.455700 0.708251 0.404212 0.578786 0.000000 0.000000 0.000000 0.000000 1.000000
0.683070 -0.616750 -0.391196 0.000000 0.215395 0.681918 -0.698994 24.455700 0.697869 0.393201 0.598642 0.000000 0.000000 0.000000 0.000000 1.000000
0.686167 -0.626567 -0.369579 -0.000000 0.255203 0.683101 -0.684284 24.455700 0.681210 0.375215 0.628623 0.000000 0.000000 0.000000 0.000000 1.000000
0.678451 -0.641740 -0.357595 -0.000000 0.299198 0.685929 -0.663311 24.455700 0.670958 0.343033 0.657377 0.000000 0.000000 0.000000 0.000000 1.000000
0.653819 -0.660977 -0.368281 0.000000 0.338981 0.691023 -0.638420 24.455700 0.676471 0.292571 0.675862 0.000000 0.000000 0.000000 0.000000 1.000000
0.615189 -0.674463 -0.408217 0.000000 0.369329 0.704013 -0.606598 24.455700 0.696519 0.222406 0.682200 -0.000000 0.000000 0.000000 0.000000 1.000000
0.587824 -0.670335 -0.452896 0.000000 0.398480 0.727122 -0.559023 24.455700 0.704043 0.148137 0.694535 0.000000 0.000000 0.000000 0.000000 1.000000
0.604738 -0.648557 -0.462239 0.000000 0.438225 0.755604 -0.486849 24.455700 0.665019 0.091852 0.741156 0.000000 0.000000 0.000000 0.000000 1.000000
0.698716 -0.605593 -0.380858 0.000000 0.479576 0.791537 -0.378783 24.455700 0.530851 0.082011 0.843487 0.000000 0.000000 0.000000 0.000000 1.000000
0.836538 -0.513164 -0.192008 -0.000000 0.465114 0.850327 -0.246196 24.455700 0.289609 0.116647 0.950011 0.000000 0.000000 0.000000 0.000000 1.000000
0.940490 -0.331897 0.072961 0.000000 0.339553 0.926379 -0.162867 24.455700 -0.013534 0.177949 0.983947 0.000000 0.000000 0.000000 0.000000 1.000000
0.951321 -0.094592 0.293329 0.000000 0.158317 0.966555 -0.201761 24.455700 -0.264433 0.238378 0.934479 0.000000 0.000000 0.000000 0.000000 1.000000
0.914150 0.140198 0.380360 0.000000 -0.011752 0.947062 -0.320836 24.455700 -0.405205 0.288822 0.867405 0.000000 0.000000 0.000000 0.000000 1.000000
0.886777 0.344144 0.308532 0.000000 -0.195884 0.884450 -0.423529 24.455700 -0.418637 0.315139 0.851722 -0.000000 0.000000 0.000000 0.000000 1.000000
0.851456 0.502267 0.150831 0.000000 -0.400108 0.808097 -0.432312 24.455700 -0.339022 0.307746 0.889020 0.000000 0.000000 0.000000 0.000000 1.000000
0.819481 0.572868 -0.016533 0.000000 -0.548532 0.775658 -0.312197 24.455700 -0.166023 0.264908 0.949874 0.000000 0.000000 0.000000 0.000000 1.000000
0.835164 0.532457 -0.137810 -0.000000 -0.547838 0.827545 -0.122648 24.455700 0.048739 0.177928 0.982836 0.000000 0.000000 0.000000 0.000000 1.000000
0.894251 0.394916 -0.210609 0.000000 -0.394245 0.917802 0.047008 24.455700 0.211862 0.040994 0.976440 -0.000000 0.000000 0.000000 0.000000 1.000000
0.958963 0.176268 -0.222080 0.000000 -0.146432 0.978620 0.144434 24.455700 0.242791 -0.105987 0.964271 0.000000 0.000000 0.000000 0.000000 1.000000
0.981921 -0.069738 -0.175975 0.000000 0.104238 0.975216 0.195163 24.455700 0.158004 -0.209978 0.964854 0.000000 0.000000 0.000000 0.000000 1.000000
0.949114 -0.306413 -0.072755 0.000000 0.314889 0.919493 0.235323 24.455700 -0.005208 -0.246258 0.969190 0.000000 0.000000 0.000000 0.000000 1.000000
0.854947 -0.515497 0.057695 0.000000 0.480404 0.828841 0.286767 24.455700 -0.195647 -0.217454 0.956261 -0.000000 0.000000 0.000000 0.000000 1.000000
0.700993 -0.693094 0.168016 0.000000 0.616778 0.707461 0.345086 24.455700 -0.358042 -0.138275 0.923410 0.000000 0.000000 0.000000 0.000000 1.000000
0.506513 -0.833013 0.222564 0.000000 0.737619 0.552293 0.388446 24.455700 -0.446502 -0.032585 0.894189 -0.000000 0.000000 0.000000 0.000000 1.000000
0.312191 -0.923176 0.224239 0.000000 0.833074 0.379481 0.402471 24.455700 -0.456645 0.061159 0.887544 0.000000 0.000000 0.000000 0.000000 1.000000
0.166889 -0.965790 0.198487 0.000000 0.893451 0.233274 0.383835 24.455700 -0.417006 0.113281 0.901817 0.000000 0.000000 0.000000 0.000000 1.000000
0.116565 -0.977538 0.175590 0.000000 0.921862 0.172277 0.347118 24.455700 -0.369571 0.121408 0.921237 -0.000000 0.000000 0.000000 0.000000 1.000000
0.149841 -0.974008 0.169871 0.000000 0.928564 0.197643 0.314176 24.455700 -0.339584 0.110660 0.934044 0.000000 0.000000 0.000000 0.000000 1.000000
0.248023 -0.950906 0.185100 -0.000000 0.910305 0.294129 0.291260 24.455700 -0.331404 0.096258 0.938566 0.000000 0.000000 0.000000 0.000000 1.000000
0.373978 -0.900494 0.221926 -0.000000 0.866114 0.424672 0.263631 24.455700 -0.331644 0.093621 0.938748 0.000000 0.000000 0.000000 0.000000 1.000000
0.503438 -0.817571 0.279514 0.000000 0.798084 0.563966 0.212142 24.455700 -0.331077 0.116275 0.936412 0.000000 0.000000 0.000000 0.000000 1.000000
0.622682 -0.698154 0.353337 -0.000000 0.709456 0.694212 0.121418 24.455700 -0.330059 0.175073 0.927583 0.000000 0.000000 0.000000 0.000000 1.000000
0.720882 -0.553551 0.417025 -0.000000 0.607322 0.794442 0.004692 24.455700 -0.333899 0.249886 0.908883 0.000000 0.000000 0.000000 0.000000 1.000000
0.793108 -0.412609 0.448032 -0.000000 0.508460 0.853498 -0.114060 24.455700 -0.335332 0.318268 0.886712 -0.000000 0.000000 0.000000 0.000000 1.000000
0.843486 -0.317082 0.433578 0.000000 0.436384 0.875169 -0.208922 24.455700 -0.313208 0.365430 0.876562 0.000000 0.000000 0.000000 0.000000 1.000000
0.877444 -0.287437 0.384020 0.000000 0.405108 0.872754 -0.272376 24.455700 -0.256863 0.394564 0.882236 -0.000000 0.000000 0.000000 0.000000 1.000000
0.886580 -0.336651 0.317241 0.000000 0.431367 0.849337 -0.304220 24.455700 -0.167028 0.406563 0.898225 -0.000000 0.000000 0.000000 0.000000 1.000000
0.863356 -0.435914 0.254155 -0.000000 0.500662 0.802795 -0.323818 24.455700 -0.062877 0.406816 0.911343 0.000000 0.000000 0.000000 0.000000 1.000000
0.808621 -0.553788 0.198622 0.000000 0.586111 0.728979 -0.353643 24.455700 0.051052 0.402378 0.914049 0.000000 0.000000 0.000000 0.000000 1.000000
0.737132 -0.661415 0.138443 0.000000 0.648922 0.635700 -0.418075 24.455700 0.188512 0.398015 0.897801 0.000000 0.000000 0.000000 0.000000 1.000000
0.662340 -0.746554 0.062960 0.000000 0.662048 0.543880 -0.515642 24.455700 0.350711 0.383213 0.854488 0.000000 0.000000 0.000000 0.000000 1.000000
0.596910 -0.801697 -0.031313 0.000000 0.615048 0.482302 -0.623780 24.455700 0.515185 0.353081 0.780973 0.000000 0.000000 0.000000 0.000000 1.000000
0.551073 -0.824861 -0.126189 0.000000 0.536473 0.466040 -0.703565 24.455700 0.639152 0.320019 0.699338 0.000000 0.000000 0.000000 0.000000 1.000000
0.535564 -0.820085 -0.201572 0.000000 0.466307 0.486179 -0.739045 24.455700 0.704080 0.301811 0.642791 -0.000000 0.000000 0.000000 0.000000 1.000000
0.561779 -0.792257 -0.238188 0.000000 0.433294 0.527040 -0.731085 24.455700 0.704742 0.307503 0.639360 0.000000 0.000000 0.000000 0.000000 1.000000
0.617146 -0.748434 -0.242854 0.000000 0.423898 0.576266 -0.698733 24.455700 0.662904 0.328275 0.672900 0.000000 0.000000 0.000000 0.000000 1.000000
0.687454 -0.689615 -0.227680 0.000000 0.415771 0.630778 -0.655174 24.455700 0.595433 0.355740 0.720353 0.000000 0.000000 0.000000 0.000000 1.000000
0.753493 -0.622048 -0.212847 0.000000 0.390073 0.683583 -0.616893 24.455700 0.529236 0.381799 0.757720 0.000000 0.000000 0.000000 0.000000 1.000000
0.805234 -0.554749 -0.209407 0.000000 0.347548 0.727693 -0.591332 24.455700 0.480425 0.403382 0.778765 -0.000000 0.000000 0.000000 0.000000 1.000000
0.837587 -0.499385 -0.221499 0.000000 0.298730 0.758138 -0.579644 24.455700 0.457392 0.419334 0.784188 0.000000 0.000000 0.000000 0.000000 1.000000
0.853797 -0.461871 -0.240223 0.000000 0.257954 0.776120 -0.575410 24.455700 0.452207 0.429317 0.781790 0.000000 0.000000 0.000000 0.000000 1.000000
0.856591 -0.447118 -0.257561 0.000000 0.235290 0.782696 -0.576216 24.455700 0.459229 0.432980 0.775653 0.000000 0.000000 0.000000 0.000000 1.000000
0.848535 -0.456557 -0.267478 -0.000000 0.235462 0.778485 -0.581824 24.455700 0.473863 0.430717 0.768073 0.000000 0.000000 0.000000 0.000000 1.000000
0.832288 -0.483698 -0.270801 -0.000000 0.252131 0.765360 -0.592161 24.455700 0.493687 0.424571 0.758955 0.000000 0.000000 0.000000 0.000000 1.000000
0.808906 -0.521751 -0.271010 0.000000 0.276540 0.744420 -0.607753 24.455700 0.518842 0.416670 0.746451 0.000000 0.000000 0.000000 0.000000 1.000000
0.782423 -0.559323 -0.273808 -0.000000 0.295540 0.720513 -0.627309 24.455700 0.548151 0.409900 0.729049 0.000000 0.000000 0.000000 0.000000 1.000000
0.757042 -0.588734 -0.283337 -0.000000 0.300540 0.698837 -0.649078 24.455700 0.580141 0.406225 0.705987 0.000000 0.000000 0.000000 0.000000 1.000000
0.736559 -0.604476 -0.303461 0.000000 0.285848 0.684819 -0.670309 24.455700 0.613002 0.406978 0.677198 0.000000 0.000000 0.000000 0.000000 1.000000
0.720066 -0.609359 -0.331945 0.000000 0.256809 0.678426 -0.688322 24.455700 0.644635 0.410391 0.645000 -0.000000 0.000000 0.000000 0.000000 1.000000
0.705860 -0.607410 -0.364439 0.000000 0.221476 0.677941 -0.700960 24.455700 0.672838 0.414065 0.613058 0.000000 0.000000 0.000000 0.000000 1.000000
0.692992 -0.604998 -0.392096 0.000000 0.192873 0.679618 -0.707757 24.455700 0.694667 0.414845 0.587657 0.000000 0.000000 0.000000 0.000000 1.000000
0.683186 -0.605423 -0.408312 0.000000 0.179472 0.681201 -0.709757 24.455700 0.707846 0.411616 0.574044 0.000000 0.000000 0.000000 0.000000 1.000000</float_array>
        <technique_common>
          <accessor source="#mixamorig_LeftArm-Matrix-animation-output-transform-array" count="63" stride="16">
            <param type="float4x4"/>
          </accessor>
        </technique_common>
      </source>
      <source id="mixamorig_LeftArm-Interpolations">
        <Name_array id="mixamorig_LeftArm-Interpolations-array" count="63">
 LINEAR LINEAR LINEAR LINEAR LINEAR LINEAR LINEAR LINEAR LINEAR LINEAR LINEAR
LINEAR LINEAR LINEAR LINEAR LINEAR LINEAR LINEAR LINEAR LINEAR LINEAR LINEAR LINEAR
LINEAR LINEAR LINEAR LINEAR LINEAR LINEAR LINEAR LINEAR LINEAR LINEAR LINEAR LINEAR
LINEAR LINEAR LINEAR LINEAR LINEAR LINEAR LINEAR LINEAR LINEAR LINEAR LINEAR LINEAR
LINEAR LINEAR LINEAR LINEAR LINEAR LINEAR LINEAR LINEAR LINEAR LINEAR LINEAR LINEAR
LINEAR LINEAR LINEAR LINEAR</Name_array>
        <technique_common>
          <accessor source="#mixamorig_LeftArm-Interpolations-array" count="63">
            <param type="name"/>
          </accessor>
        </technique_common>
      </source>
      <sampler id="mixamorig_LeftArm-Matrix-animation-transform">
        <input semantic="INPUT" source="#mixamorig_LeftArm-Matrix-animation-input"/>
        <input semantic="OUTPUT" source="#mixamorig_LeftArm-Matrix-animation-output-transform"/>
        <input semantic="INTERPOLATION" source="#mixamorig_LeftArm-Interpolations"/>
      </sampler>
      <channel source="#mixamorig_LeftArm-Matrix-animation-transform" target="mixamorig_LeftArm/matrix"/>
    </animation>
    <animation id="mixamorig_LeftForeArm-anim" name="mixamorig_LeftForeArm">
      <source id="mixamorig_LeftForeArm-Matrix-animation-input">
        <float_array id="mixamorig_LeftForeArm-Matrix-animation-input-array" count="63">

0.000000 0.033333 0.066667 0.100000 0.133333 0.166667 0.200000 0.233333 0.266667 0.300000 0.333333 0.366667 0.400000 0.433333 0.466667 0.500000
0.533333 0.566667 0.600000 0.633333 0.666667 0.700000 0.733333 0.766667 0.800000 0.833333 0.866667 0.900000 0.933333 0.966667 1.000000 1.033333
1.066667 1.100000 1.133333 1.166667 1.200000 1.233333 1.266667 1.300000 1.333333 1.366667 1.400000 1.433333 1.466667 1.500000 1.533333 1.566667
1.600000 1.633333 1.666667 1.700000 1.733333 1.766667 1.800000 1.833333 1.866667 1.900000 1.933333 1.966667 2.000000 2.033333 2.066667</float_array>
        <technique_common>
          <accessor source="#mixamorig_LeftForeArm-Matrix-animation-input-array" count="63">
            <param name="TIME" type="float"/>
          </accessor>
        </technique_common>
      </source>
      <source id="mixamorig_LeftForeArm-Matrix-animation-output-transform">
        <float_array id="mixamorig_LeftForeArm-Matrix-animation-output-transform-array" count="1008">

-0.255623 -0.889655 0.378379 0.000000 0.964849 -0.210061 0.157927 22.756701 -0.061018 0.405448 0.912079 0.000000 0.000000 0.000000 0.000000 1.000000
-0.257937 -0.888929 0.378516 0.000000 0.964261 -0.212290 0.158533 22.756701 -0.060569 0.405879 0.911917 0.000000 0.000000 0.000000 0.000000 1.000000
-0.263631 -0.887116 0.378845 0.000000 0.962789 -0.217779 0.160028 22.756701 -0.059459 0.406936 0.911520 0.000000 0.000000 0.000000 0.000000 1.000000
-0.277494 -0.882550 0.379608 0.000000 0.959052 -0.231142 0.163687 22.756701 -0.056719 0.409486 0.910552 0.000000 0.000000 0.000000 0.000000 1.000000
-0.296074 -0.876083 0.380550 0.000000 0.953695 -0.249052 0.168637 22.756701 -0.052963 0.412858 0.909254 0.000000 0.000000 0.000000 0.000000 1.000000
-0.297535 -0.875557 0.380620 0.000000 0.953257 -0.250460 0.169029 22.756701 -0.052664 0.413121 0.909152 0.000000 0.000000 0.000000 0.000000 1.000000
-0.231248 -0.896940 0.376859 0.000000 0.970677 -0.186566 0.151592 22.756701 -0.065660 0.400864 0.913782 0.000000 0.000000 0.000000 0.000000 1.000000
-0.056679 -0.930610 0.361596 0.000000 0.993907 -0.018302 0.108687 22.756701 -0.094527 0.365554 0.925978 0.000000 0.000000 0.000000 0.000000 1.000000
0.230930 -0.918668 0.320499 0.000000 0.964760 0.258905 0.046975 22.756701 -0.126133 0.298357 0.946083 0.000000 0.000000 0.000000 0.000000 1.000000
0.552392 -0.795647 0.248613 -0.000000 0.822498 0.568721 -0.007402 22.756701 -0.135502 0.208573 0.968575 0.000000 0.000000 0.000000 0.000000 1.000000
0.790086 -0.589469 0.168199 0.000000 0.602081 0.797782 -0.032271 22.756701 -0.115164 0.126766 0.985225 0.000000 0.000000 0.000000 0.000000 1.000000
0.905808 -0.409125 0.110128 0.000000 0.414798 0.909288 -0.033733 22.756701 -0.086337 0.076237 0.993345 -0.000000 0.000000 0.000000 0.000000 1.000000
0.944270 -0.318394 0.083541 0.000000 0.321758 0.946343 -0.030120 22.756701 -0.069469 0.055321 0.996049 0.000000 0.000000 0.000000 0.000000 1.000000
0.947675 -0.308834 0.080826 -0.000000 0.311994 0.949623 -0.029597 22.756701 -0.067614 0.053265 0.996289 -0.000000 0.000000 0.000000 0.000000 1.000000
0.932397 -0.349408 0.092459 0.000000 0.353485 0.934905 -0.031636 22.756701 -0.075387 0.062180 0.995214 0.000000 0.000000 0.000000 0.000000 1.000000
0.906332 -0.408050 0.109803 0.000000 0.413692 0.909793 -0.033705 22.756701 -0.086145 0.075973 0.993382 0.000000 0.000000 0.000000 0.000000 1.000000
0.868067 -0.478684 0.131609 0.000000 0.486621 0.872924 -0.034687 22.756701 -0.098281 0.094154 0.990695 0.000000 0.000000 0.000000 0.000000 1.000000
0.813159 -0.560134 0.158187 0.000000 0.571363 0.820016 -0.033444 22.756701 -0.110983 0.117578 0.986843 -0.000000 0.000000 0.000000 0.000000 1.000000
0.738922 -0.646861 0.188587 0.000000 0.662539 0.748479 -0.028650 22.756701 -0.122621 0.146116 0.981638 0.000000 0.000000 0.000000 0.000000 1.000000
0.644275 -0.732064 0.221342 -0.000000 0.753412 0.657270 -0.019161 22.756701 -0.131454 0.179106 0.975008 0.000000 0.000000 0.000000 0.000000 1.000000
0.533978 -0.806555 0.253645 -0.000000 0.834508 0.550975 -0.004801 22.756701 -0.135880 0.214232 0.967286 0.000000 0.000000 0.000000 0.000000 1.000000
0.417234 -0.863710 0.282703 0.000000 0.898652 0.438461 0.013286 22.756701 -0.135430 0.248509 0.959115 0.000000 0.000000 0.000000 0.000000 1.000000
0.318146 -0.897980 0.303998 -0.000000 0.938852 0.342964 0.030533 22.756701 -0.131678 0.275695 0.952183 0.000000 0.000000 0.000000 0.000000 1.000000
0.262578 -0.912135 0.314742 -0.000000 0.956333 0.289407 0.040879 22.756701 -0.128376 0.290264 0.948297 -0.000000 0.000000 0.000000 0.000000 1.000000
0.275275 -0.909206 0.312359 0.000000 0.952644 0.301644 0.038474 22.756701 -0.129202 0.286976 0.949185 0.000000 0.000000 0.000000 0.000000 1.000000
0.335600 -0.892805 0.300451 0.000000 0.932633 0.359785 0.027380 22.756701 -0.132543 0.271022 0.953404 0.000000 0.000000 0.000000 0.000000 1.000000
0.400110 -0.870505 0.286590 0.000000 0.906471 0.421958 0.016150 22.756701 -0.134988 0.253324 0.957917 0.000000 0.000000 0.000000 0.000000 1.000000
0.411153 -0.866166 0.284094 0.000000 0.901472 0.432601 0.014297 22.756701 -0.135283 0.250225 0.958690 0.000000 0.000000 0.000000 0.000000 1.000000
0.349110 -0.888554 0.297647 -0.000000 0.927573 0.372806 0.024972 22.756701 -0.133154 0.267371 0.954349 0.000000 0.000000 0.000000 0.000000 1.000000
0.214238 -0.921680 0.323433 0.000000 0.968770 0.242817 0.050248 22.756701 -0.124848 0.302567 0.944916 0.000000 0.000000 0.000000 0.000000 1.000000
0.047439 -0.935922 0.348998 0.000000 0.992991 0.082051 0.085064 22.756701 -0.108249 0.342517 0.933255 0.000000 0.000000 0.000000 0.000000 1.000000
-0.111141 -0.923494 0.367160 0.000000 0.990049 -0.070797 0.121622 22.756701 -0.086323 0.377023 0.922172 0.000000 0.000000 0.000000 0.000000 1.000000
-0.232262 -0.896650 0.376926 0.000000 0.970447 -0.187543 0.151854 22.756701 -0.065470 0.401056 0.913711 0.000000 0.000000 0.000000 0.000000 1.000000
-0.314121 -0.869415 0.381374 0.000000 0.948106 -0.266447 0.173497 22.756701 -0.049225 0.416082 0.907994 0.000000 0.000000 0.000000 0.000000 1.000000
-0.351253 -0.854461 0.382777 0.000000 0.935372 -0.302239 0.183660 22.756701 -0.041240 0.422550 0.905401 0.000000 0.000000 0.000000 0.000000 1.000000
-0.337415 -0.860231 0.382301 0.000000 0.940315 -0.288901 0.179846 22.756701 -0.044262 0.420166 0.906367 0.000000 0.000000 0.000000 0.000000 1.000000
-0.278201 -0.882311 0.379646 0.000000 0.958855 -0.231824 0.163874 22.756701 -0.056576 0.409615 0.910502 0.000000 0.000000 0.000000 0.000000 1.000000
-0.185452 -0.908867 0.373588 0.000000 0.979866 -0.142424 0.139925 22.756701 -0.073965 0.392015 0.916981 0.000000 0.000000 0.000000 0.000000 1.000000
-0.092354 -0.926289 0.365321 0.000000 0.991720 -0.052689 0.117115 22.756701 -0.089234 0.373112 0.923485 -0.000000 0.000000 0.000000 0.000000 1.000000
-0.024839 -0.933385 0.358016 0.000000 0.994778 0.012387 0.101310 22.756701 -0.098996 0.358663 0.928203 0.000000 0.000000 0.000000 0.000000 1.000000
-0.000536 -0.934820 0.355122 0.000000 0.994759 0.035811 0.095770 22.756701 -0.102245 0.353312 0.929901 -0.000000 0.000000 0.000000 0.000000 1.000000
-0.014074 -0.934093 0.356751 -0.000000 0.994842 0.022762 0.098846 22.756701 -0.100452 0.356302 0.928955 0.000000 0.000000 0.000000 0.000000 1.000000
-0.060957 -0.930160 0.362059 0.000000 0.993713 -0.022426 0.109689 22.756701 -0.093909 0.366469 0.925679 -0.000000 0.000000 0.000000 0.000000 1.000000
-0.127775 -0.920718 0.368717 0.000000 0.988267 -0.086830 0.125653 22.756701 -0.083675 0.380446 0.921010 0.000000 0.000000 0.000000 0.000000 1.000000
-0.201762 -0.904879 0.374814 -0.000000 0.976853 -0.158144 0.144046 22.756701 -0.071069 0.395201 0.915841 0.000000 0.000000 0.000000 0.000000 1.000000
-0.267105 -0.885993 0.379040 -0.000000 0.961873 -0.221128 0.160942 22.756701 -0.058777 0.407577 0.911277 0.000000 0.000000 0.000000 0.000000 1.000000
-0.313215 -0.869759 0.381335 0.000000 0.948396 -0.265573 0.173252 22.756701 -0.049415 0.415922 0.908057 0.000000 0.000000 0.000000 0.000000 1.000000
-0.334682 -0.861342 0.382201 0.000000 0.941263 -0.286266 0.179097 22.756701 -0.044853 0.419692 0.906558 0.000000 0.000000 0.000000 0.000000 1.000000
-0.336401 -0.860644 0.382264 -0.000000 0.940668 -0.287923 0.179568 22.756701 -0.044482 0.419990 0.906438 0.000000 0.000000 0.000000 0.000000 1.000000
-0.328558 -0.863800 0.381967 -0.000000 0.943355 -0.280363 0.177422 22.756701 -0.046168 0.418624 0.906985 0.000000 0.000000 0.000000 0.000000 1.000000
-0.319791 -0.867240 0.381614 0.000000 0.946270 -0.271912 0.175035 22.756701 -0.048032 0.417084 0.907598 0.000000 0.000000 0.000000 0.000000 1.000000
-0.313960 -0.869476 0.381367 0.000000 0.948158 -0.266291 0.173454 22.756701 -0.049259 0.416054 0.908005 0.000000 0.000000 0.000000 0.000000 1.000000
-0.309856 -0.871025 0.381188 0.000000 0.949462 -0.262336 0.172344 22.756701 -0.050117 0.415325 0.908291 0.000000 0.000000 0.000000 0.000000 1.000000
-0.304102 -0.873164 0.380928 0.000000 0.951257 -0.256789 0.170793 22.756701 -0.051312 0.414299 0.908693 -0.000000 0.000000 0.000000 0.000000 1.000000
-0.295308 -0.876357 0.380514 0.000000 0.953924 -0.248313 0.168432 22.756701 -0.053120 0.412721 0.909307 0.000000 0.000000 0.000000 0.000000 1.000000
-0.283872 -0.880375 0.379942 0.000000 0.957258 -0.237290 0.165380 22.756701 -0.055440 0.410650 0.910106 0.000000 0.000000 0.000000 0.000000 1.000000
-0.272169 -0.884330 0.379321 0.000000 0.960513 -0.226009 0.162278 22.756701 -0.057778 0.408510 0.910923 0.000000 0.000000 0.000000 0.000000 1.000000
-0.262096 -0.887609 0.378756 0.000000 0.963190 -0.216299 0.159625 22.756701 -0.059759 0.406651 0.911627 0.000000 0.000000 0.000000 0.000000 1.000000
-0.255353 -0.889739 0.378363 0.000000 0.964917 -0.209800 0.157856 22.756701 -0.061070 0.405398 0.912098 0.000000 0.000000 0.000000 0.000000 1.000000
-0.251954 -0.890794 0.378160 0.000000 0.965769 -0.206524 0.156967 22.756701 -0.061727 0.404764 0.912336 0.000000 0.000000 0.000000 0.000000 1.000000
-0.251794 -0.890843 0.378151 -0.000000 0.965808 -0.206370 0.156926 22.756701 -0.061758 0.404734 0.912347 0.000000 0.000000 0.000000 0.000000 1.000000
-0.253512 -0.890312 0.378254 0.000000 0.965380 -0.208026 0.157375 22.756701 -0.061427 0.405055 0.912226 0.000000 0.000000 0.000000 0.000000 1.000000
-0.255624 -0.889655 0.378379 0.000000 0.964849 -0.210061 0.157927 22.756701 -0.061018 0.405449 0.912079 0.000000 0.000000 0.000000 0.000000 1.000000</float_array>
        <technique_common>
          <accessor source="#mixamorig_LeftForeArm-Matrix-animation-output-transform-array" count="63" stride="16">
            <param type="float4x4"/>
          </accessor>
        </technique_common>
      </source>
      <source id="mixamorig_LeftForeArm-Interpolations">
        <Name_array id="mixamorig_LeftForeArm-Interpolations-array" count="63">
 LINEAR LINEAR LINEAR LINEAR LINEAR LINEAR LINEAR LINEAR LINEAR LINEAR LINEAR
LINEAR LINEAR LINEAR LINEAR LINEAR LINEAR LINEAR LINEAR LINEAR LINEAR LINEAR LINEAR
LINEAR LINEAR LINEAR LINEAR LINEAR LINEAR LINEAR LINEAR LINEAR LINEAR LINEAR LINEAR
LINEAR LINEAR LINEAR LINEAR LINEAR LINEAR LINEAR LINEAR LINEAR LINEAR LINEAR LINEAR
LINEAR LINEAR LINEAR LINEAR LINEAR LINEAR LINEAR LINEAR LINEAR LINEAR LINEAR LINEAR
LINEAR LINEAR LINEAR LINEAR</Name_array>
        <technique_common>
          <accessor source="#mixamorig_LeftForeArm-Interpolations-array" count="63">
            <param type="name"/>
          </accessor>
        </technique_common>
      </source>
      <sampler id="mixamorig_LeftForeArm-Matrix-animation-transform">
        <input semantic="INPUT" source="#mixamorig_LeftForeArm-Matrix-animation-input"/>
        <input semantic="OUTPUT" source="#mixamorig_LeftForeArm-Matrix-animation-output-transform"/>
        <input semantic="INTERPOLATION" source="#mixamorig_LeftForeArm-Interpolations"/>
      </sampler>
      <channel source="#mixamorig_LeftForeArm-Matrix-animation-transform" target="mixamorig_LeftForeArm/matrix"/>
    </animation>
    <animation id="mixamorig_LeftHand-anim" name="mixamorig_LeftHand">
      <source id="mixamorig_LeftHand-Matrix-animation-input">
        <float_array id="mixamorig_LeftHand-Matrix-animation-input-array" count="63">

0.000000 0.033333 0.066667 0.100000 0.133333 0.166667 0.200000 0.233333 0.266667 0.300000 0.333333 0.366667 0.400000 0.433333 0.466667 0.500000
0.533333 0.566667 0.600000 0.633333 0.666667 0.700000 0.733333 0.766667 0.800000 0.833333 0.866667 0.900000 0.933333 0.966667 1.000000 1.033333
1.066667 1.100000 1.133333 1.166667 1.200000 1.233333 1.266667 1.300000 1.333333 1.366667 1.400000 1.433333 1.466667 1.500000 1.533333 1.566667
1.600000 1.633333 1.666667 1.700000 1.733333 1.766667 1.800000 1.833333 1.866667 1.900000 1.933333 1.966667 2.000000 2.033333 2.066667</float_array>
        <technique_common>
          <accessor source="#mixamorig_LeftHand-Matrix-animation-input-array" count="63">
            <param name="TIME" type="float"/>
          </accessor>
        </technique_common>
      </source>
      <source id="mixamorig_LeftHand-Matrix-animation-output-transform">
        <float_array id="mixamorig_LeftHand-Matrix-animation-output-transform-array" count="1008">

0.905768 0.210041 0.368059 0.000000 -0.246405 0.967652 0.054173 32.238300 -0.344774 -0.139760 0.928223 0.000000 0.000000 0.000000 0.000000 1.000000
0.910379 0.212619 0.354969 0.000000 -0.245725 0.968030 0.050376 32.238300 -0.332909 -0.133086 0.933520 0.000000 0.000000 0.000000 0.000000 1.000000
0.913580 0.209506 0.348538 -0.000000 -0.245657 0.967343 0.062444 32.238300 -0.324073 -0.142668 0.935212 0.000000 0.000000 0.000000 0.000000 1.000000
0.912746 0.198381 0.357128 0.000000 -0.246914 0.964331 0.095386 32.238300 -0.325467 -0.175243 0.929172 0.000000 0.000000 0.000000 0.000000 1.000000
0.903184 0.171661 0.393434 0.000000 -0.252969 0.953340 0.164770 32.238300 -0.346792 -0.248345 0.904467 0.000000 0.000000 0.000000 0.000000 1.000000
0.880967 0.125045 0.456357 -0.000000 -0.273394 0.921688 0.275221 32.238300 -0.386204 -0.367225 0.846163 0.000000 0.000000 0.000000 0.000000 1.000000
0.842794 0.065825 0.534196 0.000000 -0.325672 0.852560 0.408754 32.238300 -0.428527 -0.518468 0.739970 0.000000 0.000000 0.000000 0.000000 1.000000
0.797175 0.022445 0.603331 0.000000 -0.405030 0.760954 0.506852 32.238300 -0.447731 -0.648417 0.615705 0.000000 0.000000 0.000000 0.000000 1.000000
0.755188 0.027203 0.654943 -0.000000 -0.485340 0.694789 0.530767 32.238300 -0.440609 -0.718699 0.537899 0.000000 0.000000 0.000000 0.000000 1.000000
0.725132 0.105019 0.680554 0.000000 -0.536541 0.705654 0.462793 32.238300 -0.431634 -0.700731 0.568039 0.000000 0.000000 0.000000 0.000000 1.000000
0.705483 0.237555 0.667728 0.000000 -0.555625 0.770264 0.313009 32.238300 -0.439970 -0.591829 0.675400 -0.000000 0.000000 0.000000 0.000000 1.000000
0.696063 0.389000 0.603470 0.000000 -0.549448 0.829647 0.098958 32.238300 -0.462172 -0.400456 0.791222 -0.000000 0.000000 0.000000 0.000000 1.000000
0.695296 0.506799 0.509626 0.000000 -0.534076 0.838826 -0.105519 32.238300 -0.480964 -0.198811 0.853901 0.000000 0.000000 0.000000 0.000000 1.000000
0.704137 0.566715 0.427816 0.000000 -0.516138 0.822271 -0.239733 32.238300 -0.487641 -0.052007 0.871494 0.000000 0.000000 0.000000 0.000000 1.000000
0.725419 0.559413 0.401030 0.000000 -0.494789 0.828840 -0.261166 32.238300 -0.478489 -0.008970 0.878048 0.000000 0.000000 0.000000 0.000000 1.000000
0.753738 0.500816 0.425515 0.000000 -0.472533 0.863005 -0.178701 32.238300 -0.456718 -0.066376 0.887132 0.000000 0.000000 0.000000 0.000000 1.000000
0.785497 0.394485 0.476839 0.000000 -0.451525 0.892241 0.005654 32.238300 -0.423225 -0.219746 0.878972 0.000000 0.000000 0.000000 0.000000 1.000000
0.821010 0.251388 0.512589 -0.000000 -0.419798 0.874316 0.243599 32.238300 -0.386927 -0.415181 0.823354 0.000000 0.000000 0.000000 0.000000 1.000000
0.854417 0.088010 0.512080 -0.000000 -0.362824 0.806529 0.466765 32.238300 -0.371927 -0.584607 0.721044 0.000000 0.000000 0.000000 0.000000 1.000000
0.867267 -0.074586 0.492224 0.000000 -0.288723 0.730106 0.619342 32.238300 -0.405570 -0.679252 0.611662 0.000000 0.000000 0.000000 0.000000 1.000000
0.848291 -0.213780 0.484458 -0.000000 -0.232142 0.672146 0.703086 32.238300 -0.475932 -0.708885 0.520548 0.000000 0.000000 0.000000 0.000000 1.000000
0.800512 -0.316121 0.509164 0.000000 -0.216424 0.639765 0.737470 32.238300 -0.558875 -0.700549 0.443723 0.000000 0.000000 0.000000 0.000000 1.000000
0.735626 -0.381227 0.559930 0.000000 -0.242569 0.623533 0.743214 32.238300 -0.632468 -0.682549 0.366213 -0.000000 0.000000 0.000000 0.000000 1.000000
0.666123 -0.423567 0.613898 0.000000 -0.284359 0.616697 0.734047 32.238300 -0.689507 -0.663533 0.290351 0.000000 0.000000 0.000000 0.000000 1.000000
0.604425 -0.452459 0.655707 0.000000 -0.313398 0.621663 0.717855 32.238300 -0.732429 -0.639387 0.233949 0.000000 0.000000 0.000000 0.000000 1.000000
0.557010 -0.471081 0.683975 0.000000 -0.317307 0.640372 0.699457 32.238300 -0.767500 -0.606635 0.207216 0.000000 0.000000 0.000000 0.000000 1.000000
0.526181 -0.473274 0.706502 0.000000 -0.304759 0.670676 0.676251 32.238300 -0.793886 -0.571144 0.208662 0.000000 0.000000 0.000000 0.000000 1.000000
0.515238 -0.446904 0.731305 0.000000 -0.297373 0.707053 0.641596 32.238300 -0.803803 -0.548045 0.231404 0.000000 0.000000 0.000000 0.000000 1.000000
0.522437 -0.392603 0.756916 -0.000000 -0.308047 0.740836 0.596883 32.238300 -0.795089 -0.544999 0.266100 -0.000000 0.000000 0.000000 0.000000 1.000000
0.545738 -0.317680 0.775403 0.000000 -0.337009 0.764005 0.550201 32.238300 -0.767199 -0.561583 0.309886 0.000000 0.000000 0.000000 0.000000 1.000000
0.573331 -0.243924 0.782172 0.000000 -0.371369 0.773592 0.513460 32.238300 -0.730327 -0.584857 0.352938 0.000000 0.000000 0.000000 0.000000 1.000000
0.592292 -0.188136 0.783451 0.000000 -0.401920 0.773752 0.489661 32.238300 -0.698320 -0.604907 0.382671 0.000000 0.000000 0.000000 0.000000 1.000000
0.593856 -0.161618 0.788172 0.000000 -0.424559 0.769180 0.477611 32.238300 -0.683436 -0.618258 0.388165 0.000000 0.000000 0.000000 0.000000 1.000000
0.590212 -0.154341 0.792357 0.000000 -0.438532 0.762785 0.475235 32.238300 -0.677746 -0.627963 0.382521 0.000000 0.000000 0.000000 0.000000 1.000000
0.602561 -0.157124 0.782453 0.000000 -0.435949 0.756424 0.487618 32.238300 -0.668482 -0.634930 0.387293 0.000000 0.000000 0.000000 0.000000 1.000000
0.649910 -0.163746 0.742162 0.000000 -0.403160 0.753519 0.519298 32.238300 -0.644266 -0.636707 0.423704 0.000000 0.000000 0.000000 0.000000 1.000000
0.722315 -0.177343 0.668438 -0.000000 -0.336506 0.754288 0.563749 32.238300 -0.604172 -0.632138 0.485157 -0.000000 0.000000 0.000000 0.000000 1.000000
0.794660 -0.205679 0.571149 0.000000 -0.243558 0.753783 0.610321 32.238300 -0.556052 -0.624106 0.548906 -0.000000 0.000000 0.000000 0.000000 1.000000
0.843332 -0.243418 0.479103 0.000000 -0.153654 0.745089 0.649025 32.238300 -0.514958 -0.620959 0.590955 0.000000 0.000000 0.000000 0.000000 1.000000
0.869043 -0.274904 0.411330 0.000000 -0.090717 0.728770 0.678722 32.238300 -0.486349 -0.627154 0.608394 0.000000 0.000000 0.000000 0.000000 1.000000
0.887235 -0.277751 0.368332 0.000000 -0.064477 0.715935 0.695183 32.238300 -0.456790 -0.640539 0.617295 0.000000 0.000000 0.000000 0.000000 1.000000
0.910091 -0.247520 0.332368 0.000000 -0.058636 0.717046 0.694556 32.238300 -0.410239 -0.651598 0.638063 -0.000000 0.000000 0.000000 0.000000 1.000000
0.937268 -0.192398 0.290710 0.000000 -0.058646 0.735007 0.675519 32.238300 -0.343642 -0.650191 0.677615 0.000000 0.000000 0.000000 0.000000 1.000000
0.958624 -0.140555 0.247556 0.000000 -0.056334 0.758750 0.648942 32.238300 -0.279045 -0.636037 0.719438 0.000000 0.000000 0.000000 0.000000 1.000000
0.968771 -0.112630 0.220902 0.000000 -0.052289 0.778053 0.626019 32.238300 -0.242382 -0.618020 0.747865 0.000000 0.000000 0.000000 0.000000 1.000000
0.965195 -0.117488 0.233657 -0.000000 -0.053123 0.786718 0.615023 32.238300 -0.256080 -0.606029 0.753094 0.000000 0.000000 0.000000 0.000000 1.000000
0.950495 -0.136919 0.278950 -0.000000 -0.066479 0.787312 0.612961 32.238300 -0.303546 -0.601160 0.739233 0.000000 0.000000 0.000000 0.000000 1.000000
0.928451 -0.151260 0.339262 -0.000000 -0.096625 0.783545 0.613776 32.238300 -0.358667 -0.602642 0.712868 -0.000000 0.000000 0.000000 0.000000 1.000000
0.909573 -0.144330 0.389673 -0.000000 -0.137821 0.779886 0.610560 32.238300 -0.392023 -0.609054 0.689472 0.000000 0.000000 0.000000 0.000000 1.000000
0.899824 -0.116308 0.420463 0.000000 -0.180890 0.777573 0.602212 32.238300 -0.396982 -0.617943 0.678640 0.000000 0.000000 0.000000 0.000000 1.000000
0.899046 -0.074744 0.431427 0.000000 -0.218250 0.777692 0.589544 32.238300 -0.379582 -0.624186 0.682868 -0.000000 0.000000 0.000000 0.000000 1.000000
0.899262 -0.033677 0.436112 0.000000 -0.247880 0.782245 0.571532 32.238300 -0.360394 -0.622060 0.695095 0.000000 0.000000 0.000000 0.000000 1.000000
0.895822 0.000032 0.444412 0.000000 -0.269865 0.794558 0.543921 32.238300 -0.353094 -0.607188 0.711792 0.000000 0.000000 0.000000 0.000000 1.000000
0.887272 0.025431 0.460546 -0.000000 -0.284578 0.815968 0.503202 32.238300 -0.362994 -0.577538 0.731222 0.000000 0.000000 0.000000 0.000000 1.000000
0.876219 0.046688 0.479646 0.000000 -0.292496 0.842526 0.452324 32.238300 -0.382997 -0.536629 0.751893 -0.000000 0.000000 0.000000 0.000000 1.000000
0.866689 0.066852 0.494349 0.000000 -0.293130 0.870093 0.396249 32.238300 -0.403640 -0.488333 0.773696 0.000000 0.000000 0.000000 0.000000 1.000000
0.862415 0.087792 0.498532 -0.000000 -0.288119 0.894887 0.340829 32.238300 -0.416208 -0.437573 0.797058 -0.000000 0.000000 0.000000 0.000000 1.000000
0.864779 0.109826 0.489995 -0.000000 -0.279177 0.916238 0.287348 32.238300 -0.417394 -0.385288 0.823004 -0.000000 0.000000 0.000000 0.000000 1.000000
0.873070 0.133526 0.468956 0.000000 -0.268245 0.934682 0.233268 32.238300 -0.407177 -0.329455 0.851860 0.000000 0.000000 0.000000 0.000000 1.000000
0.883480 0.158100 0.440984 -0.000000 -0.258212 0.949772 0.176801 32.238300 -0.390882 -0.270068 0.879929 0.000000 0.000000 0.000000 0.000000 1.000000
0.893044 0.181410 0.411780 0.000000 -0.251349 0.960163 0.122109 32.238300 -0.373225 -0.212550 0.903065 0.000000 0.000000 0.000000 0.000000 1.000000
0.900266 0.199388 0.386995 -0.000000 -0.247902 0.965540 0.079226 32.238300 -0.357863 -0.167261 0.918672 0.000000 0.000000 0.000000 0.000000 1.000000
0.905768 0.210041 0.368059 -0.000000 -0.246405 0.967652 0.054173 32.238300 -0.344774 -0.139760 0.928223 0.000000 0.000000 0.000000 0.000000 1.000000</float_array>
        <technique_common>
          <accessor source="#mixamorig_LeftHand-Matrix-animation-output-transform-array" count="63" stride="16">
            <param type="float4x4"/>
          </accessor>
        </technique_common>
      </source>
      <source id="mixamorig_LeftHand-Interpolations">
        <Name_array id="mixamorig_LeftHand-Interpolations-array" count="63">
 LINEAR LINEAR LINEAR LINEAR LINEAR LINEAR LINEAR LINEAR LINEAR LINEAR LINEAR
LINEAR LINEAR LINEAR LINEAR LINEAR LINEAR LINEAR LINEAR LINEAR LINEAR LINEAR LINEAR
LINEAR LINEAR LINEAR LINEAR LINEAR LINEAR LINEAR LINEAR LINEAR LINEAR LINEAR LINEAR
LINEAR LINEAR LINEAR LINEAR LINEAR LINEAR LINEAR LINEAR LINEAR LINEAR LINEAR LINEAR
LINEAR LINEAR LINEAR LINEAR LINEAR LINEAR LINEAR LINEAR LINEAR LINEAR LINEAR LINEAR
LINEAR LINEAR LINEAR LINEAR</Name_array>
        <technique_common>
          <accessor source="#mixamorig_LeftHand-Interpolations-array" count="63">
            <param type="name"/>
          </accessor>
        </technique_common>
      </source>
      <sampler id="mixamorig_LeftHand-Matrix-animation-transform">
        <input semantic="INPUT" source="#mixamorig_LeftHand-Matrix-animation-input"/>
        <input semantic="OUTPUT" source="#mixamorig_LeftHand-Matrix-animation-output-transform"/>
        <input semantic="INTERPOLATION" source="#mixamorig_LeftHand-Interpolations"/>
      </sampler>
      <channel source="#mixamorig_LeftHand-Matrix-animation-transform" target="mixamorig_LeftHand/matrix"/>
    </animation>
    <animation id="mixamorig_LeftHandThumb1-anim" name="mixamorig_LeftHandThumb1">
      <source id="mixamorig_LeftHandThumb1-Matrix-animation-input">
        <float_array id="mixamorig_LeftHandThumb1-Matrix-animation-input-array" count="63">

0.000000 0.033333 0.066667 0.100000 0.133333 0.166667 0.200000 0.233333 0.266667 0.300000 0.333333 0.366667 0.400000 0.433333 0.466667 0.500000
0.533333 0.566667 0.600000 0.633333 0.666667 0.700000 0.733333 0.766667 0.800000 0.833333 0.866667 0.900000 0.933333 0.966667 1.000000 1.033333
1.066667 1.100000 1.133333 1.166667 1.200000 1.233333 1.266667 1.300000 1.333333 1.366667 1.400000 1.433333 1.466667 1.500000 1.533333 1.566667
1.600000 1.633333 1.666667 1.700000 1.733333 1.766667 1.800000 1.833333 1.866667 1.900000 1.933333 1.966667 2.000000 2.033333 2.066667</float_array>
        <technique_common>
          <accessor source="#mixamorig_LeftHandThumb1-Matrix-animation-input-array" count="63">
            <param name="TIME" type="float"/>
          </accessor>
        </technique_common>
      </source>
      <source id="mixamorig_LeftHandThumb1-Matrix-animation-output-transform">
        <float_array id="mixamorig_LeftHandThumb1-Matrix-animation-output-transform-array" count="1008">

0.670031 -0.695970 0.258234 -4.692600 0.742311 0.625445 -0.240404 3.810700 0.005803 0.352768 0.935693 2.639400 0.000000 0.000000 0.000000 1.000000
0.672503 -0.691630 0.263414 -4.692600 0.740093 0.627949 -0.240711 3.810700 0.001072 0.356830 0.934169 2.639400 0.000000 0.000000 0.000000 1.000000
0.672744 -0.691106 0.264174 -4.692600 0.739875 0.627915 -0.241470 3.810700 0.001002 0.357903 0.933758 2.639400 0.000000 0.000000 0.000000 1.000000
0.667059 -0.700829 0.252727 -4.692600 0.744902 0.621780 -0.241890 3.810700 0.012383 0.349612 0.936813 2.639400 0.000000 0.000000 0.000000 1.000000
0.658565 -0.714717 0.235527 -4.692600 0.752028 0.613707 -0.240451 3.810700 0.027310 0.335475 0.941653 2.639400 0.000000 0.000000 0.000000 1.000000
0.662378 -0.709078 0.241791 -4.692600 0.748940 0.618743 -0.237163 3.810700 0.018561 0.338178 0.940899 2.639400 0.000000 0.000000 0.000000 1.000000
0.697133 -0.643378 0.316339 -4.692600 0.714685 0.658615 -0.235482 3.810700 -0.056841 0.390245 0.918955 2.639400 0.000000 0.000000 0.000000 1.000000
0.735867 -0.508606 0.447011 -4.692600 0.646880 0.723139 -0.242108 3.810700 -0.200114 0.467322 0.861142 2.639400 0.000000 0.000000 0.000000 1.000000
0.739143 -0.348811 0.576194 -4.692600 0.569451 0.780485 -0.258009 3.810700 -0.359714 0.518819 0.775520 2.639400 0.000000 0.000000 0.000000 1.000000
0.720881 -0.250996 0.646012 -4.692600 0.524557 0.806795 -0.271885 3.810700 -0.452958 0.534867 0.713265 2.639400 0.000000 0.000000 0.000000 1.000000
0.713517 -0.225706 0.663287 -4.692600 0.515075 0.810743 -0.278198 3.810700 -0.474964 0.540142 0.694734 2.639400 0.000000 0.000000 0.000000 1.000000
0.718126 -0.242527 0.652285 -4.692600 0.524327 0.804859 -0.277997 3.810700 -0.457576 0.541648 0.705154 2.639400 0.000000 0.000000 0.000000 1.000000
0.722186 -0.258067 0.641755 -4.692600 0.531494 0.800808 -0.276079 3.810700 -0.442676 0.540470 0.715493 2.639400 0.000000 0.000000 0.000000 1.000000
0.723062 -0.260438 0.639807 -4.692600 0.531506 0.801353 -0.274472 3.810700 -0.441228 0.538521 0.717853 2.639400 0.000000 0.000000 0.000000 1.000000
0.722150 -0.254925 0.643049 -4.692600 0.527589 0.804209 -0.273674 3.810700 -0.447380 0.536899 0.715256 2.639400 0.000000 0.000000 0.000000 1.000000
0.720996 -0.251032 0.645870 -4.692600 0.526235 0.804762 -0.274656 3.810700 -0.450824 0.537905 0.712331 2.639400 0.000000 0.000000 0.000000 1.000000
0.719061 -0.251549 0.647823 -4.692600 0.531897 0.799151 -0.280078 3.810700 -0.447255 0.545968 0.708436 2.639400 0.000000 0.000000 0.000000 1.000000
0.715233 -0.255263 0.650602 -4.692600 0.545566 0.785747 -0.291476 3.810700 -0.436806 0.563420 0.701255 2.639400 0.000000 0.000000 0.000000 1.000000
0.710129 -0.261304 0.653787 -4.692600 0.563986 0.766978 -0.306046 3.810700 -0.421469 0.586059 0.692025 2.639400 0.000000 0.000000 0.000000 1.000000
0.706141 -0.271907 0.653782 -4.692600 0.582485 0.748046 -0.318022 3.810700 -0.402587 0.605387 0.686608 2.639400 0.000000 0.000000 0.000000 1.000000
0.705291 -0.289418 0.647149 -4.692600 0.597599 0.733807 -0.323115 3.810700 -0.381367 0.614626 0.690503 2.639400 0.000000 0.000000 0.000000 1.000000
0.707973 -0.315764 0.631718 -4.692600 0.609304 0.725377 -0.320275 3.810700 -0.357102 0.611654 0.705944 2.639400 0.000000 0.000000 0.000000 1.000000
0.712766 -0.351010 0.607253 -4.692600 0.619964 0.720195 -0.311391 3.810700 -0.328039 0.598424 0.730944 2.639400 0.000000 0.000000 0.000000 1.000000
0.717345 -0.392332 0.575753 -4.692600 0.631662 0.714909 -0.299847 3.810700 -0.293971 0.578775 0.760658 2.639400 0.000000 0.000000 0.000000 1.000000
0.720153 -0.437819 0.538232 -4.692600 0.645249 0.707764 -0.287618 3.810700 -0.255016 0.554423 0.792201 2.639400 0.000000 0.000000 0.000000 1.000000
0.720212 -0.484545 0.496498 -4.692600 0.660217 0.698531 -0.275985 3.810700 -0.213092 0.526564 0.822996 2.639400 0.000000 0.000000 0.000000 1.000000
0.717118 -0.530562 0.451935 -4.692600 0.675945 0.687464 -0.265503 3.810700 -0.169823 0.495880 0.851624 2.639400 0.000000 0.000000 0.000000 1.000000
0.710836 -0.573972 0.406531 -4.692600 0.691795 0.674911 -0.256739 3.810700 -0.127011 0.463735 0.876823 2.639400 0.000000 0.000000 0.000000 1.000000
0.701889 -0.613168 0.362459 -4.692600 0.707013 0.661547 -0.249976 3.810700 -0.086507 0.431719 0.897850 2.639400 0.000000 0.000000 0.000000 1.000000
0.691516 -0.646149 0.322951 -4.692600 0.720567 0.648510 -0.245392 3.810700 -0.050877 0.402400 0.914049 2.639400 0.000000 0.000000 0.000000 1.000000
0.681690 -0.671107 0.291401 -4.692600 0.731284 0.637438 -0.242686 3.810700 -0.022882 0.378533 0.925305 2.639400 0.000000 0.000000 0.000000 1.000000
0.674130 -0.687640 0.269630 -4.692600 0.738603 0.629474 -0.241305 3.810700 -0.003794 0.361820 0.932240 2.639400 0.000000 0.000000 0.000000 1.000000
0.670376 -0.695179 0.259465 -4.692600 0.742005 0.625647 -0.240821 3.810700 0.005080 0.353965 0.935245 2.639400 0.000000 0.000000 0.000000 1.000000
0.669243 -0.697376 0.256477 -4.692600 0.743003 0.624504 -0.240708 3.810700 0.007693 0.351655 0.936098 2.639400 0.000000 0.000000 0.000000 1.000000
0.669488 -0.696904 0.257120 -4.692600 0.742788 0.624750 -0.240733 3.810700 0.007132 0.352154 0.935915 2.639400 0.000000 0.000000 0.000000 1.000000
0.669823 -0.696258 0.257995 -4.692600 0.742493 0.625092 -0.240756 3.810700 0.006358 0.352823 0.935668 2.639400 0.000000 0.000000 0.000000 1.000000
0.669881 -0.696148 0.258142 -4.692600 0.742442 0.625154 -0.240754 3.810700 0.006222 0.352932 0.935628 2.639400 0.000000 0.000000 0.000000 1.000000
0.669759 -0.696385 0.257819 -4.692600 0.742550 0.625030 -0.240742 3.810700 0.006504 0.352682 0.935720 2.639400 0.000000 0.000000 0.000000 1.000000
0.669672 -0.696552 0.257593 -4.692600 0.742626 0.624942 -0.240736 3.810700 0.006705 0.352510 0.935784 2.639400 0.000000 0.000000 0.000000 1.000000
0.669670 -0.696555 0.257590 -4.692600 0.742628 0.624939 -0.240738 3.810700 0.006710 0.352509 0.935785 2.639400 0.000000 0.000000 0.000000 1.000000
0.669707 -0.696486 0.257684 -4.692600 0.742596 0.624975 -0.240742 3.810700 0.006627 0.352581 0.935758 2.639400 0.000000 0.000000 0.000000 1.000000
0.669728 -0.696443 0.257742 -4.692600 0.742577 0.624998 -0.240743 3.810700 0.006576 0.352626 0.935741 2.639400 0.000000 0.000000 0.000000 1.000000
0.669726 -0.696447 0.257736 -4.692600 0.742579 0.624996 -0.240743 3.810700 0.006581 0.352621 0.935743 2.639400 0.000000 0.000000 0.000000 1.000000
0.669717 -0.696466 0.257710 -4.692600 0.742587 0.624986 -0.240742 3.810700 0.006603 0.352601 0.935750 2.639400 0.000000 0.000000 0.000000 1.000000
0.669711 -0.696477 0.257696 -4.692600 0.742592 0.624980 -0.240741 3.810700 0.006616 0.352590 0.935754 2.639400 0.000000 0.000000 0.000000 1.000000
0.669713 -0.696473 0.257701 -4.692600 0.742591 0.624982 -0.240742 3.810700 0.006612 0.352594 0.935753 2.639400 0.000000 0.000000 0.000000 1.000000
0.669717 -0.696466 0.257710 -4.692600 0.742587 0.624986 -0.240742 3.810700 0.006604 0.352601 0.935750 2.639400 0.000000 0.000000 0.000000 1.000000
0.669718 -0.696464 0.257712 -4.692600 0.742587 0.624987 -0.240742 3.810700 0.006602 0.352603 0.935750 2.639400 0.000000 0.000000 0.000000 1.000000
0.669714 -0.696471 0.257705 -4.692600 0.742590 0.624983 -0.240742 3.810700 0.006609 0.352598 0.935752 2.639400 0.000000 0.000000 0.000000 1.000000
0.669710 -0.696478 0.257696 -4.692600 0.742594 0.624979 -0.240742 3.810700 0.006617 0.352590 0.935754 2.639400 0.000000 0.000000 0.000000 1.000000
0.669712 -0.696474 0.257700 -4.692600 0.742591 0.624982 -0.240740 3.810700 0.006612 0.352593 0.935754 2.639400 0.000000 0.000000 0.000000 1.000000
0.669724 -0.696454 0.257724 -4.692600 0.742581 0.624994 -0.240740 3.810700 0.006588 0.352611 0.935747 2.639400 0.000000 0.000000 0.000000 1.000000
0.669736 -0.696433 0.257750 -4.692600 0.742570 0.625006 -0.240743 3.810700 0.006566 0.352632 0.935739 2.639400 0.000000 0.000000 0.000000 1.000000
0.669722 -0.696456 0.257723 -4.692600 0.742583 0.624989 -0.240748 3.810700 0.006596 0.352615 0.935745 2.639400 0.000000 0.000000 0.000000 1.000000
0.669676 -0.696536 0.257628 -4.692600 0.742624 0.624941 -0.240747 3.810700 0.006687 0.352543 0.935772 2.639400 0.000000 0.000000 0.000000 1.000000
0.669641 -0.696598 0.257552 -4.692600 0.742655 0.624909 -0.240733 3.810700 0.006747 0.352477 0.935796 2.639400 0.000000 0.000000 0.000000 1.000000
0.669707 -0.696486 0.257682 -4.692600 0.742596 0.624984 -0.240719 3.810700 0.006610 0.352565 0.935764 2.639400 0.000000 0.000000 0.000000 1.000000
0.669889 -0.696173 0.258055 -4.692600 0.742435 0.625172 -0.240728 3.810700 0.006260 0.352850 0.935659 2.639400 0.000000 0.000000 0.000000 1.000000
0.669980 -0.696010 0.258259 -4.692600 0.742354 0.625247 -0.240781 3.810700 0.006110 0.353038 0.935589 2.639400 0.000000 0.000000 0.000000 1.000000
0.669688 -0.696504 0.257682 -4.692600 0.742612 0.624922 -0.240830 3.810700 0.006708 0.352639 0.935735 2.639400 0.000000 0.000000 0.000000 1.000000
0.668996 -0.697695 0.256255 -4.692600 0.743223 0.624218 -0.240773 3.810700 0.008027 0.351531 0.936142 2.639400 0.000000 0.000000 0.000000 1.000000
0.668782 -0.698083 0.255755 -4.692600 0.743412 0.624071 -0.240571 3.810700 0.008329 0.351021 0.936330 2.639400 0.000000 0.000000 0.000000 1.000000
0.670030 -0.695970 0.258234 -4.692600 0.742311 0.625444 -0.240404 3.810700 0.005803 0.352768 0.935693 2.639400 0.000000 0.000000 0.000000 1.000000</float_array>
        <technique_common>
          <accessor source="#mixamorig_LeftHandThumb1-Matrix-animation-output-transform-array" count="63" stride="16">
            <param type="float4x4"/>
          </accessor>
        </technique_common>
      </source>
      <source id="mixamorig_LeftHandThumb1-Interpolations">
        <Name_array id="mixamorig_LeftHandThumb1-Interpolations-array" count="63">
 LINEAR LINEAR LINEAR LINEAR LINEAR LINEAR LINEAR LINEAR LINEAR LINEAR LINEAR
LINEAR LINEAR LINEAR LINEAR LINEAR LINEAR LINEAR LINEAR LINEAR LINEAR LINEAR LINEAR
LINEAR LINEAR LINEAR LINEAR LINEAR LINEAR LINEAR LINEAR LINEAR LINEAR LINEAR LINEAR
LINEAR LINEAR LINEAR LINEAR LINEAR LINEAR LINEAR LINEAR LINEAR LINEAR LINEAR LINEAR
LINEAR LINEAR LINEAR LINEAR LINEAR LINEAR LINEAR LINEAR LINEAR LINEAR LINEAR LINEAR
LINEAR LINEAR LINEAR LINEAR</Name_array>
        <technique_common>
          <accessor source="#mixamorig_LeftHandThumb1-Interpolations-array" count="63">
            <param type="name"/>
          </accessor>
        </technique_common>
      </source>
      <sampler id="mixamorig_LeftHandThumb1-Matrix-animation-transform">
        <input semantic="INPUT" source="#mixamorig_LeftHandThumb1-Matrix-animation-input"/>
        <input semantic="OUTPUT" source="#mixamorig_LeftHandThumb1-Matrix-animation-output-transform"/>
        <input semantic="INTERPOLATION" source="#mixamorig_LeftHandThumb1-Interpolations"/>
      </sampler>
      <channel source="#mixamorig_LeftHandThumb1-Matrix-animation-transform" target="mixamorig_LeftHandThumb1/matrix"/>
    </animation>
    <animation id="mixamorig_LeftHandThumb2-anim" name="mixamorig_LeftHandThumb2">
      <source id="mixamorig_LeftHandThumb2-Matrix-animation-input">
        <float_array id="mixamorig_LeftHandThumb2-Matrix-animation-input-array" count="63">

0.000000 0.033333 0.066667 0.100000 0.133333 0.166667 0.200000 0.233333 0.266667 0.300000 0.333333 0.366667 0.400000 0.433333 0.466667 0.500000
0.533333 0.566667 0.600000 0.633333 0.666667 0.700000 0.733333 0.766667 0.800000 0.833333 0.866667 0.900000 0.933333 0.966667 1.000000 1.033333
1.066667 1.100000 1.133333 1.166667 1.200000 1.233333 1.266667 1.300000 1.333333 1.366667 1.400000 1.433333 1.466667 1.500000 1.533333 1.566667
1.600000 1.633333 1.666667 1.700000 1.733333 1.766667 1.800000 1.833333 1.866667 1.900000 1.933333 1.966667 2.000000 2.033333 2.066667</float_array>
        <technique_common>
          <accessor source="#mixamorig_LeftHandThumb2-Matrix-animation-input-array" count="63">
            <param name="TIME" type="float"/>
          </accessor>
        </technique_common>
      </source>
      <source id="mixamorig_LeftHandThumb2-Matrix-animation-output-transform">
        <float_array id="mixamorig_LeftHandThumb2-Matrix-animation-output-transform-array" count="1008">

0.845783 0.490939 -0.208879 -0.935200 -0.477648 0.871186 0.113521 5.193300 0.237704 0.003757 0.971330 -0.000000 0.000000 0.000000 0.000000 1.000000
0.848164 0.487409 -0.207487 -0.935200 -0.474377 0.873167 0.112006 5.193300 0.235763 0.003428 0.971804 -0.000000 0.000000 0.000000 0.000000 1.000000
0.848487 0.486927 -0.207297 -0.935200 -0.473931 0.873436 0.111800 5.193300 0.235499 0.003384 0.971869 0.000000 0.000000 0.000000 0.000000 1.000000
0.843174 0.494768 -0.210386 -0.935200 -0.481194 0.869015 0.115174 5.193300 0.239813 0.004124 0.970810 0.000000 0.000000 0.000000 0.000000 1.000000
0.835156 0.506296 -0.214895 -0.935200 -0.491845 0.862344 0.120218 5.193300 0.246179 0.005294 0.969210 0.000000 0.000000 0.000000 0.000000 1.000000
0.838233 0.501914 -0.213186 -0.935200 -0.487800 0.864904 0.118289 5.193300 0.243756 0.004838 0.969824 -0.000000 0.000000 0.000000 0.000000 1.000000
0.872096 0.449893 -0.192469 -0.935200 -0.439434 0.893082 0.096449 5.193300 0.215282 0.000465 0.976552 0.000000 0.000000 0.000000 0.000000 1.000000
0.924550 0.350002 -0.150686 -0.935200 -0.344922 0.936744 0.059493 5.193300 0.161977 -0.003029 0.986790 0.000000 0.000000 0.000000 0.000000 1.000000
0.966330 0.236846 -0.100548 -0.935200 -0.235563 0.971547 0.024619 5.193300 0.103518 -0.000105 0.994628 0.000000 0.000000 0.000000 0.000000 1.000000
0.983495 0.167481 -0.068468 -0.935200 -0.167426 0.985863 0.006589 5.193300 0.068604 0.004983 0.997632 0.000000 0.000000 0.000000 0.000000 1.000000
0.987072 0.148768 -0.059646 -0.935200 -0.148907 0.988849 0.002143 5.193300 0.059300 0.006767 0.998217 0.000000 0.000000 0.000000 0.000000 1.000000
0.985047 0.159641 -0.064781 -0.935200 -0.159674 0.987159 0.004705 5.193300 0.064700 0.005709 0.997888 0.000000 0.000000 0.000000 0.000000 1.000000
0.982908 0.170349 -0.069814 -0.935200 -0.170259 0.985372 0.007286 5.193300 0.070034 0.004725 0.997533 0.000000 0.000000 0.000000 0.000000 1.000000
0.982171 0.173877 -0.071467 -0.935200 -0.173742 0.984757 0.008149 5.193300 0.071795 0.004413 0.997410 0.000000 0.000000 0.000000 0.000000 1.000000
0.982262 0.173445 -0.071265 -0.935200 -0.173316 0.984833 0.008043 5.193300 0.071579 0.004451 0.997425 0.000000 0.000000 0.000000 0.000000 1.000000
0.983082 0.169500 -0.069416 -0.935200 -0.169421 0.985518 0.007079 5.193300 0.069611 0.004801 0.997563 0.000000 0.000000 0.000000 0.000000 1.000000
0.986118 0.153990 -0.062115 -0.935200 -0.154081 0.988053 0.003366 5.193300 0.061891 0.006252 0.998063 -0.000000 0.000000 0.000000 0.000000 1.000000
0.991687 0.120158 -0.046023 -0.935200 -0.120482 0.992706 -0.004318 5.193300 0.045169 0.009827 0.998931 0.000000 0.000000 0.000000 0.000000 1.000000
0.996915 0.074714 -0.024048 -0.935200 -0.075059 0.997084 -0.013745 5.193300 0.022951 0.015508 0.999616 0.000000 0.000000 0.000000 0.000000 1.000000
0.999370 0.035202 -0.004609 -0.935200 -0.035292 0.999154 -0.021114 5.193300 0.003862 0.021263 0.999766 0.000000 0.000000 0.000000 0.000000 1.000000
0.999844 0.017089 0.004405 -0.935200 -0.016978 0.999562 -0.024234 5.193300 -0.004817 0.024155 0.999697 -0.000000 0.000000 0.000000 0.000000 1.000000
0.999673 0.025580 0.000171 -0.935200 -0.025569 0.999413 -0.022791 5.193300 -0.000754 0.022780 0.999740 0.000000 0.000000 0.000000 0.000000 1.000000
0.998314 0.056087 -0.014923 -0.935200 -0.056343 0.998261 -0.017315 5.193300 0.013926 0.018127 0.999739 0.000000 0.000000 0.000000 0.000000 1.000000
0.994458 0.098864 -0.035777 -0.935200 -0.099239 0.995024 -0.008862 5.193300 0.034723 0.012363 0.999321 0.000000 0.000000 0.000000 0.000000 1.000000
0.986971 0.149327 -0.059911 -0.935200 -0.149461 0.988765 0.002273 5.193300 0.059577 0.006711 0.998201 -0.000000 0.000000 0.000000 0.000000 1.000000
0.975238 0.203976 -0.085469 -0.935200 -0.203375 0.978974 0.015769 5.193300 0.086889 0.002004 0.996216 -0.000000 0.000000 0.000000 0.000000 1.000000
0.958895 0.260953 -0.111463 -0.935200 -0.259052 0.965351 0.031468 5.193300 0.115812 -0.001300 0.993270 0.000000 0.000000 0.000000 0.000000 1.000000
0.938273 0.317745 -0.136682 -0.935200 -0.313983 0.948172 0.048833 5.193300 0.145114 -0.002903 0.989411 0.000000 0.000000 0.000000 0.000000 1.000000
0.914700 0.371214 -0.159764 -0.935200 -0.365159 0.928543 0.066830 5.193300 0.173156 -0.002790 0.984890 0.000000 0.000000 0.000000 0.000000 1.000000
0.890731 0.417684 -0.179270 -0.935200 -0.409183 0.908591 0.083850 5.193300 0.197906 -0.001334 0.980220 0.000000 0.000000 0.000000 0.000000 1.000000
0.869762 0.453728 -0.194022 -0.935200 -0.443020 0.891140 0.097994 5.193300 0.217363 0.000724 0.976090 0.000000 0.000000 0.000000 0.000000 1.000000
0.854354 0.478070 -0.203785 -0.935200 -0.465709 0.878318 0.108041 5.193300 0.230639 0.002599 0.973036 -0.000000 0.000000 0.000000 0.000000 1.000000
0.846868 0.489334 -0.208247 -0.935200 -0.476162 0.872089 0.112831 5.193300 0.236822 0.003606 0.971546 0.000000 0.000000 0.000000 0.000000 1.000000
0.844612 0.492663 -0.209558 -0.935200 -0.479245 0.870211 0.114264 5.193300 0.238653 0.003921 0.971097 0.000000 0.000000 0.000000 0.000000 1.000000
0.845078 0.491977 -0.209288 -0.935200 -0.478610 0.870600 0.113968 5.193300 0.238276 0.003856 0.971190 0.000000 0.000000 0.000000 0.000000 1.000000
0.845735 0.491009 -0.208907 -0.935200 -0.477714 0.871146 0.113551 5.193300 0.237743 0.003764 0.971321 0.000000 0.000000 0.000000 0.000000 1.000000
0.845852 0.490836 -0.208839 -0.935200 -0.477554 0.871244 0.113476 5.193300 0.237648 0.003747 0.971344 0.000000 0.000000 0.000000 0.000000 1.000000
0.845614 0.491188 -0.208978 -0.935200 -0.477879 0.871045 0.113628 5.193300 0.237842 0.003781 0.971297 -0.000000 0.000000 0.000000 0.000000 1.000000
0.845443 0.491439 -0.209077 -0.935200 -0.478112 0.870904 0.113736 5.193300 0.237980 0.003805 0.971263 0.000000 0.000000 0.000000 0.000000 1.000000
0.845439 0.491446 -0.209079 -0.935200 -0.478118 0.870900 0.113739 5.193300 0.237983 0.003805 0.971262 0.000000 0.000000 0.000000 0.000000 1.000000
0.845509 0.491343 -0.209038 -0.935200 -0.478023 0.870958 0.113695 5.193300 0.237927 0.003795 0.971276 0.000000 0.000000 0.000000 0.000000 1.000000
0.845553 0.491278 -0.209013 -0.935200 -0.477963 0.870995 0.113667 5.193300 0.237891 0.003789 0.971284 0.000000 0.000000 0.000000 0.000000 1.000000
0.845549 0.491284 -0.209015 -0.935200 -0.477969 0.870991 0.113669 5.193300 0.237894 0.003790 0.971284 0.000000 0.000000 0.000000 0.000000 1.000000
0.845530 0.491312 -0.209026 -0.935200 -0.477994 0.870976 0.113681 5.193300 0.237910 0.003793 0.971280 -0.000000 0.000000 0.000000 0.000000 1.000000
0.845519 0.491328 -0.209032 -0.935200 -0.478008 0.870967 0.113688 5.193300 0.237918 0.003794 0.971278 0.000000 0.000000 0.000000 0.000000 1.000000
0.845522 0.491323 -0.209031 -0.935200 -0.478004 0.870969 0.113686 5.193300 0.237916 0.003793 0.971278 -0.000000 0.000000 0.000000 0.000000 1.000000
0.845528 0.491314 -0.209027 -0.935200 -0.477996 0.870974 0.113682 5.193300 0.237911 0.003792 0.971280 0.000000 0.000000 0.000000 0.000000 1.000000
0.845530 0.491311 -0.209026 -0.935200 -0.477993 0.870976 0.113681 5.193300 0.237909 0.003793 0.971280 0.000000 0.000000 0.000000 0.000000 1.000000
0.845527 0.491316 -0.209028 -0.935200 -0.477998 0.870973 0.113684 5.193300 0.237913 0.003793 0.971279 0.000000 0.000000 0.000000 0.000000 1.000000
0.845522 0.491324 -0.209031 -0.935200 -0.478005 0.870969 0.113687 5.193300 0.237917 0.003793 0.971278 -0.000000 0.000000 0.000000 0.000000 1.000000
0.845524 0.491321 -0.209030 -0.935200 -0.478002 0.870970 0.113686 5.193300 0.237915 0.003793 0.971279 0.000000 0.000000 0.000000 0.000000 1.000000
0.845535 0.491304 -0.209023 -0.935200 -0.477987 0.870980 0.113678 5.193300 0.237905 0.003792 0.971281 0.000000 0.000000 0.000000 0.000000 1.000000
0.845547 0.491286 -0.209016 -0.935200 -0.477971 0.870990 0.113670 5.193300 0.237896 0.003790 0.971283 0.000000 0.000000 0.000000 0.000000 1.000000
0.845534 0.491306 -0.209024 -0.935200 -0.477988 0.870979 0.113679 5.193300 0.237906 0.003791 0.971281 0.000000 0.000000 0.000000 0.000000 1.000000
0.845490 0.491371 -0.209049 -0.935200 -0.478048 0.870942 0.113707 5.193300 0.237942 0.003797 0.971272 0.000000 0.000000 0.000000 0.000000 1.000000
0.845456 0.491421 -0.209069 -0.935200 -0.478095 0.870914 0.113728 5.193300 0.237970 0.003803 0.971265 0.000000 0.000000 0.000000 0.000000 1.000000
0.845516 0.491332 -0.209034 -0.935200 -0.478013 0.870964 0.113690 5.193300 0.237921 0.003794 0.971277 0.000000 0.000000 0.000000 0.000000 1.000000
0.845689 0.491078 -0.208934 -0.935200 -0.477777 0.871108 0.113581 5.193300 0.237781 0.003770 0.971311 0.000000 0.000000 0.000000 0.000000 1.000000
0.845781 0.490941 -0.208880 -0.935200 -0.477651 0.871185 0.113522 5.193300 0.237706 0.003757 0.971330 0.000000 0.000000 0.000000 0.000000 1.000000
0.845512 0.491338 -0.209037 -0.935200 -0.478018 0.870961 0.113692 5.193300 0.237924 0.003795 0.971276 0.000000 0.000000 0.000000 0.000000 1.000000
0.844853 0.492308 -0.209419 -0.935200 -0.478917 0.870412 0.114111 5.193300 0.238458 0.003887 0.971145 -0.000000 0.000000 0.000000 0.000000 1.000000
0.844628 0.492638 -0.209548 -0.935200 -0.479222 0.870225 0.114253 5.193300 0.238640 0.003919 0.971100 0.000000 0.000000 0.000000 0.000000 1.000000
0.845783 0.490938 -0.208879 -0.935200 -0.477648 0.871186 0.113521 5.193300 0.237704 0.003757 0.971330 -0.000000 0.000000 0.000000 0.000000 1.000000</float_array>
        <technique_common>
          <accessor source="#mixamorig_LeftHandThumb2-Matrix-animation-output-transform-array" count="63" stride="16">
            <param type="float4x4"/>
          </accessor>
        </technique_common>
      </source>
      <source id="mixamorig_LeftHandThumb2-Interpolations">
        <Name_array id="mixamorig_LeftHandThumb2-Interpolations-array" count="63">
 LINEAR LINEAR LINEAR LINEAR LINEAR LINEAR LINEAR LINEAR LINEAR LINEAR LINEAR
LINEAR LINEAR LINEAR LINEAR LINEAR LINEAR LINEAR LINEAR LINEAR LINEAR LINEAR LINEAR
LINEAR LINEAR LINEAR LINEAR LINEAR LINEAR LINEAR LINEAR LINEAR LINEAR LINEAR LINEAR
LINEAR LINEAR LINEAR LINEAR LINEAR LINEAR LINEAR LINEAR LINEAR LINEAR LINEAR LINEAR
LINEAR LINEAR LINEAR LINEAR LINEAR LINEAR LINEAR LINEAR LINEAR LINEAR LINEAR LINEAR
LINEAR LINEAR LINEAR LINEAR</Name_array>
        <technique_common>
          <accessor source="#mixamorig_LeftHandThumb2-Interpolations-array" count="63">
            <param type="name"/>
          </accessor>
        </technique_common>
      </source>
      <sampler id="mixamorig_LeftHandThumb2-Matrix-animation-transform">
        <input semantic="INPUT" source="#mixamorig_LeftHandThumb2-Matrix-animation-input"/>
        <input semantic="OUTPUT" source="#mixamorig_LeftHandThumb2-Matrix-animation-output-transform"/>
        <input semantic="INTERPOLATION" source="#mixamorig_LeftHandThumb2-Interpolations"/>
      </sampler>
      <channel source="#mixamorig_LeftHandThumb2-Matrix-animation-transform" target="mixamorig_LeftHandThumb2/matrix"/>
    </animation>
    <animation id="mixamorig_LeftHandThumb3-anim" name="mixamorig_LeftHandThumb3">
      <source id="mixamorig_LeftHandThumb3-Matrix-animation-input">
        <float_array id="mixamorig_LeftHandThumb3-Matrix-animation-input-array" count="63">

0.000000 0.033333 0.066667 0.100000 0.133333 0.166667 0.200000 0.233333 0.266667 0.300000 0.333333 0.366667 0.400000 0.433333 0.466667 0.500000
0.533333 0.566667 0.600000 0.633333 0.666667 0.700000 0.733333 0.766667 0.800000 0.833333 0.866667 0.900000 0.933333 0.966667 1.000000 1.033333
1.066667 1.100000 1.133333 1.166667 1.200000 1.233333 1.266667 1.300000 1.333333 1.366667 1.400000 1.433333 1.466667 1.500000 1.533333 1.566667
1.600000 1.633333 1.666667 1.700000 1.733333 1.766667 1.800000 1.833333 1.866667 1.900000 1.933333 1.966667 2.000000 2.033333 2.066667</float_array>
        <technique_common>
          <accessor source="#mixamorig_LeftHandThumb3-Matrix-animation-input-array" count="63">
            <param name="TIME" type="float"/>
          </accessor>
        </technique_common>
      </source>
      <source id="mixamorig_LeftHandThumb3-Matrix-animation-output-transform">
        <float_array id="mixamorig_LeftHandThumb3-Matrix-animation-output-transform-array" count="1008">

0.861824 0.502275 -0.070562 0.292500 -0.447971 0.819013 0.358524 5.213800 0.237869 -0.277375 0.930850 0.000000 0.000000 0.000000 0.000000 1.000000
0.864777 0.497255 -0.069990 0.292500 -0.443652 0.821858 0.357381 5.213800 0.235232 -0.278004 0.931332 0.000000 0.000000 0.000000 0.000000 1.000000
0.865185 0.496556 -0.069910 0.292500 -0.443051 0.822252 0.357223 5.213800 0.234865 -0.278090 0.931399 -0.000000 0.000000 0.000000 0.000000 1.000000
0.858597 0.507686 -0.071172 0.292500 -0.452621 0.815907 0.359763 5.213800 0.240717 -0.276677 0.930325 -0.000000 0.000000 0.000000 0.000000 1.000000
0.848559 0.524044 -0.072979 0.292500 -0.466656 0.806263 0.363554 5.213800 0.249358 -0.274441 0.928710 0.000000 0.000000 0.000000 0.000000 1.000000
0.852387 0.517888 -0.072305 0.292500 -0.461379 0.809938 0.362119 5.213800 0.246100 -0.275306 0.929323 0.000000 0.000000 0.000000 0.000000 1.000000
0.893886 0.443764 -0.063575 0.292500 -0.397432 0.850069 0.345586 5.213800 0.207402 -0.283647 0.936231 0.000000 0.000000 0.000000 0.000000 1.000000
0.953075 0.299571 -0.043651 0.292500 -0.271161 0.908867 0.316911 5.213800 0.134610 -0.290204 0.947450 0.000000 0.000000 0.000000 0.000000 1.000000
0.990678 0.135179 -0.016852 0.292500 -0.124598 0.949169 0.289057 5.213800 0.055070 -0.284263 0.957164 0.000000 0.000000 0.000000 0.000000 1.000000
0.999394 0.034777 0.001462 0.292500 -0.033843 0.961033 0.274353 5.213800 0.008136 -0.274236 0.961628 0.000000 0.000000 0.000000 0.000000 1.000000
0.999945 0.008177 0.006554 0.292500 -0.009646 0.962604 0.270742 5.213800 -0.004095 -0.270790 0.962630 0.000000 0.000000 0.000000 0.000000 1.000000
0.999689 0.024698 0.003380 0.292500 -0.024683 0.961706 0.272970 5.213800 0.003491 -0.272969 0.962017 -0.000000 0.000000 0.000000 0.000000 1.000000
0.999180 0.040480 0.000383 0.292500 -0.039023 0.960611 0.275142 5.213800 0.010769 -0.274932 0.961403 0.000000 0.000000 0.000000 0.000000 1.000000
0.999028 0.044078 -0.000295 0.292500 -0.042289 0.960329 0.275644 5.213800 0.012433 -0.275363 0.961260 -0.000000 0.000000 0.000000 0.000000 1.000000
0.999180 0.040484 0.000383 0.292500 -0.039026 0.960611 0.275143 5.213800 0.010771 -0.274932 0.961403 0.000000 0.000000 0.000000 0.000000 1.000000
0.999361 0.035711 0.001285 0.292500 -0.034692 0.960966 0.274482 5.213800 0.008567 -0.274351 0.961591 0.000000 0.000000 0.000000 0.000000 1.000000
0.999636 0.026796 0.002979 0.292500 -0.026590 0.961574 0.273257 5.213800 0.004457 -0.273237 0.961937 -0.000000 0.000000 0.000000 0.000000 1.000000
0.999937 0.009288 0.006340 0.292500 -0.010658 0.962551 0.270890 5.213800 -0.003586 -0.270940 0.962589 0.000000 0.000000 0.000000 0.000000 1.000000
0.999856 -0.013177 0.010715 0.292500 0.009825 0.963389 0.267929 5.213800 -0.013853 -0.267785 0.963379 0.000000 0.000000 0.000000 0.000000 1.000000
0.999484 -0.029002 0.013840 0.292500 0.024282 0.963697 0.265894 5.213800 -0.021049 -0.265420 0.963903 -0.000000 0.000000 0.000000 0.000000 1.000000
0.999512 -0.028097 0.013660 0.292500 0.023454 0.963685 0.266009 5.213800 -0.020638 -0.265559 0.963874 0.000000 0.000000 0.000000 0.000000 1.000000
0.999935 -0.006481 0.009403 0.292500 0.003716 0.963188 0.268803 5.213800 -0.010799 -0.268750 0.963149 0.000000 0.000000 0.000000 0.000000 1.000000
0.999449 0.033141 0.001772 0.292500 -0.032358 0.961149 0.274127 5.213800 0.007382 -0.274034 0.961692 0.000000 0.000000 0.000000 0.000000 1.000000
0.996477 0.083526 -0.007610 0.292500 -0.078023 0.956449 0.281279 5.213800 0.030773 -0.279695 0.959596 -0.000000 0.000000 0.000000 0.000000 1.000000
0.989865 0.140884 -0.017850 0.292500 -0.129727 0.948211 0.289944 5.213800 0.057774 -0.284690 0.956877 -0.000000 0.000000 0.000000 0.000000 1.000000
0.979078 0.201529 -0.028157 0.292500 -0.184063 0.936103 0.299720 5.213800 0.086760 -0.288267 0.953611 -0.000000 0.000000 0.000000 0.000000 1.000000
0.963974 0.263255 -0.038084 0.292500 -0.239010 0.920089 0.310338 5.213800 0.116739 -0.290056 0.949863 0.000000 0.000000 0.000000 0.000000 1.000000
0.945083 0.323407 -0.047189 0.292500 -0.292191 0.900751 0.321361 5.213800 0.146436 -0.289925 0.945780 0.000000 0.000000 0.000000 0.000000 1.000000
0.923651 0.379251 -0.055109 0.292500 -0.341224 0.879314 0.332225 5.213800 0.174455 -0.288055 0.941589 -0.000000 0.000000 0.000000 0.000000 1.000000
0.902008 0.427317 -0.061490 0.292500 -0.383149 0.858003 0.342094 5.213800 0.198941 -0.285011 0.937652 0.000000 0.000000 0.000000 0.000000 1.000000
0.883160 0.464389 -0.066117 0.292500 -0.415297 0.839637 0.350054 5.213800 0.218075 -0.281695 0.934393 0.000000 0.000000 0.000000 0.000000 1.000000
0.869362 0.489324 -0.069076 0.292500 -0.436822 0.826283 0.355589 5.213800 0.231074 -0.278962 0.932086 0.000000 0.000000 0.000000 0.000000 1.000000
0.862689 0.500811 -0.070395 0.292500 -0.446712 0.819847 0.358190 5.213800 0.237099 -0.277560 0.930991 0.000000 0.000000 0.000000 0.000000 1.000000
0.860692 0.504183 -0.070778 0.292500 -0.449611 0.817923 0.358960 5.213800 0.238872 -0.277131 0.930665 0.000000 0.000000 0.000000 0.000000 1.000000
0.861114 0.503472 -0.070697 0.292500 -0.449000 0.818330 0.358798 5.213800 0.238498 -0.277223 0.930734 0.000000 0.000000 0.000000 0.000000 1.000000
0.861698 0.502488 -0.070586 0.292500 -0.448154 0.818892 0.358573 5.213800 0.237981 -0.277348 0.930829 0.000000 0.000000 0.000000 0.000000 1.000000
0.861799 0.502318 -0.070567 0.292500 -0.448007 0.818989 0.358534 5.213800 0.237891 -0.277370 0.930846 0.000000 0.000000 0.000000 0.000000 1.000000
0.861586 0.502678 -0.070608 0.292500 -0.448317 0.818784 0.358616 5.213800 0.238081 -0.277324 0.930811 0.000000 0.000000 0.000000 0.000000 1.000000
0.861434 0.502933 -0.070636 0.292500 -0.448536 0.818638 0.358675 5.213800 0.238215 -0.277292 0.930786 0.000000 0.000000 0.000000 0.000000 1.000000
0.861431 0.502938 -0.070637 0.292500 -0.448541 0.818635 0.358676 5.213800 0.238217 -0.277291 0.930786 0.000000 0.000000 0.000000 0.000000 1.000000
0.861494 0.502832 -0.070625 0.292500 -0.448450 0.818695 0.358651 5.213800 0.238162 -0.277304 0.930796 -0.000000 0.000000 0.000000 0.000000 1.000000
0.861533 0.502767 -0.070617 0.292500 -0.448394 0.818733 0.358637 5.213800 0.238127 -0.277313 0.930802 -0.000000 0.000000 0.000000 0.000000 1.000000
0.861529 0.502774 -0.070618 0.292500 -0.448399 0.818729 0.358638 5.213800 0.238131 -0.277312 0.930802 0.000000 0.000000 0.000000 0.000000 1.000000
0.861511 0.502803 -0.070622 0.292500 -0.448424 0.818712 0.358645 5.213800 0.238147 -0.277309 0.930799 0.000000 0.000000 0.000000 0.000000 1.000000
0.861502 0.502818 -0.070623 0.292500 -0.448438 0.818703 0.358648 5.213800 0.238154 -0.277306 0.930797 0.000000 0.000000 0.000000 0.000000 1.000000
0.861505 0.502813 -0.070623 0.292500 -0.448433 0.818706 0.358647 5.213800 0.238152 -0.277307 0.930798 0.000000 0.000000 0.000000 0.000000 1.000000
0.861511 0.502803 -0.070622 0.292500 -0.448425 0.818712 0.358645 5.213800 0.238147 -0.277309 0.930799 0.000000 0.000000 0.000000 0.000000 1.000000
0.861513 0.502801 -0.070621 0.292500 -0.448423 0.818713 0.358644 5.213800 0.238145 -0.277309 0.930799 0.000000 0.000000 0.000000 0.000000 1.000000
0.861509 0.502808 -0.070622 0.292500 -0.448428 0.818709 0.358646 5.213800 0.238149 -0.277308 0.930798 0.000000 0.000000 0.000000 0.000000 1.000000
0.861503 0.502817 -0.070623 0.292500 -0.448437 0.818704 0.358648 5.213800 0.238154 -0.277306 0.930798 0.000000 0.000000 0.000000 0.000000 1.000000
0.861505 0.502813 -0.070622 0.292500 -0.448433 0.818706 0.358647 5.213800 0.238151 -0.277307 0.930798 0.000000 0.000000 0.000000 0.000000 1.000000
0.861520 0.502789 -0.070620 0.292500 -0.448412 0.818720 0.358642 5.213800 0.238139 -0.277310 0.930800 -0.000000 0.000000 0.000000 0.000000 1.000000
0.861534 0.502764 -0.070617 0.292500 -0.448391 0.818734 0.358636 5.213800 0.238126 -0.277313 0.930803 0.000000 0.000000 0.000000 0.000000 1.000000
0.861519 0.502791 -0.070621 0.292500 -0.448414 0.818719 0.358642 5.213800 0.238140 -0.277309 0.930800 -0.000000 0.000000 0.000000 0.000000 1.000000
0.861464 0.502883 -0.070631 0.292500 -0.448493 0.818666 0.358663 5.213800 0.238189 -0.277298 0.930791 0.000000 0.000000 0.000000 0.000000 1.000000
0.861421 0.502956 -0.070639 0.292500 -0.448556 0.818625 0.358680 5.213800 0.238227 -0.277289 0.930784 0.000000 0.000000 0.000000 0.000000 1.000000
0.861496 0.502829 -0.070625 0.292500 -0.448447 0.818697 0.358651 5.213800 0.238160 -0.277305 0.930796 0.000000 0.000000 0.000000 0.000000 1.000000
0.861710 0.502468 -0.070583 0.292500 -0.448137 0.818903 0.358568 5.213800 0.237970 -0.277351 0.930831 0.000000 0.000000 0.000000 0.000000 1.000000
0.861825 0.502273 -0.070561 0.292500 -0.447969 0.819014 0.358524 5.213800 0.237868 -0.277376 0.930850 0.000000 0.000000 0.000000 0.000000 1.000000
0.861492 0.502836 -0.070625 0.292500 -0.448453 0.818693 0.358652 5.213800 0.238164 -0.277304 0.930796 0.000000 0.000000 0.000000 0.000000 1.000000
0.860673 0.504214 -0.070781 0.292500 -0.449638 0.817905 0.358967 5.213800 0.238889 -0.277127 0.930662 0.000000 0.000000 0.000000 0.000000 1.000000
0.860391 0.504687 -0.070835 0.292500 -0.450044 0.817634 0.359076 5.213800 0.239138 -0.277067 0.930617 0.000000 0.000000 0.000000 0.000000 1.000000
0.861824 0.502276 -0.070562 0.292500 -0.447971 0.819013 0.358524 5.213800 0.237869 -0.277375 0.930850 0.000000 0.000000 0.000000 0.000000 1.000000</float_array>
        <technique_common>
          <accessor source="#mixamorig_LeftHandThumb3-Matrix-animation-output-transform-array" count="63" stride="16">
            <param type="float4x4"/>
          </accessor>
        </technique_common>
      </source>
      <source id="mixamorig_LeftHandThumb3-Interpolations">
        <Name_array id="mixamorig_LeftHandThumb3-Interpolations-array" count="63">
 LINEAR LINEAR LINEAR LINEAR LINEAR LINEAR LINEAR LINEAR LINEAR LINEAR LINEAR
LINEAR LINEAR LINEAR LINEAR LINEAR LINEAR LINEAR LINEAR LINEAR LINEAR LINEAR LINEAR
LINEAR LINEAR LINEAR LINEAR LINEAR LINEAR LINEAR LINEAR LINEAR LINEAR LINEAR LINEAR
LINEAR LINEAR LINEAR LINEAR LINEAR LINEAR LINEAR LINEAR LINEAR LINEAR LINEAR LINEAR
LINEAR LINEAR LINEAR LINEAR LINEAR LINEAR LINEAR LINEAR LINEAR LINEAR LINEAR LINEAR
LINEAR LINEAR LINEAR LINEAR</Name_array>
        <technique_common>
          <accessor source="#mixamorig_LeftHandThumb3-Interpolations-array" count="63">
            <param type="name"/>
          </accessor>
        </technique_common>
      </source>
      <sampler id="mixamorig_LeftHandThumb3-Matrix-animation-transform">
        <input semantic="INPUT" source="#mixamorig_LeftHandThumb3-Matrix-animation-input"/>
        <input semantic="OUTPUT" source="#mixamorig_LeftHandThumb3-Matrix-animation-output-transform"/>
        <input semantic="INTERPOLATION" source="#mixamorig_LeftHandThumb3-Interpolations"/>
      </sampler>
      <channel source="#mixamorig_LeftHandThumb3-Matrix-animation-transform" target="mixamorig_LeftHandThumb3/matrix"/>
    </animation>
    <animation id="mixamorig_LeftHandIndex1-anim" name="mixamorig_LeftHandIndex1">
      <source id="mixamorig_LeftHandIndex1-Matrix-animation-input">
        <float_array id="mixamorig_LeftHandIndex1-Matrix-animation-input-array" count="63">

0.000000 0.033333 0.066667 0.100000 0.133333 0.166667 0.200000 0.233333 0.266667 0.300000 0.333333 0.366667 0.400000 0.433333 0.466667 0.500000
0.533333 0.566667 0.600000 0.633333 0.666667 0.700000 0.733333 0.766667 0.800000 0.833333 0.866667 0.900000 0.933333 0.966667 1.000000 1.033333
1.066667 1.100000 1.133333 1.166667 1.200000 1.233333 1.266667 1.300000 1.333333 1.366667 1.400000 1.433333 1.466667 1.500000 1.533333 1.566667
1.600000 1.633333 1.666667 1.700000 1.733333 1.766667 1.800000 1.833333 1.866667 1.900000 1.933333 1.966667 2.000000 2.033333 2.066667</float_array>
        <technique_common>
          <accessor source="#mixamorig_LeftHandIndex1-Matrix-animation-input-array" count="63">
            <param name="TIME" type="float"/>
          </accessor>
        </technique_common>
      </source>
      <source id="mixamorig_LeftHandIndex1-Matrix-animation-output-transform">
        <float_array id="mixamorig_LeftHandIndex1-Matrix-animation-output-transform-array" count="1008">

0.992989 -0.101520 0.060557 -5.727300 0.117070 0.773639 -0.622718 12.386500 0.016369 0.625441 0.780100 0.169100 0.000000 0.000000 0.000000 1.000000
0.992708 -0.104168 0.060660 -5.727300 0.119369 0.779436 -0.615005 12.386500 0.016784 0.617761 0.786187 0.169100 0.000000 0.000000 0.000000 1.000000
0.992682 -0.104435 0.060629 -5.727300 0.119585 0.780328 -0.613830 12.386500 0.016795 0.616588 0.787107 0.169100 0.000000 0.000000 0.000000 1.000000
0.993317 -0.098396 0.060323 -5.727300 0.114334 0.767526 -0.630739 12.386500 0.015762 0.633421 0.773647 0.169100 0.000000 0.000000 0.000000 1.000000
0.994166 -0.089714 0.059873 -5.727300 0.106939 0.747547 -0.655543 12.386500 0.014053 0.658122 0.752780 0.169100 0.000000 0.000000 0.000000 1.000000
0.993787 -0.093547 0.060296 -5.727300 0.110280 0.754715 -0.646717 12.386500 0.014992 0.649349 0.760343 0.169100 0.000000 0.000000 0.000000 1.000000
0.989208 -0.132905 0.061671 -5.727300 0.145248 0.834272 -0.531878 12.386500 0.019239 0.535095 0.844572 0.169100 0.000000 0.000000 0.000000 1.000000
0.977825 -0.201649 0.056528 -5.727300 0.209330 0.933084 -0.292464 12.386500 0.006230 0.297812 0.954604 0.169100 0.000000 0.000000 0.000000 1.000000
0.962206 -0.269307 0.040424 -5.727300 0.269844 0.962868 -0.008362 12.386500 -0.036671 0.018954 0.999148 0.169100 0.000000 0.000000 0.000000 1.000000
0.952037 -0.304818 0.026653 -5.727300 0.296614 0.940772 0.164222 12.386500 -0.075133 -0.148440 0.986063 0.169100 0.000000 0.000000 0.000000 1.000000
0.949543 -0.312799 0.022902 -5.727300 0.301555 0.930601 0.207475 12.386500 -0.086211 -0.190101 0.977972 0.169100 0.000000 0.000000 0.000000 1.000000
0.951591 -0.306222 0.026503 -5.727300 0.297179 0.938638 0.175053 12.386500 -0.078482 -0.158703 0.984202 0.169100 0.000000 0.000000 0.000000 1.000000
0.953333 -0.300494 0.029332 -5.727300 0.293285 0.944751 0.146385 12.386500 -0.071699 -0.130951 0.988793 0.169100 0.000000 0.000000 0.000000 1.000000
0.953308 -0.300708 0.027915 -5.727300 0.293550 0.944379 0.148246 12.386500 -0.070941 -0.133130 0.988556 0.169100 0.000000 0.000000 0.000000 1.000000
0.952097 -0.304909 0.023300 -5.727300 0.296753 0.939646 0.170303 12.386500 -0.073821 -0.155231 0.985116 0.169100 0.000000 0.000000 0.000000 1.000000
0.951715 -0.306070 0.023644 -5.727300 0.297603 0.938791 0.173503 12.386500 -0.075301 -0.158089 0.984549 0.169100 0.000000 0.000000 0.000000 1.000000
0.954142 -0.296615 0.040405 -5.727300 0.290351 0.949830 0.116272 12.386500 -0.072866 -0.099208 0.992395 0.169100 0.000000 0.000000 0.000000 1.000000
0.959482 -0.270388 0.079273 -5.727300 0.272965 0.961737 -0.023494 12.386500 -0.069887 0.044180 0.996576 0.169100 0.000000 0.000000 0.000000 1.000000
0.964998 -0.227985 0.129624 -5.727300 0.251968 0.943066 -0.217113 12.386500 -0.072746 0.242174 0.967502 0.169100 0.000000 0.000000 0.000000 1.000000
0.968065 -0.180079 0.174416 -5.727300 0.237048 0.883946 -0.403048 12.386500 -0.081594 0.431522 0.898405 0.169100 0.000000 0.000000 0.000000 1.000000
0.969503 -0.139882 0.201238 -5.727300 0.228256 0.814351 -0.533603 12.386500 -0.089237 0.563263 0.821445 0.169100 0.000000 0.000000 0.000000 1.000000
0.971072 -0.113825 0.209911 -5.727300 0.220604 0.764099 -0.606207 12.386500 -0.091391 0.634978 0.767106 0.169100 0.000000 0.000000 0.000000 1.000000
0.973549 -0.099264 0.205787 -5.727300 0.210879 0.737021 -0.642129 12.386500 -0.087929 0.668540 0.738459 0.169100 0.000000 0.000000 0.000000 1.000000
0.976556 -0.090230 0.195440 -5.727300 0.199381 0.721398 -0.663198 12.386500 -0.081150 0.686617 0.722476 0.169100 0.000000 0.000000 0.000000 1.000000
0.979764 -0.084344 0.181516 -5.727300 0.186687 0.712120 -0.676781 12.386500 -0.072178 0.696973 0.713456 0.169100 0.000000 0.000000 0.000000 1.000000
0.982910 -0.081100 0.165262 -5.727300 0.173461 0.708630 -0.683926 12.386500 -0.061643 0.700904 0.710587 0.169100 0.000000 0.000000 0.000000 1.000000
0.985829 -0.080740 0.147043 -5.727300 0.160288 0.711929 -0.683714 12.386500 -0.049481 0.697595 0.714782 0.169100 0.000000 0.000000 0.000000 1.000000
0.988336 -0.083222 0.127539 -5.727300 0.148028 0.721715 -0.676177 12.386500 -0.035773 0.687170 0.725616 0.169100 0.000000 0.000000 0.000000 1.000000
0.990300 -0.087263 0.108126 -5.727300 0.137279 0.734666 -0.664395 12.386500 -0.021460 0.672794 0.739519 0.169100 0.000000 0.000000 0.000000 1.000000
0.991654 -0.091921 0.090403 -5.727300 0.128690 0.748188 -0.650887 12.386500 -0.007808 0.657089 0.753773 0.169100 0.000000 0.000000 0.000000 1.000000
0.992457 -0.096117 0.076097 -5.727300 0.122542 0.759738 -0.638577 12.386500 0.003564 0.643086 0.765786 0.169100 0.000000 0.000000 0.000000 1.000000
0.992863 -0.099250 0.066121 -5.727300 0.118686 0.768077 -0.629262 12.386500 0.011669 0.632619 0.774375 0.169100 0.000000 0.000000 0.000000 1.000000
0.993006 -0.100849 0.061386 -5.727300 0.117030 0.772213 -0.624492 12.386500 0.015577 0.627309 0.778615 0.169100 0.000000 0.000000 0.000000 1.000000
0.993040 -0.101373 0.059956 -5.727300 0.116576 0.773548 -0.622923 12.386500 0.016769 0.625577 0.779982 0.169100 0.000000 0.000000 0.000000 1.000000
0.993031 -0.101300 0.060235 -5.727300 0.116689 0.773354 -0.623143 12.386500 0.016541 0.625829 0.779785 0.169100 0.000000 0.000000 0.000000 1.000000
0.993020 -0.101155 0.060647 -5.727300 0.116825 0.772984 -0.623576 12.386500 0.016198 0.626309 0.779407 0.169100 0.000000 0.000000 0.000000 1.000000
0.993020 -0.101117 0.060726 -5.727300 0.116842 0.772891 -0.623688 12.386500 0.016131 0.626430 0.779311 0.169100 0.000000 0.000000 0.000000 1.000000
0.993024 -0.101163 0.060579 -5.727300 0.116789 0.773011 -0.623550 12.386500 0.016252 0.626275 0.779433 0.169100 0.000000 0.000000 0.000000 1.000000
0.993026 -0.101202 0.060472 -5.727300 0.116755 0.773109 -0.623435 12.386500 0.016342 0.626147 0.779533 0.169100 0.000000 0.000000 0.000000 1.000000
0.993026 -0.101207 0.060467 -5.727300 0.116756 0.773120 -0.623421 12.386500 0.016346 0.626133 0.779545 0.169100 0.000000 0.000000 0.000000 1.000000
0.993025 -0.101193 0.060510 -5.727300 0.116771 0.773084 -0.623462 12.386500 0.016310 0.626180 0.779508 0.169100 0.000000 0.000000 0.000000 1.000000
0.993024 -0.101183 0.060538 -5.727300 0.116780 0.773058 -0.623493 12.386500 0.016287 0.626213 0.779482 0.169100 0.000000 0.000000 0.000000 1.000000
0.993024 -0.101182 0.060536 -5.727300 0.116778 0.773058 -0.623493 12.386500 0.016289 0.626213 0.779482 0.169100 0.000000 0.000000 0.000000 1.000000
0.993025 -0.101186 0.060524 -5.727300 0.116774 0.773068 -0.623483 12.386500 0.016298 0.626201 0.779491 0.169100 0.000000 0.000000 0.000000 1.000000
0.993025 -0.101189 0.060518 -5.727300 0.116772 0.773074 -0.623475 12.386500 0.016304 0.626193 0.779497 0.169100 0.000000 0.000000 0.000000 1.000000
0.993025 -0.101189 0.060519 -5.727300 0.116774 0.773075 -0.623474 12.386500 0.016303 0.626192 0.779498 0.169100 0.000000 0.000000 0.000000 1.000000
0.993025 -0.101189 0.060522 -5.727300 0.116775 0.773074 -0.623474 12.386500 0.016300 0.626193 0.779498 0.169100 0.000000 0.000000 0.000000 1.000000
0.993025 -0.101188 0.060524 -5.727300 0.116776 0.773072 -0.623477 12.386500 0.016299 0.626195 0.779496 0.169100 0.000000 0.000000 0.000000 1.000000
0.993025 -0.101185 0.060523 -5.727300 0.116773 0.773065 -0.623485 12.386500 0.016299 0.626204 0.779489 0.169100 0.000000 0.000000 0.000000 1.000000
0.993025 -0.101181 0.060522 -5.727300 0.116769 0.773058 -0.623495 12.386500 0.016299 0.626214 0.779481 0.169100 0.000000 0.000000 0.000000 1.000000
0.993025 -0.101184 0.060522 -5.727300 0.116771 0.773064 -0.623488 12.386500 0.016300 0.626206 0.779487 0.169100 0.000000 0.000000 0.000000 1.000000
0.993024 -0.101197 0.060523 -5.727300 0.116782 0.773091 -0.623452 12.386500 0.016302 0.626171 0.779515 0.169100 0.000000 0.000000 0.000000 1.000000
0.993022 -0.101210 0.060524 -5.727300 0.116793 0.773119 -0.623415 12.386500 0.016304 0.626134 0.779545 0.169100 0.000000 0.000000 0.000000 1.000000
0.993024 -0.101194 0.060523 -5.727300 0.116780 0.773088 -0.623456 12.386500 0.016301 0.626175 0.779512 0.169100 0.000000 0.000000 0.000000 1.000000
0.993029 -0.101145 0.060520 -5.727300 0.116737 0.772982 -0.623596 12.386500 0.016292 0.626314 0.779401 0.169100 0.000000 0.000000 0.000000 1.000000
0.993033 -0.101108 0.060519 -5.727300 0.116705 0.772896 -0.623708 12.386500 0.016287 0.626426 0.779311 0.169100 0.000000 0.000000 0.000000 1.000000
0.993026 -0.101178 0.060523 -5.727300 0.116766 0.773041 -0.623517 12.386500 0.016299 0.626236 0.779463 0.169100 0.000000 0.000000 0.000000 1.000000
0.993005 -0.101371 0.060532 -5.727300 0.116934 0.773460 -0.622966 12.386500 0.016331 0.625687 0.779904 0.169100 0.000000 0.000000 0.000000 1.000000
0.992995 -0.101468 0.060534 -5.727300 0.117017 0.773692 -0.622662 12.386500 0.016346 0.625384 0.780146 0.169100 0.000000 0.000000 0.000000 1.000000
0.993028 -0.101159 0.060516 -5.727300 0.116747 0.773048 -0.623512 12.386500 0.016292 0.626230 0.779468 0.169100 0.000000 0.000000 0.000000 1.000000
0.993104 -0.100425 0.060484 -5.727300 0.116113 0.771439 -0.625620 12.386500 0.016168 0.628329 0.777780 0.169100 0.000000 0.000000 0.000000 1.000000
0.993127 -0.100199 0.060484 -5.727300 0.115922 0.770862 -0.626366 12.386500 0.016137 0.629073 0.777179 0.169100 0.000000 0.000000 0.000000 1.000000
0.992989 -0.101520 0.060557 -5.727300 0.117070 0.773639 -0.622718 12.386500 0.016369 0.625441 0.780100 0.169100 0.000000 0.000000 0.000000 1.000000</float_array>
        <technique_common>
          <accessor source="#mixamorig_LeftHandIndex1-Matrix-animation-output-transform-array" count="63" stride="16">
            <param type="float4x4"/>
          </accessor>
        </technique_common>
      </source>
      <source id="mixamorig_LeftHandIndex1-Interpolations">
        <Name_array id="mixamorig_LeftHandIndex1-Interpolations-array" count="63">
 LINEAR LINEAR LINEAR LINEAR LINEAR LINEAR LINEAR LINEAR LINEAR LINEAR LINEAR
LINEAR LINEAR LINEAR LINEAR LINEAR LINEAR LINEAR LINEAR LINEAR LINEAR LINEAR LINEAR
LINEAR LINEAR LINEAR LINEAR LINEAR LINEAR LINEAR LINEAR LINEAR LINEAR LINEAR LINEAR
LINEAR LINEAR LINEAR LINEAR LINEAR LINEAR LINEAR LINEAR LINEAR LINEAR LINEAR LINEAR
LINEAR LINEAR LINEAR LINEAR LINEAR LINEAR LINEAR LINEAR LINEAR LINEAR LINEAR LINEAR
LINEAR LINEAR LINEAR LINEAR</Name_array>
        <technique_common>
          <accessor source="#mixamorig_LeftHandIndex1-Interpolations-array" count="63">
            <param type="name"/>
          </accessor>
        </technique_common>
      </source>
      <sampler id="mixamorig_LeftHandIndex1-Matrix-animation-transform">
        <input semantic="INPUT" source="#mixamorig_LeftHandIndex1-Matrix-animation-input"/>
        <input semantic="OUTPUT" source="#mixamorig_LeftHandIndex1-Matrix-animation-output-transform"/>
        <input semantic="INTERPOLATION" source="#mixamorig_LeftHandIndex1-Interpolations"/>
      </sampler>
      <channel source="#mixamorig_LeftHandIndex1-Matrix-animation-transform" target="mixamorig_LeftHandIndex1/matrix"/>
    </animation>
    <animation id="mixamorig_LeftHandIndex2-anim" name="mixamorig_LeftHandIndex2">
      <source id="mixamorig_LeftHandIndex2-Matrix-animation-input">
        <float_array id="mixamorig_LeftHandIndex2-Matrix-animation-input-array" count="63">

0.000000 0.033333 0.066667 0.100000 0.133333 0.166667 0.200000 0.233333 0.266667 0.300000 0.333333 0.366667 0.400000 0.433333 0.466667 0.500000
0.533333 0.566667 0.600000 0.633333 0.666667 0.700000 0.733333 0.766667 0.800000 0.833333 0.866667 0.900000 0.933333 0.966667 1.000000 1.033333
1.066667 1.100000 1.133333 1.166667 1.200000 1.233333 1.266667 1.300000 1.333333 1.366667 1.400000 1.433333 1.466667 1.500000 1.533333 1.566667
1.600000 1.633333 1.666667 1.700000 1.733333 1.766667 1.800000 1.833333 1.866667 1.900000 1.933333 1.966667 2.000000 2.033333 2.066667</float_array>
        <technique_common>
          <accessor source="#mixamorig_LeftHandIndex2-Matrix-animation-input-array" count="63">
            <param name="TIME" type="float"/>
          </accessor>
        </technique_common>
      </source>
      <source id="mixamorig_LeftHandIndex2-Matrix-animation-output-transform">
        <float_array id="mixamorig_LeftHandIndex2-Matrix-animation-output-transform-array" count="1008">

0.993061 0.092881 -0.072131 -0.002100 -0.092850 0.242840 -0.965613 4.467800 -0.072170 0.965610 0.249779 -0.000000 0.000000 0.000000 0.000000 1.000000
0.993166 0.092595 -0.071044 -0.002100 -0.092565 0.254187 -0.962715 4.467800 -0.071084 0.962712 0.261021 -0.000000 0.000000 0.000000 0.000000 1.000000
0.993181 0.092553 -0.070889 -0.002100 -0.092523 0.255809 -0.962290 4.467800 -0.070929 0.962287 0.262628 -0.000000 0.000000 0.000000 0.000000 1.000000
0.992948 0.093172 -0.073298 -0.002100 -0.093141 0.230657 -0.968567 4.467800 -0.073337 0.968564 0.237709 0.000000 0.000000 0.000000 0.000000 1.000000
0.992599 0.093977 -0.076910 -0.002100 -0.093945 0.192931 -0.976705 4.467800 -0.076950 0.976702 0.200331 -0.000000 0.000000 0.000000 0.000000 1.000000
0.992729 0.093694 -0.075563 -0.002100 -0.093662 0.207002 -0.973847 4.467800 -0.075602 0.973844 0.214272 0.000000 0.000000 0.000000 0.000000 1.000000
0.994238 0.088863 -0.059945 -0.002100 -0.088838 0.370170 -0.924706 4.467800 -0.059983 0.924704 0.375932 -0.000000 0.000000 0.000000 0.000000 1.000000
0.996724 0.073299 -0.034185 -0.002100 -0.073284 0.639679 -0.765141 4.467800 -0.034216 0.765140 0.642955 0.000000 0.000000 0.000000 0.000000 1.000000
0.998752 0.048184 -0.013108 -0.002100 -0.048179 0.860812 -0.506638 4.467800 -0.013128 0.506637 0.862059 -0.000000 0.000000 0.000000 0.000000 1.000000
0.999531 0.030202 -0.004977 -0.002100 -0.030200 0.946532 -0.321192 4.467800 -0.004989 0.321192 0.947001 0.000000 0.000000 0.000000 0.000000 1.000000
0.999673 0.025336 -0.003493 -0.002100 -0.025334 0.962254 -0.270970 4.467800 -0.003504 0.270969 0.962582 0.000000 0.000000 0.000000 0.000000 1.000000
0.999576 0.028762 -0.004509 -0.002100 -0.028760 0.951492 -0.306327 4.467800 -0.004520 0.306327 0.951916 -0.000000 0.000000 0.000000 0.000000 1.000000
0.999478 0.031824 -0.005535 -0.002100 -0.031821 0.940637 -0.337920 4.467800 -0.005548 0.337920 0.941158 0.000000 0.000000 0.000000 0.000000 1.000000
0.999474 0.031960 -0.005583 -0.002100 -0.031957 0.940124 -0.339332 4.467800 -0.005596 0.339331 0.940650 -0.000000 0.000000 0.000000 0.000000 1.000000
0.999530 0.030238 -0.004989 -0.002100 -0.030236 0.946406 -0.321561 4.467800 -0.005002 0.321561 0.946876 0.000000 0.000000 0.000000 0.000000 1.000000
0.999548 0.029675 -0.004803 -0.002100 -0.029673 0.948375 -0.315759 4.467800 -0.004815 0.315759 0.948827 0.000000 0.000000 0.000000 0.000000 1.000000
0.999445 0.032788 -0.005882 -0.002100 -0.032786 0.936966 -0.347880 4.467800 -0.005895 0.347880 0.937521 0.000000 0.000000 0.000000 0.000000 1.000000
0.999143 0.040403 -0.009042 -0.002100 -0.040400 0.903622 -0.426422 4.467800 -0.009058 0.426422 0.904479 -0.000000 0.000000 0.000000 0.000000 1.000000
0.998612 0.050606 -0.014566 -0.002100 -0.050600 0.845486 -0.531595 4.467800 -0.014587 0.531594 0.846873 0.000000 0.000000 0.000000 0.000000 1.000000
0.997932 0.060524 -0.021642 -0.002100 -0.060515 0.771176 -0.633739 4.467800 -0.021667 0.633738 0.773244 0.000000 0.000000 0.000000 0.000000 1.000000
0.997269 0.068122 -0.028529 -0.002100 -0.068110 0.698946 -0.711924 4.467800 -0.028557 0.711923 0.701677 0.000000 0.000000 0.000000 0.000000 1.000000
0.996715 0.073373 -0.034274 -0.002100 -0.073359 0.638753 -0.765907 4.467800 -0.034305 0.765905 0.642038 -0.000000 0.000000 0.000000 0.000000 1.000000
0.996244 0.077227 -0.039163 -0.002100 -0.077210 0.587552 -0.805495 4.467800 -0.039196 0.805493 0.591308 0.000000 0.000000 0.000000 0.000000 1.000000
0.995784 0.080524 -0.043933 -0.002100 -0.080506 0.537631 -0.839328 4.467800 -0.043967 0.839327 0.541847 0.000000 0.000000 0.000000 0.000000 1.000000
0.995313 0.083482 -0.048814 -0.002100 -0.083461 0.486555 -0.869654 4.467800 -0.048850 0.869652 0.491242 0.000000 0.000000 0.000000 0.000000 1.000000
0.994850 0.086020 -0.053612 -0.002100 -0.085998 0.436379 -0.895644 4.467800 -0.053648 0.895642 0.441529 0.000000 0.000000 0.000000 0.000000 1.000000
0.994420 0.088076 -0.058062 -0.002100 -0.088051 0.389845 -0.916661 4.467800 -0.058100 0.916659 0.395425 0.000000 0.000000 0.000000 0.000000 1.000000
0.994044 0.089652 -0.061953 -0.002100 -0.089626 0.349183 -0.932759 4.467800 -0.061991 0.932756 0.355138 0.000000 0.000000 0.000000 0.000000 1.000000
0.993719 0.090861 -0.065326 -0.002100 -0.090834 0.313936 -0.945089 4.467800 -0.065364 0.945086 0.320218 0.000000 0.000000 0.000000 0.000000 1.000000
0.993451 0.091749 -0.068092 -0.002100 -0.091720 0.285035 -0.954119 4.467800 -0.068131 0.954116 0.291584 0.000000 0.000000 0.000000 0.000000 1.000000
0.993250 0.092356 -0.070172 -0.002100 -0.092326 0.263296 -0.960287 4.467800 -0.070212 0.960284 0.270045 0.000000 0.000000 0.000000 0.000000 1.000000
0.993118 0.092728 -0.071544 -0.002100 -0.092698 0.248973 -0.964064 4.467800 -0.071583 0.964061 0.255855 -0.000000 0.000000 0.000000 0.000000 1.000000
0.993059 0.092886 -0.072153 -0.002100 -0.092856 0.242615 -0.965669 4.467800 -0.072192 0.965666 0.249556 0.000000 0.000000 0.000000 0.000000 1.000000
0.993043 0.092929 -0.072319 -0.002100 -0.092898 0.240876 -0.966100 4.467800 -0.072358 0.966097 0.247833 0.000000 0.000000 0.000000 0.000000 1.000000
0.993047 0.092917 -0.072275 -0.002100 -0.092887 0.241342 -0.965985 4.467800 -0.072314 0.965982 0.248294 0.000000 0.000000 0.000000 0.000000 1.000000
0.993052 0.092904 -0.072223 -0.002100 -0.092873 0.241873 -0.965853 4.467800 -0.072263 0.965850 0.248820 0.000000 0.000000 0.000000 0.000000 1.000000
0.993053 0.092903 -0.072218 -0.002100 -0.092872 0.241931 -0.965839 4.467800 -0.072257 0.965836 0.248878 -0.000000 0.000000 0.000000 0.000000 1.000000
0.993051 0.092908 -0.072238 -0.002100 -0.092878 0.241719 -0.965891 4.467800 -0.072278 0.965888 0.248668 0.000000 0.000000 0.000000 0.000000 1.000000
0.993049 0.092911 -0.072251 -0.002100 -0.092881 0.241585 -0.965924 4.467800 -0.072291 0.965922 0.248535 0.000000 0.000000 0.000000 0.000000 1.000000
0.993050 0.092912 -0.072250 -0.002100 -0.092881 0.241591 -0.965923 4.467800 -0.072290 0.965920 0.248542 0.000000 0.000000 0.000000 0.000000 1.000000
0.993050 0.092910 -0.072245 -0.002100 -0.092879 0.241653 -0.965907 4.467800 -0.072284 0.965904 0.248603 0.000000 0.000000 0.000000 0.000000 1.000000
0.993050 0.092909 -0.072241 -0.002100 -0.092878 0.241687 -0.965899 4.467800 -0.072281 0.965896 0.248637 0.000000 0.000000 0.000000 0.000000 1.000000
0.993050 0.092909 -0.072242 -0.002100 -0.092879 0.241680 -0.965901 4.467800 -0.072281 0.965898 0.248630 0.000000 0.000000 0.000000 0.000000 1.000000
0.993050 0.092909 -0.072243 -0.002100 -0.092879 0.241663 -0.965905 4.467800 -0.072283 0.965902 0.248613 0.000000 0.000000 0.000000 0.000000 1.000000
0.993050 0.092910 -0.072244 -0.002100 -0.092879 0.241655 -0.965907 4.467800 -0.072284 0.965904 0.248605 0.000000 0.000000 0.000000 0.000000 1.000000
0.993050 0.092909 -0.072244 -0.002100 -0.092879 0.241661 -0.965905 4.467800 -0.072283 0.965903 0.248611 -0.000000 0.000000 0.000000 0.000000 1.000000
0.993050 0.092909 -0.072243 -0.002100 -0.092879 0.241670 -0.965903 4.467800 -0.072282 0.965900 0.248620 0.000000 0.000000 0.000000 0.000000 1.000000
0.993050 0.092909 -0.072243 -0.002100 -0.092879 0.241670 -0.965903 4.467800 -0.072282 0.965900 0.248620 0.000000 0.000000 0.000000 0.000000 1.000000
0.993050 0.092910 -0.072244 -0.002100 -0.092879 0.241656 -0.965907 4.467800 -0.072284 0.965904 0.248606 0.000000 0.000000 0.000000 0.000000 1.000000
0.993050 0.092910 -0.072246 -0.002100 -0.092879 0.241638 -0.965911 4.467800 -0.072285 0.965908 0.248588 0.000000 0.000000 0.000000 0.000000 1.000000
0.993050 0.092910 -0.072245 -0.002100 -0.092879 0.241649 -0.965909 4.467800 -0.072284 0.965906 0.248599 0.000000 0.000000 0.000000 0.000000 1.000000
0.993051 0.092908 -0.072240 -0.002100 -0.092878 0.241702 -0.965895 4.467800 -0.072279 0.965892 0.248651 0.000000 0.000000 0.000000 0.000000 1.000000
0.993051 0.092907 -0.072235 -0.002100 -0.092877 0.241758 -0.965882 4.467800 -0.072274 0.965879 0.248707 0.000000 0.000000 0.000000 0.000000 1.000000
0.993051 0.092909 -0.072240 -0.002100 -0.092878 0.241697 -0.965897 4.467800 -0.072280 0.965894 0.248646 0.000000 0.000000 0.000000 0.000000 1.000000
0.993049 0.092914 -0.072260 -0.002100 -0.092883 0.241489 -0.965948 4.467800 -0.072300 0.965945 0.248440 0.000000 0.000000 0.000000 0.000000 1.000000
0.993047 0.092918 -0.072276 -0.002100 -0.092887 0.241324 -0.965989 4.467800 -0.072316 0.965986 0.248277 0.000000 0.000000 0.000000 0.000000 1.000000
0.993050 0.092911 -0.072249 -0.002100 -0.092880 0.241609 -0.965919 4.467800 -0.072288 0.965916 0.248559 0.000000 0.000000 0.000000 0.000000 1.000000
0.993057 0.092891 -0.072170 -0.002100 -0.092860 0.242427 -0.965715 4.467800 -0.072210 0.965712 0.249370 0.000000 0.000000 0.000000 0.000000 1.000000
0.993061 0.092880 -0.072128 -0.002100 -0.092849 0.242872 -0.965605 4.467800 -0.072167 0.965602 0.249810 0.000000 0.000000 0.000000 0.000000 1.000000
0.993050 0.092911 -0.072250 -0.002100 -0.092880 0.241602 -0.965920 4.467800 -0.072289 0.965917 0.248553 0.000000 0.000000 0.000000 0.000000 1.000000
0.993021 0.092987 -0.072549 -0.002100 -0.092956 0.238473 -0.966690 4.467800 -0.072588 0.966687 0.245452 -0.000000 0.000000 0.000000 0.000000 1.000000
0.993011 0.093013 -0.072653 -0.002100 -0.092982 0.237387 -0.966955 4.467800 -0.072693 0.966952 0.244376 0.000000 0.000000 0.000000 0.000000 1.000000
0.993061 0.092881 -0.072131 -0.002100 -0.092850 0.242840 -0.965613 4.467800 -0.072171 0.965610 0.249779 0.000000 0.000000 0.000000 0.000000 1.000000</float_array>
        <technique_common>
          <accessor source="#mixamorig_LeftHandIndex2-Matrix-animation-output-transform-array" count="63" stride="16">
            <param type="float4x4"/>
          </accessor>
        </technique_common>
      </source>
      <source id="mixamorig_LeftHandIndex2-Interpolations">
        <Name_array id="mixamorig_LeftHandIndex2-Interpolations-array" count="63">
 LINEAR LINEAR LINEAR LINEAR LINEAR LINEAR LINEAR LINEAR LINEAR LINEAR LINEAR
LINEAR LINEAR LINEAR LINEAR LINEAR LINEAR LINEAR LINEAR LINEAR LINEAR LINEAR LINEAR
LINEAR LINEAR LINEAR LINEAR LINEAR LINEAR LINEAR LINEAR LINEAR LINEAR LINEAR LINEAR
LINEAR LINEAR LINEAR LINEAR LINEAR LINEAR LINEAR LINEAR LINEAR LINEAR LINEAR LINEAR
LINEAR LINEAR LINEAR LINEAR LINEAR LINEAR LINEAR LINEAR LINEAR LINEAR LINEAR LINEAR
LINEAR LINEAR LINEAR LINEAR</Name_array>
        <technique_common>
          <accessor source="#mixamorig_LeftHandIndex2-Interpolations-array" count="63">
            <param type="name"/>
          </accessor>
        </technique_common>
      </source>
      <sampler id="mixamorig_LeftHandIndex2-Matrix-animation-transform">
        <input semantic="INPUT" source="#mixamorig_LeftHandIndex2-Matrix-animation-input"/>
        <input semantic="OUTPUT" source="#mixamorig_LeftHandIndex2-Matrix-animation-output-transform"/>
        <input semantic="INTERPOLATION" source="#mixamorig_LeftHandIndex2-Interpolations"/>
      </sampler>
      <channel source="#mixamorig_LeftHandIndex2-Matrix-animation-transform" target="mixamorig_LeftHandIndex2/matrix"/>
    </animation>
    <animation id="mixamorig_LeftHandIndex3-anim" name="mixamorig_LeftHandIndex3">
      <source id="mixamorig_LeftHandIndex3-Matrix-animation-input">
        <float_array id="mixamorig_LeftHandIndex3-Matrix-animation-input-array" count="63">

0.000000 0.033333 0.066667 0.100000 0.133333 0.166667 0.200000 0.233333 0.266667 0.300000 0.333333 0.366667 0.400000 0.433333 0.466667 0.500000
0.533333 0.566667 0.600000 0.633333 0.666667 0.700000 0.733333 0.766667 0.800000 0.833333 0.866667 0.900000 0.933333 0.966667 1.000000 1.033333
1.066667 1.100000 1.133333 1.166667 1.200000 1.233333 1.266667 1.300000 1.333333 1.366667 1.400000 1.433333 1.466667 1.500000 1.533333 1.566667
1.600000 1.633333 1.666667 1.700000 1.733333 1.766667 1.800000 1.833333 1.866667 1.900000 1.933333 1.966667 2.000000 2.033333 2.066667</float_array>
        <technique_common>
          <accessor source="#mixamorig_LeftHandIndex3-Matrix-animation-input-array" count="63">
            <param name="TIME" type="float"/>
          </accessor>
        </technique_common>
      </source>
      <source id="mixamorig_LeftHandIndex3-Matrix-animation-output-transform">
        <float_array id="mixamorig_LeftHandIndex3-Matrix-animation-output-transform-array" count="1008">

0.999360 0.035146 -0.006638 0.001900 -0.035180 0.932405 -0.359700 4.434100 -0.006453 0.359703 0.933044 0.000000 0.000000 0.000000 0.000000 1.000000
0.999370 0.034875 -0.006532 0.001900 -0.034908 0.933492 -0.356895 4.434100 -0.006349 0.356898 0.934122 0.000000 0.000000 0.000000 0.000000 1.000000
0.999372 0.034837 -0.006517 0.001900 -0.034870 0.933644 -0.356500 4.434100 -0.006334 0.356504 0.934272 0.000000 0.000000 0.000000 0.000000 1.000000
0.999349 0.035437 -0.006752 0.001900 -0.035472 0.931224 -0.362717 4.434100 -0.006566 0.362720 0.931875 0.000000 0.000000 0.000000 0.000000 1.000000
0.999315 0.036326 -0.007108 0.001900 -0.036363 0.927551 -0.371923 4.434100 -0.006918 0.371926 0.928236 0.000000 0.000000 0.000000 0.000000 1.000000
0.999328 0.035993 -0.006973 0.001900 -0.036029 0.928940 -0.368474 4.434100 -0.006785 0.368477 0.929612 0.000000 0.000000 0.000000 0.000000 1.000000
0.999472 0.032025 -0.005479 0.001900 -0.032054 0.944343 -0.327397 4.434100 -0.005311 0.327400 0.944871 0.000000 0.000000 0.000000 0.000000 1.000000
0.999693 0.024556 -0.003188 0.001900 -0.024573 0.967909 -0.250095 4.434100 -0.003056 0.250097 0.968216 0.000000 0.000000 0.000000 0.000000 1.000000
0.999867 0.016252 -0.001389 0.001900 -0.016259 0.986297 -0.164179 4.434100 -0.001299 0.164179 0.986430 0.000000 0.000000 0.000000 0.000000 1.000000
0.999937 0.011210 -0.000663 0.001900 -0.011214 0.993641 -0.112038 4.434100 -0.000598 0.112038 0.993704 0.000000 0.000000 0.000000 0.000000 1.000000
0.999951 0.009886 -0.000517 0.001900 -0.009889 0.995103 -0.098346 4.434100 -0.000458 0.098346 0.995152 -0.000000 0.000000 0.000000 0.000000 1.000000
0.999942 0.010747 -0.000610 0.001900 -0.010750 0.994174 -0.107253 4.434100 -0.000547 0.107253 0.994232 0.000000 0.000000 0.000000 0.000000 1.000000
0.999933 0.011546 -0.000703 0.001900 -0.011550 0.993238 -0.115519 4.434100 -0.000636 0.115520 0.993305 0.000000 0.000000 0.000000 0.000000 1.000000
0.999932 0.011668 -0.000718 0.001900 -0.011672 0.993090 -0.116772 4.434100 -0.000650 0.116772 0.993159 0.000000 0.000000 0.000000 0.000000 1.000000
0.999935 0.011389 -0.000684 0.001900 -0.011392 0.993428 -0.113886 4.434100 -0.000618 0.113887 0.993494 -0.000000 0.000000 0.000000 0.000000 1.000000
0.999937 0.011200 -0.000661 0.001900 -0.011203 0.993653 -0.111933 4.434100 -0.000596 0.111934 0.993716 -0.000000 0.000000 0.000000 0.000000 1.000000
0.999937 0.011216 -0.000663 0.001900 -0.011220 0.993633 -0.112105 4.434100 -0.000598 0.112105 0.993696 0.000000 0.000000 0.000000 0.000000 1.000000
0.999936 0.011288 -0.000672 0.001900 -0.011292 0.993548 -0.112850 4.434100 -0.000607 0.112850 0.993612 0.000000 0.000000 0.000000 0.000000 1.000000
0.999936 0.011286 -0.000672 0.001900 -0.011290 0.993551 -0.112826 4.434100 -0.000606 0.112826 0.993615 -0.000000 0.000000 0.000000 0.000000 1.000000
0.999937 0.011235 -0.000666 0.001900 -0.011239 0.993611 -0.112302 4.434100 -0.000600 0.112302 0.993674 0.000000 0.000000 0.000000 0.000000 1.000000
0.999935 0.011371 -0.000682 0.001900 -0.011374 0.993450 -0.113701 4.434100 -0.000616 0.113701 0.993515 0.000000 0.000000 0.000000 0.000000 1.000000
0.999928 0.011975 -0.000755 0.001900 -0.011979 0.992708 -0.119948 4.434100 -0.000686 0.119948 0.992780 0.000000 0.000000 0.000000 0.000000 1.000000
0.999911 0.013283 -0.000928 0.001900 -0.013288 0.990963 -0.133478 4.434100 -0.000853 0.133478 0.991051 0.000000 0.000000 0.000000 0.000000 1.000000
0.999883 0.015218 -0.001218 0.001900 -0.015225 0.988033 -0.153492 4.434100 -0.001133 0.153493 0.988149 0.000000 0.000000 0.000000 0.000000 1.000000
0.999842 0.017686 -0.001645 0.001900 -0.017695 0.983687 -0.179014 4.434100 -0.001548 0.179014 0.983845 0.000000 0.000000 0.000000 0.000000 1.000000
0.999789 0.020435 -0.002199 0.001900 -0.020447 0.978029 -0.207462 4.434100 -0.002088 0.207463 0.978241 0.000000 0.000000 0.000000 0.000000 1.000000
0.999724 0.023309 -0.002868 0.001900 -0.023324 0.971184 -0.237186 4.434100 -0.002743 0.237187 0.971460 0.000000 0.000000 0.000000 0.000000 1.000000
0.999651 0.026164 -0.003626 0.001900 -0.026183 0.963413 -0.266738 4.434100 -0.003486 0.266740 0.963762 0.000000 0.000000 0.000000 0.000000 1.000000
0.999573 0.028875 -0.004432 0.001900 -0.028899 0.955124 -0.294794 4.434100 -0.004279 0.294796 0.955551 0.000000 0.000000 0.000000 0.000000 1.000000
0.999497 0.031271 -0.005218 0.001900 -0.031298 0.947038 -0.319593 4.434100 -0.005053 0.319595 0.947541 -0.000000 0.000000 0.000000 0.000000 1.000000
0.999433 0.033165 -0.005888 0.001900 -0.033195 0.940131 -0.339193 4.434100 -0.005714 0.339196 0.940698 0.000000 0.000000 0.000000 0.000000 1.000000
0.999386 0.034463 -0.006374 0.001900 -0.034496 0.935126 -0.352632 4.434100 -0.006192 0.352635 0.935740 0.000000 0.000000 0.000000 0.000000 1.000000
0.999363 0.035069 -0.006608 0.001900 -0.035103 0.932714 -0.358904 4.434100 -0.006423 0.358907 0.933351 0.000000 0.000000 0.000000 0.000000 1.000000
0.999356 0.035248 -0.006677 0.001900 -0.035283 0.931993 -0.360755 4.434100 -0.006493 0.360759 0.932637 0.000000 0.000000 0.000000 0.000000 1.000000
0.999358 0.035210 -0.006663 0.001900 -0.035244 0.932146 -0.360363 4.434100 -0.006478 0.360366 0.932788 0.000000 0.000000 0.000000 0.000000 1.000000
0.999360 0.035157 -0.006642 0.001900 -0.035191 0.932358 -0.359820 4.434100 -0.006458 0.359823 0.932998 0.000000 0.000000 0.000000 0.000000 1.000000
0.999360 0.035148 -0.006638 0.001900 -0.035182 0.932395 -0.359725 4.434100 -0.006454 0.359728 0.933035 0.000000 0.000000 0.000000 0.000000 1.000000
0.999359 0.035167 -0.006646 0.001900 -0.035201 0.932318 -0.359923 4.434100 -0.006461 0.359926 0.932958 -0.000000 0.000000 0.000000 0.000000 1.000000
0.999359 0.035181 -0.006651 0.001900 -0.035215 0.932263 -0.360064 4.434100 -0.006467 0.360067 0.932904 -0.000000 0.000000 0.000000 0.000000 1.000000
0.999359 0.035181 -0.006651 0.001900 -0.035215 0.932262 -0.360067 4.434100 -0.006467 0.360070 0.932903 -0.000000 0.000000 0.000000 0.000000 1.000000
0.999359 0.035175 -0.006649 0.001900 -0.035210 0.932284 -0.360009 4.434100 -0.006465 0.360012 0.932925 0.000000 0.000000 0.000000 0.000000 1.000000
0.999359 0.035172 -0.006648 0.001900 -0.035206 0.932298 -0.359972 4.434100 -0.006463 0.359976 0.932939 -0.000000 0.000000 0.000000 0.000000 1.000000
0.999359 0.035172 -0.006648 0.001900 -0.035207 0.932297 -0.359976 4.434100 -0.006463 0.359980 0.932938 0.000000 0.000000 0.000000 0.000000 1.000000
0.999359 0.035174 -0.006649 0.001900 -0.035208 0.932291 -0.359992 4.434100 -0.006464 0.359995 0.932932 0.000000 0.000000 0.000000 0.000000 1.000000
0.999359 0.035174 -0.006649 0.001900 -0.035209 0.932287 -0.360001 4.434100 -0.006464 0.360004 0.932928 0.000000 0.000000 0.000000 0.000000 1.000000
0.999359 0.035175 -0.006649 0.001900 -0.035209 0.932288 -0.359998 4.434100 -0.006464 0.360001 0.932929 0.000000 0.000000 0.000000 0.000000 1.000000
0.999359 0.035174 -0.006648 0.001900 -0.035208 0.932290 -0.359993 4.434100 -0.006464 0.359996 0.932931 -0.000000 0.000000 0.000000 0.000000 1.000000
0.999359 0.035173 -0.006649 0.001900 -0.035208 0.932291 -0.359991 4.434100 -0.006464 0.359995 0.932932 0.000000 0.000000 0.000000 0.000000 1.000000
0.999359 0.035174 -0.006649 0.001900 -0.035209 0.932290 -0.359995 4.434100 -0.006464 0.359998 0.932931 0.000000 0.000000 0.000000 0.000000 1.000000
0.999359 0.035174 -0.006649 0.001900 -0.035209 0.932288 -0.360000 4.434100 -0.006464 0.360004 0.932928 0.000000 0.000000 0.000000 0.000000 1.000000
0.999359 0.035174 -0.006649 0.001900 -0.035209 0.932289 -0.359998 4.434100 -0.006464 0.360001 0.932929 0.000000 0.000000 0.000000 0.000000 1.000000
0.999359 0.035173 -0.006648 0.001900 -0.035207 0.932294 -0.359985 4.434100 -0.006463 0.359988 0.932934 0.000000 0.000000 0.000000 0.000000 1.000000
0.999359 0.035172 -0.006648 0.001900 -0.035206 0.932299 -0.359971 4.434100 -0.006463 0.359974 0.932940 0.000000 0.000000 0.000000 0.000000 1.000000
0.999359 0.035173 -0.006648 0.001900 -0.035208 0.932293 -0.359986 4.434100 -0.006464 0.359989 0.932934 -0.000000 0.000000 0.000000 0.000000 1.000000
0.999359 0.035178 -0.006650 0.001900 -0.035213 0.932273 -0.360037 4.434100 -0.006466 0.360040 0.932914 -0.000000 0.000000 0.000000 0.000000 1.000000
0.999359 0.035182 -0.006652 0.001900 -0.035216 0.932257 -0.360078 4.434100 -0.006467 0.360081 0.932899 0.000000 0.000000 0.000000 0.000000 1.000000
0.999359 0.035175 -0.006649 0.001900 -0.035210 0.932285 -0.360007 4.434100 -0.006465 0.360010 0.932926 0.000000 0.000000 0.000000 0.000000 1.000000
0.999360 0.035156 -0.006642 0.001900 -0.035190 0.932364 -0.359805 4.434100 -0.006457 0.359808 0.933004 0.000000 0.000000 0.000000 0.000000 1.000000
0.999360 0.035145 -0.006637 0.001900 -0.035179 0.932406 -0.359696 4.434100 -0.006453 0.359699 0.933046 0.000000 0.000000 0.000000 0.000000 1.000000
0.999359 0.035175 -0.006649 0.001900 -0.035210 0.932284 -0.360010 4.434100 -0.006465 0.360013 0.932925 0.000000 0.000000 0.000000 0.000000 1.000000
0.999356 0.035250 -0.006678 0.001900 -0.035284 0.931983 -0.360781 4.434100 -0.006494 0.360785 0.932627 0.000000 0.000000 0.000000 0.000000 1.000000
0.999355 0.035276 -0.006688 0.001900 -0.035310 0.931879 -0.361047 4.434100 -0.006503 0.361051 0.932524 0.000000 0.000000 0.000000 0.000000 1.000000
0.999360 0.035145 -0.006638 0.001900 -0.035180 0.932404 -0.359700 4.434100 -0.006453 0.359704 0.933044 0.000000 0.000000 0.000000 0.000000 1.000000</float_array>
        <technique_common>
          <accessor source="#mixamorig_LeftHandIndex3-Matrix-animation-output-transform-array" count="63" stride="16">
            <param type="float4x4"/>
          </accessor>
        </technique_common>
      </source>
      <source id="mixamorig_LeftHandIndex3-Interpolations">
        <Name_array id="mixamorig_LeftHandIndex3-Interpolations-array" count="63">
 LINEAR LINEAR LINEAR LINEAR LINEAR LINEAR LINEAR LINEAR LINEAR LINEAR LINEAR
LINEAR LINEAR LINEAR LINEAR LINEAR LINEAR LINEAR LINEAR LINEAR LINEAR LINEAR LINEAR
LINEAR LINEAR LINEAR LINEAR LINEAR LINEAR LINEAR LINEAR LINEAR LINEAR LINEAR LINEAR
LINEAR LINEAR LINEAR LINEAR LINEAR LINEAR LINEAR LINEAR LINEAR LINEAR LINEAR LINEAR
LINEAR LINEAR LINEAR LINEAR LINEAR LINEAR LINEAR LINEAR LINEAR LINEAR LINEAR LINEAR
LINEAR LINEAR LINEAR LINEAR</Name_array>
        <technique_common>
          <accessor source="#mixamorig_LeftHandIndex3-Interpolations-array" count="63">
            <param type="name"/>
          </accessor>
        </technique_common>
      </source>
      <sampler id="mixamorig_LeftHandIndex3-Matrix-animation-transform">
        <input semantic="INPUT" source="#mixamorig_LeftHandIndex3-Matrix-animation-input"/>
        <input semantic="OUTPUT" source="#mixamorig_LeftHandIndex3-Matrix-animation-output-transform"/>
        <input semantic="INTERPOLATION" source="#mixamorig_LeftHandIndex3-Interpolations"/>
      </sampler>
      <channel source="#mixamorig_LeftHandIndex3-Matrix-animation-transform" target="mixamorig_LeftHandIndex3/matrix"/>
    </animation>
    <animation id="mixamorig_LeftHandMiddle1-anim" name="mixamorig_LeftHandMiddle1">
      <source id="mixamorig_LeftHandMiddle1-Matrix-animation-input">
        <float_array id="mixamorig_LeftHandMiddle1-Matrix-animation-input-array" count="63">

0.000000 0.033333 0.066667 0.100000 0.133333 0.166667 0.200000 0.233333 0.266667 0.300000 0.333333 0.366667 0.400000 0.433333 0.466667 0.500000
0.533333 0.566667 0.600000 0.633333 0.666667 0.700000 0.733333 0.766667 0.800000 0.833333 0.866667 0.900000 0.933333 0.966667 1.000000 1.033333
1.066667 1.100000 1.133333 1.166667 1.200000 1.233333 1.266667 1.300000 1.333333 1.366667 1.400000 1.433333 1.466667 1.500000 1.533333 1.566667
1.600000 1.633333 1.666667 1.700000 1.733333 1.766667 1.800000 1.833333 1.866667 1.900000 1.933333 1.966667 2.000000 2.033333 2.066667</float_array>
        <technique_common>
          <accessor source="#mixamorig_LeftHandMiddle1-Matrix-animation-input-array" count="63">
            <param name="TIME" type="float"/>
          </accessor>
        </technique_common>
      </source>
      <source id="mixamorig_LeftHandMiddle1-Matrix-animation-output-transform">
        <float_array id="mixamorig_LeftHandMiddle1-Matrix-animation-output-transform-array" count="1008">

0.998912 0.013006 0.044791 -1.770900 0.027146 0.618788 -0.785089 12.045500 -0.037927 0.785451 0.617761 -0.275300 0.000000 0.000000 0.000000 1.000000
0.998925 0.011572 0.044897 -1.770900 0.027736 0.626822 -0.778668 12.045500 -0.037153 0.779076 0.625827 -0.275300 0.000000 0.000000 0.000000 1.000000
0.998926 0.011361 0.044911 -1.770900 0.027824 0.627996 -0.777719 12.045500 -0.037040 0.778134 0.627006 -0.275300 0.000000 0.000000 0.000000 1.000000
0.998897 0.014526 0.044663 -1.770900 0.026530 0.610193 -0.791809 12.045500 -0.038754 0.792120 0.609134 -0.275300 0.000000 0.000000 0.000000 1.000000
0.998839 0.019239 0.044157 -1.770900 0.024671 0.583013 -0.812088 12.045500 -0.041368 0.812235 0.581862 -0.275300 0.000000 0.000000 0.000000 1.000000
0.998862 0.017512 0.044361 -1.770900 0.025343 0.593063 -0.804757 12.045500 -0.040402 0.804966 0.591944 -0.275300 0.000000 0.000000 0.000000 1.000000
0.998976 -0.003369 0.045120 -1.770900 0.034322 0.706212 -0.707168 12.045500 -0.029482 0.707992 0.705605 -0.275300 0.000000 0.000000 0.000000 1.000000
0.998412 -0.041285 0.038330 -1.770900 0.054744 0.871586 -0.487177 12.045500 -0.013295 0.488501 0.872462 -0.275300 0.000000 0.000000 0.000000 1.000000
0.996706 -0.078729 0.019451 -1.770900 0.081050 0.975156 -0.206159 12.045500 -0.002737 0.207056 0.978325 -0.275300 0.000000 0.000000 0.000000 1.000000
0.995198 -0.097838 0.003053 -1.770900 0.097885 0.994823 -0.027313 12.045500 -0.000365 0.027481 0.999622 -0.275300 0.000000 0.000000 0.000000 1.000000
0.994765 -0.102172 -0.001621 -1.770900 0.102184 0.994598 0.018251 12.045500 -0.000252 -0.018321 0.999832 -0.275300 0.000000 0.000000 0.000000 1.000000
0.995094 -0.098915 0.001931 -1.770900 0.098933 0.994962 -0.016201 12.045500 -0.000319 0.016313 0.999867 -0.275300 0.000000 0.000000 0.000000 1.000000
0.995373 -0.095961 0.004948 -1.770900 0.096088 0.994292 -0.046369 12.045500 -0.000470 0.046630 0.998912 -0.275300 0.000000 0.000000 0.000000 1.000000
0.995354 -0.096162 0.004750 -1.770900 0.096278 0.994366 -0.044355 12.045500 -0.000458 0.044606 0.999005 -0.275300 0.000000 0.000000 0.000000 1.000000
0.995140 -0.098439 0.002430 -1.770900 0.098469 0.994916 -0.021123 12.045500 -0.000338 0.021260 0.999774 -0.275300 0.000000 0.000000 0.000000 1.000000
0.995109 -0.098762 0.002093 -1.770900 0.098783 0.994950 -0.017789 12.045500 -0.000325 0.017909 0.999840 -0.275300 0.000000 0.000000 0.000000 1.000000
0.995654 -0.092781 0.008002 -1.770900 0.093123 0.992608 -0.077834 12.045500 -0.000721 0.078241 0.996934 -0.275300 0.000000 0.000000 0.000000 1.000000
0.996818 -0.076981 0.020675 -1.770900 0.079649 0.971999 -0.221073 12.045500 -0.003078 0.222016 0.975038 -0.275300 0.000000 0.000000 0.000000 1.000000
0.998046 -0.052287 0.034215 -1.770900 0.061751 0.909039 -0.412110 12.045500 -0.009555 0.413418 0.910491 -0.275300 0.000000 0.000000 0.000000 1.000000
0.998777 -0.025206 0.042541 -1.770900 0.045412 0.807986 -0.587449 12.045500 -0.019566 0.588662 0.808142 -0.275300 0.000000 0.000000 0.000000 1.000000
0.998975 -0.003816 0.045102 -1.770900 0.034531 0.708463 -0.704902 12.045500 -0.029264 0.705737 0.707869 -0.275300 0.000000 0.000000 0.000000 1.000000
0.998943 0.009107 0.045044 -1.770900 0.028767 0.640459 -0.767453 12.045500 -0.035838 0.767938 0.639521 -0.275300 0.000000 0.000000 0.000000 1.000000
0.998883 0.015764 0.044545 -1.770900 0.026034 0.603131 -0.797217 12.045500 -0.039434 0.797487 0.602047 -0.275300 0.000000 0.000000 0.000000 1.000000
0.998832 0.019738 0.044094 -1.770900 0.024480 0.580094 -0.814182 12.045500 -0.041649 0.814311 0.578933 -0.275300 0.000000 0.000000 0.000000 1.000000
0.998793 0.022346 0.043735 -1.770900 0.023491 0.564663 -0.824987 12.045500 -0.043130 0.825019 0.563457 -0.275300 0.000000 0.000000 0.000000 1.000000
0.998770 0.023754 0.043520 -1.770900 0.022968 0.556227 -0.830713 12.045500 -0.043940 0.830691 0.554997 -0.275300 0.000000 0.000000 0.000000 1.000000
0.998770 0.023766 0.043518 -1.770900 0.022964 0.556153 -0.830763 12.045500 -0.043947 0.830740 0.554923 -0.275300 0.000000 0.000000 0.000000 1.000000
0.998792 0.022402 0.043727 -1.770900 0.023471 0.564331 -0.825215 12.045500 -0.043163 0.825245 0.563123 -0.275300 0.000000 0.000000 0.000000 1.000000
0.998825 0.020282 0.044024 -1.770900 0.024271 0.576890 -0.816461 12.045500 -0.041957 0.816570 0.575720 -0.275300 0.000000 0.000000 0.000000 1.000000
0.998857 0.017891 0.044318 -1.770900 0.025195 0.590866 -0.806376 12.045500 -0.040613 0.806572 0.589740 -0.275300 0.000000 0.000000 0.000000 1.000000
0.998883 0.015748 0.044547 -1.770900 0.026040 0.603220 -0.797150 12.045500 -0.039425 0.797419 0.602136 -0.275300 0.000000 0.000000 0.000000 1.000000
0.998900 0.014144 0.044696 -1.770900 0.026684 0.612355 -0.790133 12.045500 -0.038546 0.790457 0.611304 -0.275300 0.000000 0.000000 0.000000 1.000000
0.998909 0.013327 0.044765 -1.770900 0.027015 0.616977 -0.786517 12.045500 -0.038101 0.786868 0.615944 -0.275300 0.000000 0.000000 0.000000 1.000000
0.998911 0.013057 0.044787 -1.770900 0.027125 0.618499 -0.785317 12.045500 -0.037955 0.785677 0.617472 -0.275300 0.000000 0.000000 0.000000 1.000000
0.998911 0.013093 0.044784 -1.770900 0.027111 0.618294 -0.785479 12.045500 -0.037974 0.785838 0.617266 -0.275300 0.000000 0.000000 0.000000 1.000000
0.998910 0.013167 0.044778 -1.770900 0.027081 0.617877 -0.785808 12.045500 -0.038014 0.786165 0.616847 -0.275300 0.000000 0.000000 0.000000 1.000000
0.998910 0.013187 0.044777 -1.770900 0.027073 0.617766 -0.785896 12.045500 -0.038025 0.786252 0.616735 -0.275300 0.000000 0.000000 0.000000 1.000000
0.998910 0.013164 0.044778 -1.770900 0.027082 0.617898 -0.785792 12.045500 -0.038012 0.786148 0.616868 -0.275300 0.000000 0.000000 0.000000 1.000000
0.998910 0.013144 0.044780 -1.770900 0.027090 0.618009 -0.785704 12.045500 -0.038002 0.786061 0.616980 -0.275300 0.000000 0.000000 0.000000 1.000000
0.998910 0.013141 0.044780 -1.770900 0.027091 0.618023 -0.785693 12.045500 -0.038000 0.786050 0.616994 -0.275300 0.000000 0.000000 0.000000 1.000000
0.998910 0.013149 0.044779 -1.770900 0.027088 0.617984 -0.785724 12.045500 -0.038004 0.786081 0.616955 -0.275300 0.000000 0.000000 0.000000 1.000000
0.998910 0.013154 0.044779 -1.770900 0.027086 0.617954 -0.785747 12.045500 -0.038007 0.786104 0.616925 -0.275300 0.000000 0.000000 0.000000 1.000000
0.998910 0.013154 0.044779 -1.770900 0.027086 0.617954 -0.785748 12.045500 -0.038007 0.786104 0.616924 -0.275300 0.000000 0.000000 0.000000 1.000000
0.998910 0.013152 0.044779 -1.770900 0.027087 0.617964 -0.785740 12.045500 -0.038006 0.786097 0.616934 -0.275300 0.000000 0.000000 0.000000 1.000000
0.998910 0.013151 0.044779 -1.770900 0.027087 0.617971 -0.785734 12.045500 -0.038005 0.786091 0.616941 -0.275300 0.000000 0.000000 0.000000 1.000000
0.998910 0.013150 0.044779 -1.770900 0.027088 0.617972 -0.785733 12.045500 -0.038005 0.786090 0.616943 -0.275300 0.000000 0.000000 0.000000 1.000000
0.998910 0.013150 0.044779 -1.770900 0.027087 0.617972 -0.785733 12.045500 -0.038005 0.786090 0.616943 -0.275300 0.000000 0.000000 0.000000 1.000000
0.998910 0.013151 0.044780 -1.770900 0.027088 0.617970 -0.785735 12.045500 -0.038005 0.786092 0.616940 -0.275300 0.000000 0.000000 0.000000 1.000000
0.998910 0.013152 0.044779 -1.770900 0.027087 0.617961 -0.785742 12.045500 -0.038006 0.786099 0.616931 -0.275300 0.000000 0.000000 0.000000 1.000000
0.998910 0.013154 0.044779 -1.770900 0.027086 0.617950 -0.785751 12.045500 -0.038007 0.786108 0.616920 -0.275300 0.000000 0.000000 0.000000 1.000000
0.998910 0.013153 0.044779 -1.770900 0.027086 0.617958 -0.785744 12.045500 -0.038007 0.786101 0.616928 -0.275300 0.000000 0.000000 0.000000 1.000000
0.998910 0.013146 0.044780 -1.770900 0.027089 0.617996 -0.785715 12.045500 -0.038003 0.786072 0.616966 -0.275300 0.000000 0.000000 0.000000 1.000000
0.998910 0.013139 0.044780 -1.770900 0.027092 0.618034 -0.785684 12.045500 -0.037999 0.786041 0.617005 -0.275300 0.000000 0.000000 0.000000 1.000000
0.998910 0.013147 0.044780 -1.770900 0.027089 0.617991 -0.785718 12.045500 -0.038004 0.786075 0.616961 -0.275300 0.000000 0.000000 0.000000 1.000000
0.998910 0.013173 0.044778 -1.770900 0.027078 0.617844 -0.785834 12.045500 -0.038018 0.786190 0.616814 -0.275300 0.000000 0.000000 0.000000 1.000000
0.998910 0.013195 0.044776 -1.770900 0.027069 0.617726 -0.785927 12.045500 -0.038029 0.786283 0.616696 -0.275300 0.000000 0.000000 0.000000 1.000000
0.998910 0.013159 0.044779 -1.770900 0.027084 0.617928 -0.785768 12.045500 -0.038010 0.786125 0.616898 -0.275300 0.000000 0.000000 0.000000 1.000000
0.998911 0.013055 0.044787 -1.770900 0.027126 0.618509 -0.785310 12.045500 -0.037954 0.785670 0.617481 -0.275300 0.000000 0.000000 0.000000 1.000000
0.998912 0.012999 0.044791 -1.770900 0.027149 0.618826 -0.785059 12.045500 -0.037923 0.785421 0.617799 -0.275300 0.000000 0.000000 0.000000 1.000000
0.998910 0.013158 0.044779 -1.770900 0.027084 0.617928 -0.785768 12.045500 -0.038009 0.786125 0.616898 -0.275300 0.000000 0.000000 0.000000 1.000000
0.998906 0.013553 0.044747 -1.770900 0.026924 0.615705 -0.787517 12.045500 -0.038224 0.787860 0.614666 -0.275300 0.000000 0.000000 0.000000 1.000000
0.998905 0.013691 0.044735 -1.770900 0.026868 0.614924 -0.788128 12.045500 -0.038299 0.788467 0.613883 -0.275300 0.000000 0.000000 0.000000 1.000000
0.998912 0.013006 0.044791 -1.770900 0.027147 0.618788 -0.785089 12.045500 -0.037927 0.785451 0.617761 -0.275300 0.000000 0.000000 0.000000 1.000000</float_array>
        <technique_common>
          <accessor source="#mixamorig_LeftHandMiddle1-Matrix-animation-output-transform-array" count="63" stride="16">
            <param type="float4x4"/>
          </accessor>
        </technique_common>
      </source>
      <source id="mixamorig_LeftHandMiddle1-Interpolations">
        <Name_array id="mixamorig_LeftHandMiddle1-Interpolations-array" count="63">
 LINEAR LINEAR LINEAR LINEAR LINEAR LINEAR LINEAR LINEAR LINEAR LINEAR LINEAR
LINEAR LINEAR LINEAR LINEAR LINEAR LINEAR LINEAR LINEAR LINEAR LINEAR LINEAR LINEAR
LINEAR LINEAR LINEAR LINEAR LINEAR LINEAR LINEAR LINEAR LINEAR LINEAR LINEAR LINEAR
LINEAR LINEAR LINEAR LINEAR LINEAR LINEAR LINEAR LINEAR LINEAR LINEAR LINEAR LINEAR
LINEAR LINEAR LINEAR LINEAR LINEAR LINEAR LINEAR LINEAR LINEAR LINEAR LINEAR LINEAR
LINEAR LINEAR LINEAR LINEAR</Name_array>
        <technique_common>
          <accessor source="#mixamorig_LeftHandMiddle1-Interpolations-array" count="63">
            <param type="name"/>
          </accessor>
        </technique_common>
      </source>
      <sampler id="mixamorig_LeftHandMiddle1-Matrix-animation-transform">
        <input semantic="INPUT" source="#mixamorig_LeftHandMiddle1-Matrix-animation-input"/>
        <input semantic="OUTPUT" source="#mixamorig_LeftHandMiddle1-Matrix-animation-output-transform"/>
        <input semantic="INTERPOLATION" source="#mixamorig_LeftHandMiddle1-Interpolations"/>
      </sampler>
      <channel source="#mixamorig_LeftHandMiddle1-Matrix-animation-transform" target="mixamorig_LeftHandMiddle1/matrix"/>
    </animation>
    <animation id="mixamorig_LeftHandMiddle2-anim" name="mixamorig_LeftHandMiddle2">
      <source id="mixamorig_LeftHandMiddle2-Matrix-animation-input">
        <float_array id="mixamorig_LeftHandMiddle2-Matrix-animation-input-array" count="63">

0.000000 0.033333 0.066667 0.100000 0.133333 0.166667 0.200000 0.233333 0.266667 0.300000 0.333333 0.366667 0.400000 0.433333 0.466667 0.500000
0.533333 0.566667 0.600000 0.633333 0.666667 0.700000 0.733333 0.766667 0.800000 0.833333 0.866667 0.900000 0.933333 0.966667 1.000000 1.033333
1.066667 1.100000 1.133333 1.166667 1.200000 1.233333 1.266667 1.300000 1.333333 1.366667 1.400000 1.433333 1.466667 1.500000 1.533333 1.566667
1.600000 1.633333 1.666667 1.700000 1.733333 1.766667 1.800000 1.833333 1.866667 1.900000 1.933333 1.966667 2.000000 2.033333 2.066667</float_array>
        <technique_common>
          <accessor source="#mixamorig_LeftHandMiddle2-Matrix-animation-input-array" count="63">
            <param name="TIME" type="float"/>
          </accessor>
        </technique_common>
      </source>
      <source id="mixamorig_LeftHandMiddle2-Matrix-animation-output-transform">
        <float_array id="mixamorig_LeftHandMiddle2-Matrix-animation-output-transform-array" count="1008">

0.993579 0.089753 -0.068892 -0.011100 -0.088940 0.243181 -0.965895 5.491500 -0.069938 0.965820 0.249602 0.000000 0.000000 0.000000 0.000000 1.000000
0.993692 0.089414 -0.067691 -0.011100 -0.088616 0.256103 -0.962579 5.491500 -0.068732 0.962505 0.262411 0.000000 0.000000 0.000000 0.000000 1.000000
0.993708 0.089364 -0.067519 -0.011100 -0.088568 0.257950 -0.962090 5.491500 -0.068559 0.962017 0.264242 0.000000 0.000000 0.000000 0.000000 1.000000
0.993457 0.090097 -0.070184 -0.011100 -0.089270 0.229306 -0.969252 5.491500 -0.071233 0.969175 0.235849 0.000000 0.000000 0.000000 0.000000 1.000000
0.993080 0.091042 -0.074187 -0.011100 -0.090166 0.186297 -0.978347 5.491500 -0.075250 0.978266 0.193217 0.000000 0.000000 0.000000 0.000000 1.000000
0.993221 0.090711 -0.072694 -0.011100 -0.089853 0.202330 -0.975187 5.491500 -0.073752 0.975107 0.209109 0.000000 0.000000 0.000000 0.000000 1.000000
0.994841 0.084936 -0.055474 -0.011100 -0.084285 0.387691 -0.917928 5.491500 -0.056458 0.917868 0.392850 0.000000 0.000000 0.000000 0.000000 1.000000
0.997426 0.066046 -0.027909 -0.011100 -0.065723 0.686569 -0.724088 5.491500 -0.028661 0.724058 0.689143 0.000000 0.000000 0.000000 0.000000 1.000000
0.999327 0.035910 -0.007492 -0.011100 -0.035828 0.911606 -0.409502 5.491500 -0.007876 0.409495 0.912279 -0.000000 0.000000 0.000000 0.000000 1.000000
0.999889 0.014856 -0.001343 -0.011100 -0.014844 0.982084 -0.187860 5.491500 -0.001472 0.187859 0.982195 -0.000000 0.000000 0.000000 0.000000 1.000000
0.999957 0.009235 -0.000565 -0.011100 -0.009231 0.991668 -0.128490 5.491500 -0.000626 0.128489 0.991711 -0.000000 0.000000 0.000000 0.000000 1.000000
0.999913 0.013139 -0.001069 -0.011100 -0.013130 0.985403 -0.169733 5.491500 -0.001177 0.169732 0.985490 -0.000000 0.000000 0.000000 0.000000 1.000000
0.999860 0.016665 -0.001667 -0.011100 -0.016649 0.978209 -0.206954 5.491500 -0.001818 0.206953 0.978349 0.000000 0.000000 0.000000 0.000000 1.000000
0.999856 0.016882 -0.001708 -0.011100 -0.016866 0.977719 -0.209241 5.491500 -0.001862 0.209240 0.977863 0.000000 0.000000 0.000000 0.000000 1.000000
0.999887 0.015004 -0.001368 -0.011100 -0.014991 0.981782 -0.189418 5.491500 -0.001499 0.189417 0.981896 0.000000 0.000000 0.000000 0.000000 1.000000
0.999897 0.014318 -0.001254 -0.011100 -0.014307 0.983160 -0.182187 5.491500 -0.001376 0.182186 0.983263 0.000000 0.000000 0.000000 0.000000 1.000000
0.999847 0.017407 -0.001811 -0.011100 -0.017390 0.976507 -0.214783 5.491500 -0.001971 0.214782 0.976660 0.000000 0.000000 0.000000 0.000000 1.000000
0.999677 0.025138 -0.003680 -0.011100 -0.025100 0.954780 -0.296252 5.491500 -0.003934 0.296249 0.955103 0.000000 0.000000 0.000000 0.000000 1.000000
0.999334 0.035737 -0.007418 -0.011100 -0.035655 0.912428 -0.407680 5.491500 -0.007800 0.407673 0.913095 0.000000 0.000000 0.000000 0.000000 1.000000
0.998840 0.046442 -0.012753 -0.011100 -0.046298 0.852990 -0.519870 5.491500 -0.013265 0.519857 0.854150 0.000000 0.000000 0.000000 0.000000 1.000000
0.998311 0.055101 -0.018439 -0.011100 -0.054890 0.790264 -0.610303 5.491500 -0.019056 0.610284 0.791953 -0.000000 0.000000 0.000000 0.000000 1.000000
0.997824 0.061543 -0.023652 -0.011100 -0.061271 0.733089 -0.677367 5.491500 -0.024348 0.677342 0.735265 0.000000 0.000000 0.000000 0.000000 1.000000
0.997367 0.066666 -0.028543 -0.011100 -0.066336 0.679654 -0.730527 5.491500 -0.029302 0.730497 0.682287 0.000000 0.000000 0.000000 0.000000 1.000000
0.996890 0.071269 -0.033643 -0.011100 -0.070878 0.624098 -0.778125 5.491500 -0.034459 0.778089 0.627208 0.000000 0.000000 0.000000 0.000000 1.000000
0.996377 0.075518 -0.039112 -0.011100 -0.075062 0.564690 -0.821883 5.491500 -0.039980 0.821841 0.568312 0.000000 0.000000 0.000000 0.000000 1.000000
0.995853 0.079241 -0.044703 -0.011100 -0.078719 0.504094 -0.860054 5.491500 -0.045617 0.860006 0.508241 0.000000 0.000000 0.000000 0.000000 1.000000
0.995345 0.082325 -0.050110 -0.011100 -0.081738 0.445608 -0.891489 5.491500 -0.051062 0.891435 0.450263 0.000000 0.000000 0.000000 0.000000 1.000000
0.994881 0.084745 -0.055050 -0.011100 -0.084098 0.392260 -0.916002 5.491500 -0.056033 0.915942 0.397379 -0.000000 0.000000 0.000000 0.000000 1.000000
0.994464 0.086621 -0.059484 -0.011100 -0.085922 0.344446 -0.934866 5.491500 -0.060490 0.934801 0.349982 0.000000 0.000000 0.000000 0.000000 1.000000
0.994112 0.088000 -0.063224 -0.011100 -0.087255 0.304158 -0.948617 5.491500 -0.064248 0.948548 0.310046 0.000000 0.000000 0.000000 0.000000 1.000000
0.993842 0.088937 -0.066095 -0.011100 -0.088158 0.273274 -0.957888 5.491500 -0.067130 0.957816 0.279432 0.000000 0.000000 0.000000 0.000000 1.000000
0.993661 0.089507 -0.068014 -0.011100 -0.088705 0.252622 -0.963490 5.491500 -0.069057 0.963416 0.258961 0.000000 0.000000 0.000000 0.000000 1.000000
0.993580 0.089750 -0.068881 -0.011100 -0.088937 0.243307 -0.965863 5.491500 -0.069927 0.965788 0.249727 -0.000000 0.000000 0.000000 0.000000 1.000000
0.993557 0.089815 -0.069124 -0.011100 -0.089000 0.240696 -0.966511 5.491500 -0.070170 0.966436 0.247139 0.000000 0.000000 0.000000 0.000000 1.000000
0.993562 0.089800 -0.069063 -0.011100 -0.088985 0.241349 -0.966350 5.491500 -0.070109 0.966275 0.247787 -0.000000 0.000000 0.000000 0.000000 1.000000
0.993569 0.089779 -0.068990 -0.011100 -0.088966 0.242134 -0.966155 5.491500 -0.070036 0.966080 0.248565 0.000000 0.000000 0.000000 0.000000 1.000000
0.993570 0.089777 -0.068981 -0.011100 -0.088963 0.242236 -0.966130 5.491500 -0.070026 0.966055 0.248666 -0.000000 0.000000 0.000000 0.000000 1.000000
0.993568 0.089784 -0.069009 -0.011100 -0.088971 0.241930 -0.966206 5.491500 -0.070055 0.966131 0.248362 0.000000 0.000000 0.000000 0.000000 1.000000
0.993566 0.089789 -0.069028 -0.011100 -0.088976 0.241730 -0.966256 5.491500 -0.070073 0.966180 0.248164 0.000000 0.000000 0.000000 0.000000 1.000000
0.993566 0.089789 -0.069027 -0.011100 -0.088976 0.241736 -0.966254 5.491500 -0.070073 0.966179 0.248170 0.000000 0.000000 0.000000 0.000000 1.000000
0.993567 0.089787 -0.069018 -0.011100 -0.088973 0.241825 -0.966232 5.491500 -0.070065 0.966157 0.248258 0.000000 0.000000 0.000000 0.000000 1.000000
0.993567 0.089785 -0.069014 -0.011100 -0.088972 0.241876 -0.966219 5.491500 -0.070060 0.966144 0.248309 0.000000 0.000000 0.000000 0.000000 1.000000
0.993567 0.089786 -0.069015 -0.011100 -0.088972 0.241868 -0.966222 5.491500 -0.070060 0.966146 0.248300 0.000000 0.000000 0.000000 0.000000 1.000000
0.993567 0.089786 -0.069017 -0.011100 -0.088973 0.241842 -0.966228 5.491500 -0.070063 0.966153 0.248275 -0.000000 0.000000 0.000000 0.000000 1.000000
0.993567 0.089787 -0.069018 -0.011100 -0.088973 0.241831 -0.966231 5.491500 -0.070064 0.966155 0.248263 0.000000 0.000000 0.000000 0.000000 1.000000
0.993567 0.089786 -0.069018 -0.011100 -0.088973 0.241838 -0.966229 5.491500 -0.070063 0.966154 0.248271 0.000000 0.000000 0.000000 0.000000 1.000000
0.993567 0.089786 -0.069016 -0.011100 -0.088973 0.241850 -0.966226 5.491500 -0.070062 0.966151 0.248283 0.000000 0.000000 0.000000 0.000000 1.000000
0.993567 0.089786 -0.069017 -0.011100 -0.088973 0.241851 -0.966226 5.491500 -0.070062 0.966150 0.248283 0.000000 0.000000 0.000000 0.000000 1.000000
0.993567 0.089787 -0.069018 -0.011100 -0.088973 0.241834 -0.966230 5.491500 -0.070064 0.966155 0.248266 0.000000 0.000000 0.000000 0.000000 1.000000
0.993567 0.089787 -0.069020 -0.011100 -0.088974 0.241813 -0.966235 5.491500 -0.070066 0.966160 0.248246 0.000000 0.000000 0.000000 0.000000 1.000000
0.993567 0.089787 -0.069019 -0.011100 -0.088973 0.241825 -0.966232 5.491500 -0.070065 0.966157 0.248258 0.000000 0.000000 0.000000 0.000000 1.000000
0.993567 0.089785 -0.069013 -0.011100 -0.088972 0.241887 -0.966217 5.491500 -0.070059 0.966141 0.248319 0.000000 0.000000 0.000000 0.000000 1.000000
0.993568 0.089784 -0.069007 -0.011100 -0.088970 0.241949 -0.966201 5.491500 -0.070053 0.966126 0.248381 0.000000 0.000000 0.000000 0.000000 1.000000
0.993567 0.089786 -0.069014 -0.011100 -0.088972 0.241880 -0.966218 5.491500 -0.070059 0.966143 0.248313 0.000000 0.000000 0.000000 0.000000 1.000000
0.993565 0.089792 -0.069036 -0.011100 -0.088978 0.241643 -0.966277 5.491500 -0.070082 0.966202 0.248078 0.000000 0.000000 0.000000 0.000000 1.000000
0.993563 0.089796 -0.069053 -0.011100 -0.088982 0.241455 -0.966324 5.491500 -0.070099 0.966248 0.247891 0.000000 0.000000 0.000000 0.000000 1.000000
0.993566 0.089788 -0.069023 -0.011100 -0.088974 0.241780 -0.966243 5.491500 -0.070069 0.966168 0.248214 0.000000 0.000000 0.000000 0.000000 1.000000
0.993574 0.089764 -0.068936 -0.011100 -0.088952 0.242712 -0.966012 5.491500 -0.069982 0.965936 0.249138 0.000000 0.000000 0.000000 0.000000 1.000000
0.993579 0.089752 -0.068889 -0.011100 -0.088939 0.243218 -0.965886 5.491500 -0.069935 0.965810 0.249639 0.000000 0.000000 0.000000 0.000000 1.000000
0.993566 0.089788 -0.069024 -0.011100 -0.088975 0.241773 -0.966245 5.491500 -0.070069 0.966170 0.248206 0.000000 0.000000 0.000000 0.000000 1.000000
0.993535 0.089878 -0.069355 -0.011100 -0.089060 0.238208 -0.967122 5.491500 -0.070402 0.967046 0.244673 0.000000 0.000000 0.000000 0.000000 1.000000
0.993524 0.089909 -0.069471 -0.011100 -0.089090 0.236970 -0.967423 5.491500 -0.070518 0.967348 0.243446 0.000000 0.000000 0.000000 0.000000 1.000000
0.993579 0.089752 -0.068892 -0.011100 -0.088940 0.243182 -0.965895 5.491500 -0.069938 0.965819 0.249603 -0.000000 0.000000 0.000000 0.000000 1.000000</float_array>
        <technique_common>
          <accessor source="#mixamorig_LeftHandMiddle2-Matrix-animation-output-transform-array" count="63" stride="16">
            <param type="float4x4"/>
          </accessor>
        </technique_common>
      </source>
      <source id="mixamorig_LeftHandMiddle2-Interpolations">
        <Name_array id="mixamorig_LeftHandMiddle2-Interpolations-array" count="63">
 LINEAR LINEAR LINEAR LINEAR LINEAR LINEAR LINEAR LINEAR LINEAR LINEAR LINEAR
LINEAR LINEAR LINEAR LINEAR LINEAR LINEAR LINEAR LINEAR LINEAR LINEAR LINEAR LINEAR
LINEAR LINEAR LINEAR LINEAR LINEAR LINEAR LINEAR LINEAR LINEAR LINEAR LINEAR LINEAR
LINEAR LINEAR LINEAR LINEAR LINEAR LINEAR LINEAR LINEAR LINEAR LINEAR LINEAR LINEAR
LINEAR LINEAR LINEAR LINEAR LINEAR LINEAR LINEAR LINEAR LINEAR LINEAR LINEAR LINEAR
LINEAR LINEAR LINEAR LINEAR</Name_array>
        <technique_common>
          <accessor source="#mixamorig_LeftHandMiddle2-Interpolations-array" count="63">
            <param type="name"/>
          </accessor>
        </technique_common>
      </source>
      <sampler id="mixamorig_LeftHandMiddle2-Matrix-animation-transform">
        <input semantic="INPUT" source="#mixamorig_LeftHandMiddle2-Matrix-animation-input"/>
        <input semantic="OUTPUT" source="#mixamorig_LeftHandMiddle2-Matrix-animation-output-transform"/>
        <input semantic="INTERPOLATION" source="#mixamorig_LeftHandMiddle2-Interpolations"/>
      </sampler>
      <channel source="#mixamorig_LeftHandMiddle2-Matrix-animation-transform" target="mixamorig_LeftHandMiddle2/matrix"/>
    </animation>
    <animation id="mixamorig_LeftHandMiddle3-anim" name="mixamorig_LeftHandMiddle3">
      <source id="mixamorig_LeftHandMiddle3-Matrix-animation-input">
        <float_array id="mixamorig_LeftHandMiddle3-Matrix-animation-input-array" count="63">

0.000000 0.033333 0.066667 0.100000 0.133333 0.166667 0.200000 0.233333 0.266667 0.300000 0.333333 0.366667 0.400000 0.433333 0.466667 0.500000
0.533333 0.566667 0.600000 0.633333 0.666667 0.700000 0.733333 0.766667 0.800000 0.833333 0.866667 0.900000 0.933333 0.966667 1.000000 1.033333
1.066667 1.100000 1.133333 1.166667 1.200000 1.233333 1.266667 1.300000 1.333333 1.366667 1.400000 1.433333 1.466667 1.500000 1.533333 1.566667
1.600000 1.633333 1.666667 1.700000 1.733333 1.766667 1.800000 1.833333 1.866667 1.900000 1.933333 1.966667 2.000000 2.033333 2.066667</float_array>
        <technique_common>
          <accessor source="#mixamorig_LeftHandMiddle3-Matrix-animation-input-array" count="63">
            <param name="TIME" type="float"/>
          </accessor>
        </technique_common>
      </source>
      <source id="mixamorig_LeftHandMiddle3-Matrix-animation-output-transform">
        <float_array id="mixamorig_LeftHandMiddle3-Matrix-animation-output-transform-array" count="1008">

0.999422 0.033340 -0.006627 0.004600 -0.033490 0.932390 -0.359899 5.202800 -0.005820 0.359913 0.932968 0.000000 0.000000 0.000000 0.000000 1.000000
0.999428 0.033185 -0.006565 0.004600 -0.033334 0.933031 -0.358248 5.202800 -0.005763 0.358262 0.933603 0.000000 0.000000 0.000000 0.000000 1.000000
0.999428 0.033163 -0.006557 0.004600 -0.033312 0.933121 -0.358016 5.202800 -0.005755 0.358030 0.933692 0.000000 0.000000 0.000000 0.000000 1.000000
0.999416 0.033507 -0.006693 0.004600 -0.033659 0.931696 -0.361676 5.202800 -0.005883 0.361690 0.932280 0.000000 0.000000 0.000000 0.000000 1.000000
0.999397 0.034018 -0.006899 0.004600 -0.034174 0.929552 -0.367103 5.202800 -0.006075 0.367118 0.930155 -0.000000 0.000000 0.000000 0.000000 1.000000
0.999404 0.033826 -0.006821 0.004600 -0.033981 0.930360 -0.365069 5.202800 -0.006003 0.365083 0.930956 0.000000 0.000000 0.000000 0.000000 1.000000
0.999484 0.031556 -0.005940 0.004600 -0.031690 0.939554 -0.340930 5.202800 -0.005178 0.340943 0.940070 0.000000 0.000000 0.000000 0.000000 1.000000
0.999617 0.027314 -0.004470 0.004600 -0.027414 0.954838 -0.295860 5.202800 -0.003813 0.295869 0.955221 0.000000 0.000000 0.000000 0.000000 1.000000
0.999739 0.022628 -0.003102 0.004600 -0.022695 0.968983 -0.246084 5.202800 -0.002563 0.246090 0.969244 0.000000 0.000000 0.000000 0.000000 1.000000
0.999801 0.019788 -0.002399 0.004600 -0.019839 0.976208 -0.215928 5.202800 -0.001931 0.215933 0.976406 0.000000 0.000000 0.000000 0.000000 1.000000
0.999816 0.019041 -0.002230 0.004600 -0.019088 0.977941 -0.208007 5.202800 -0.001780 0.208011 0.978125 0.000000 0.000000 0.000000 0.000000 1.000000
0.999807 0.019527 -0.002339 0.004600 -0.019577 0.976821 -0.213160 5.202800 -0.001877 0.213164 0.977015 0.000000 0.000000 0.000000 0.000000 1.000000
0.999797 0.019977 -0.002443 0.004600 -0.020030 0.975756 -0.217942 5.202800 -0.001970 0.217947 0.975959 0.000000 0.000000 0.000000 0.000000 1.000000
0.999796 0.020046 -0.002459 0.004600 -0.020098 0.975593 -0.218666 5.202800 -0.001984 0.218671 0.975797 0.000000 0.000000 0.000000 0.000000 1.000000
0.999799 0.019888 -0.002422 0.004600 -0.019940 0.975969 -0.216997 5.202800 -0.001952 0.217002 0.976169 0.000000 0.000000 0.000000 0.000000 1.000000
0.999801 0.019782 -0.002398 0.004600 -0.019834 0.976221 -0.215868 5.202800 -0.001930 0.215872 0.976420 0.000000 0.000000 0.000000 0.000000 1.000000
0.999801 0.019791 -0.002400 0.004600 -0.019843 0.976199 -0.215967 5.202800 -0.001932 0.215972 0.976398 0.000000 0.000000 0.000000 0.000000 1.000000
0.999800 0.019832 -0.002409 0.004600 -0.019883 0.976103 -0.216397 5.202800 -0.001940 0.216402 0.976302 0.000000 0.000000 0.000000 0.000000 1.000000
0.999800 0.019831 -0.002409 0.004600 -0.019882 0.976106 -0.216384 5.202800 -0.001940 0.216389 0.976305 0.000000 0.000000 0.000000 0.000000 1.000000
0.999801 0.019802 -0.002402 0.004600 -0.019853 0.976174 -0.216081 5.202800 -0.001934 0.216085 0.976373 0.000000 0.000000 0.000000 0.000000 1.000000
0.999799 0.019878 -0.002420 0.004600 -0.019930 0.975993 -0.216890 5.202800 -0.001950 0.216895 0.976193 0.000000 0.000000 0.000000 0.000000 1.000000
0.999792 0.020219 -0.002500 0.004600 -0.020272 0.975176 -0.220503 5.202800 -0.002021 0.220508 0.975383 0.000000 0.000000 0.000000 0.000000 1.000000
0.999777 0.020956 -0.002677 0.004600 -0.021014 0.973357 -0.228328 5.202800 -0.002179 0.228333 0.973581 0.000000 0.000000 0.000000 0.000000 1.000000
0.999753 0.022046 -0.002950 0.004600 -0.022110 0.970545 -0.239903 5.202800 -0.002426 0.239909 0.970792 0.000000 0.000000 0.000000 0.000000 1.000000
0.999720 0.023436 -0.003319 0.004600 -0.023509 0.966743 -0.254666 5.202800 -0.002760 0.254672 0.967023 -0.000000 0.000000 0.000000 0.000000 1.000000
0.999681 0.024987 -0.003757 0.004600 -0.025069 0.962215 -0.271134 5.202800 -0.003159 0.271142 0.962534 0.000000 0.000000 0.000000 0.000000 1.000000
0.999637 0.026609 -0.004247 0.004600 -0.026703 0.957148 -0.288366 5.202800 -0.003608 0.288374 0.957511 0.000000 0.000000 0.000000 0.000000 1.000000
0.999590 0.028225 -0.004766 0.004600 -0.028331 0.951760 -0.305533 5.202800 -0.004088 0.305543 0.952170 0.000000 0.000000 0.000000 0.000000 1.000000
0.999543 0.029763 -0.005290 0.004600 -0.029881 0.946311 -0.321874 5.202800 -0.004573 0.321885 0.946768 0.000000 0.000000 0.000000 0.000000 1.000000
0.999499 0.031126 -0.005780 0.004600 -0.031256 0.941214 -0.336361 5.202800 -0.005029 0.336373 0.941715 -0.000000 0.000000 0.000000 0.000000 1.000000
0.999462 0.032207 -0.006185 0.004600 -0.032347 0.936994 -0.347846 5.202800 -0.005407 0.347859 0.937531 -0.000000 0.000000 0.000000 0.000000 1.000000
0.999436 0.032949 -0.006473 0.004600 -0.033096 0.933999 -0.355740 5.202800 -0.005676 0.355754 0.934562 0.000000 0.000000 0.000000 0.000000 1.000000
0.999424 0.033296 -0.006609 0.004600 -0.033446 0.932572 -0.359431 5.202800 -0.005804 0.359445 0.933148 0.000000 0.000000 0.000000 0.000000 1.000000
0.999420 0.033399 -0.006650 0.004600 -0.033550 0.932148 -0.360521 5.202800 -0.005842 0.360535 0.932728 -0.000000 0.000000 0.000000 0.000000 1.000000
0.999421 0.033377 -0.006641 0.004600 -0.033527 0.932238 -0.360290 5.202800 -0.005834 0.360304 0.932817 0.000000 0.000000 0.000000 0.000000 1.000000
0.999422 0.033347 -0.006629 0.004600 -0.033497 0.932362 -0.359970 5.202800 -0.005823 0.359984 0.932940 0.000000 0.000000 0.000000 0.000000 1.000000
0.999422 0.033341 -0.006627 0.004600 -0.033492 0.932384 -0.359914 5.202800 -0.005821 0.359928 0.932962 0.000000 0.000000 0.000000 0.000000 1.000000
0.999422 0.033352 -0.006632 0.004600 -0.033503 0.932339 -0.360030 5.202800 -0.005825 0.360044 0.932917 0.000000 0.000000 0.000000 0.000000 1.000000
0.999421 0.033360 -0.006635 0.004600 -0.033511 0.932307 -0.360113 5.202800 -0.005827 0.360127 0.932885 0.000000 0.000000 0.000000 0.000000 1.000000
0.999421 0.033361 -0.006635 0.004600 -0.033511 0.932306 -0.360115 5.202800 -0.005828 0.360129 0.932884 0.000000 0.000000 0.000000 0.000000 1.000000
0.999421 0.033357 -0.006634 0.004600 -0.033507 0.932319 -0.360081 5.202800 -0.005827 0.360095 0.932897 0.000000 0.000000 0.000000 0.000000 1.000000
0.999422 0.033356 -0.006633 0.004600 -0.033506 0.932327 -0.360059 5.202800 -0.005826 0.360073 0.932906 -0.000000 0.000000 0.000000 0.000000 1.000000
0.999422 0.033355 -0.006633 0.004600 -0.033506 0.932327 -0.360062 5.202800 -0.005826 0.360076 0.932905 -0.000000 0.000000 0.000000 0.000000 1.000000
0.999422 0.033356 -0.006633 0.004600 -0.033506 0.932323 -0.360071 5.202800 -0.005826 0.360085 0.932901 0.000000 0.000000 0.000000 0.000000 1.000000
0.999422 0.033357 -0.006634 0.004600 -0.033507 0.932321 -0.360076 5.202800 -0.005826 0.360090 0.932899 0.000000 0.000000 0.000000 0.000000 1.000000
0.999421 0.033357 -0.006633 0.004600 -0.033507 0.932322 -0.360075 5.202800 -0.005826 0.360089 0.932900 -0.000000 0.000000 0.000000 0.000000 1.000000
0.999422 0.033356 -0.006633 0.004600 -0.033506 0.932323 -0.360072 5.202800 -0.005826 0.360086 0.932901 0.000000 0.000000 0.000000 0.000000 1.000000
0.999421 0.033357 -0.006633 0.004600 -0.033507 0.932323 -0.360070 5.202800 -0.005826 0.360084 0.932902 0.000000 0.000000 0.000000 0.000000 1.000000
0.999422 0.033357 -0.006633 0.004600 -0.033507 0.932322 -0.360072 5.202800 -0.005826 0.360086 0.932901 -0.000000 0.000000 0.000000 0.000000 1.000000
0.999421 0.033357 -0.006633 0.004600 -0.033507 0.932321 -0.360076 5.202800 -0.005826 0.360090 0.932899 0.000000 0.000000 0.000000 0.000000 1.000000
0.999421 0.033357 -0.006633 0.004600 -0.033507 0.932322 -0.360075 5.202800 -0.005826 0.360089 0.932900 0.000000 0.000000 0.000000 0.000000 1.000000
0.999422 0.033356 -0.006633 0.004600 -0.033506 0.932325 -0.360067 5.202800 -0.005826 0.360081 0.932903 -0.000000 0.000000 0.000000 0.000000 1.000000
0.999422 0.033355 -0.006633 0.004600 -0.033506 0.932328 -0.360058 5.202800 -0.005826 0.360072 0.932906 0.000000 0.000000 0.000000 0.000000 1.000000
0.999422 0.033356 -0.006633 0.004600 -0.033506 0.932324 -0.360068 5.202800 -0.005826 0.360082 0.932903 0.000000 0.000000 0.000000 0.000000 1.000000
0.999421 0.033359 -0.006634 0.004600 -0.033509 0.932312 -0.360098 5.202800 -0.005827 0.360112 0.932891 0.000000 0.000000 0.000000 0.000000 1.000000
0.999421 0.033361 -0.006635 0.004600 -0.033511 0.932303 -0.360121 5.202800 -0.005828 0.360135 0.932882 -0.000000 0.000000 0.000000 0.000000 1.000000
0.999421 0.033357 -0.006634 0.004600 -0.033507 0.932319 -0.360080 5.202800 -0.005826 0.360094 0.932898 0.000000 0.000000 0.000000 0.000000 1.000000
0.999422 0.033346 -0.006629 0.004600 -0.033496 0.932366 -0.359961 5.202800 -0.005822 0.359975 0.932944 -0.000000 0.000000 0.000000 0.000000 1.000000
0.999422 0.033340 -0.006627 0.004600 -0.033490 0.932391 -0.359896 5.202800 -0.005820 0.359910 0.932969 -0.000000 0.000000 0.000000 0.000000 1.000000
0.999421 0.033357 -0.006634 0.004600 -0.033508 0.932319 -0.360082 5.202800 -0.005827 0.360096 0.932897 0.000000 0.000000 0.000000 0.000000 1.000000
0.999420 0.033400 -0.006651 0.004600 -0.033551 0.932142 -0.360536 5.202800 -0.005843 0.360550 0.932722 0.000000 0.000000 0.000000 0.000000 1.000000
0.999419 0.033415 -0.006656 0.004600 -0.033566 0.932081 -0.360692 5.202800 -0.005848 0.360706 0.932661 -0.000000 0.000000 0.000000 0.000000 1.000000
0.999422 0.033340 -0.006627 0.004600 -0.033490 0.932390 -0.359899 5.202800 -0.005820 0.359913 0.932968 0.000000 0.000000 0.000000 0.000000 1.000000</float_array>
        <technique_common>
          <accessor source="#mixamorig_LeftHandMiddle3-Matrix-animation-output-transform-array" count="63" stride="16">
            <param type="float4x4"/>
          </accessor>
        </technique_common>
      </source>
      <source id="mixamorig_LeftHandMiddle3-Interpolations">
        <Name_array id="mixamorig_LeftHandMiddle3-Interpolations-array" count="63">
 LINEAR LINEAR LINEAR LINEAR LINEAR LINEAR LINEAR LINEAR LINEAR LINEAR LINEAR
LINEAR LINEAR LINEAR LINEAR LINEAR LINEAR LINEAR LINEAR LINEAR LINEAR LINEAR LINEAR
LINEAR LINEAR LINEAR LINEAR LINEAR LINEAR LINEAR LINEAR LINEAR LINEAR LINEAR LINEAR
LINEAR LINEAR LINEAR LINEAR LINEAR LINEAR LINEAR LINEAR LINEAR LINEAR LINEAR LINEAR
LINEAR LINEAR LINEAR LINEAR LINEAR LINEAR LINEAR LINEAR LINEAR LINEAR LINEAR LINEAR
LINEAR LINEAR LINEAR LINEAR</Name_array>
        <technique_common>
          <accessor source="#mixamorig_LeftHandMiddle3-Interpolations-array" count="63">
            <param type="name"/>
          </accessor>
        </technique_common>
      </source>
      <sampler id="mixamorig_LeftHandMiddle3-Matrix-animation-transform">
        <input semantic="INPUT" source="#mixamorig_LeftHandMiddle3-Matrix-animation-input"/>
        <input semantic="OUTPUT" source="#mixamorig_LeftHandMiddle3-Matrix-animation-output-transform"/>
        <input semantic="INTERPOLATION" source="#mixamorig_LeftHandMiddle3-Interpolations"/>
      </sampler>
      <channel source="#mixamorig_LeftHandMiddle3-Matrix-animation-transform" target="mixamorig_LeftHandMiddle3/matrix"/>
    </animation>
    <animation id="mixamorig_LeftHandRing1-anim" name="mixamorig_LeftHandRing1">
      <source id="mixamorig_LeftHandRing1-Matrix-animation-input">
        <float_array id="mixamorig_LeftHandRing1-Matrix-animation-input-array" count="63">

0.000000 0.033333 0.066667 0.100000 0.133333 0.166667 0.200000 0.233333 0.266667 0.300000 0.333333 0.366667 0.400000 0.433333 0.466667 0.500000
0.533333 0.566667 0.600000 0.633333 0.666667 0.700000 0.733333 0.766667 0.800000 0.833333 0.866667 0.900000 0.933333 0.966667 1.000000 1.033333
1.066667 1.100000 1.133333 1.166667 1.200000 1.233333 1.266667 1.300000 1.333333 1.366667 1.400000 1.433333 1.466667 1.500000 1.533333 1.566667
1.600000 1.633333 1.666667 1.700000 1.733333 1.766667 1.800000 1.833333 1.866667 1.900000 1.933333 1.966667 2.000000 2.033333 2.066667</float_array>
        <technique_common>
          <accessor source="#mixamorig_LeftHandRing1-Matrix-animation-input-array" count="63">
            <param name="TIME" type="float"/>
          </accessor>
        </technique_common>
      </source>
      <source id="mixamorig_LeftHandRing1-Matrix-animation-output-transform">
        <float_array id="mixamorig_LeftHandRing1-Matrix-animation-output-transform-array" count="1008">

0.994724 0.098193 0.029704 2.070500 -0.023632 0.501088 -0.865074 12.281600 -0.099828 0.859807 0.500765 -0.183500 0.000000 0.000000 0.000000 1.000000
0.994752 0.097889 0.029762 2.070500 -0.024482 0.510178 -0.859720 12.281600 -0.099341 0.854480 0.509898 -0.183500 0.000000 0.000000 0.000000 1.000000
0.994767 0.097724 0.029796 2.070500 -0.024524 0.511525 -0.858919 12.281600 -0.099178 0.853693 0.511245 -0.183500 0.000000 0.000000 0.000000 1.000000
0.994723 0.098207 0.029692 2.070500 -0.022529 0.491426 -0.870628 12.281600 -0.100093 0.865365 0.491045 -0.183500 0.000000 0.000000 0.000000 1.000000
0.994630 0.099249 0.029323 2.070500 -0.019829 0.460857 -0.887253 12.281600 -0.101573 0.881907 0.460350 -0.183500 0.000000 0.000000 0.000000 1.000000
0.994605 0.099502 0.029319 2.070500 -0.021244 0.472046 -0.881318 12.281600 -0.101533 0.875941 0.471613 -0.183500 0.000000 0.000000 0.000000 1.000000
0.994967 0.095934 0.028939 2.070500 -0.034706 0.600852 -0.798607 12.281600 -0.094002 0.793583 0.601157 -0.183500 0.000000 0.000000 0.000000 1.000000
0.995953 0.087607 0.020075 2.070500 -0.058260 0.799364 -0.598016 12.281600 -0.068438 0.594426 0.801233 -0.183500 0.000000 0.000000 0.000000 1.000000
0.996788 0.080078 -0.001216 2.070500 -0.076106 0.942399 -0.325718 12.281600 -0.024937 0.324764 0.945466 -0.183500 0.000000 0.000000 0.000000 1.000000
0.996795 0.077561 -0.019604 2.070500 -0.079599 0.986063 -0.146096 12.281600 0.007999 0.147188 0.989076 -0.183500 0.000000 0.000000 0.000000 1.000000
0.996723 0.077005 -0.024763 2.070500 -0.079104 0.991882 -0.099559 12.281600 0.016895 0.101192 0.994723 -0.183500 0.000000 0.000000 0.000000 1.000000
0.996812 0.077035 -0.020751 2.070500 -0.079134 0.987749 -0.134499 12.281600 0.010136 0.135712 0.990696 -0.183500 0.000000 0.000000 0.000000 1.000000
0.996861 0.077254 -0.017346 2.070500 -0.079060 0.983108 -0.165073 12.281600 0.004300 0.165926 0.986129 -0.183500 0.000000 0.000000 0.000000 1.000000
0.996889 0.076864 -0.017461 2.070500 -0.078687 0.983439 -0.163269 12.281600 0.004623 0.164135 0.986427 -0.183500 0.000000 0.000000 0.000000 1.000000
0.996907 0.076031 -0.019887 2.070500 -0.078075 0.987048 -0.140144 12.281600 0.008974 0.141263 0.989931 -0.183500 0.000000 0.000000 0.000000 1.000000
0.996856 0.076565 -0.020401 2.070500 -0.078642 0.987496 -0.136625 12.281600 0.009685 0.137800 0.990413 -0.183500 0.000000 0.000000 0.000000 1.000000
0.996605 0.080995 -0.014808 2.070500 -0.082326 0.977248 -0.195469 12.281600 -0.001361 0.196025 0.980598 -0.183500 0.000000 0.000000 0.000000 1.000000
0.995818 0.091321 -0.002741 2.070500 -0.086980 0.938442 -0.334306 12.281600 -0.027957 0.333147 0.942460 -0.183500 0.000000 0.000000 0.000000 1.000000
0.994254 0.106565 0.010171 2.070500 -0.086102 0.852536 -0.515528 12.281600 -0.063609 0.511690 0.856812 -0.183500 0.000000 0.000000 0.000000 1.000000
0.992436 0.121435 0.018001 2.070500 -0.077247 0.731695 -0.677241 12.281600 -0.095412 0.670728 0.735541 -0.183500 0.000000 0.000000 0.000000 1.000000
0.991170 0.130963 0.020774 2.070500 -0.065443 0.619390 -0.782351 12.281600 -0.115326 0.774083 0.622491 -0.183500 0.000000 0.000000 0.000000 1.000000
0.990741 0.134068 0.021407 2.070500 -0.055550 0.544170 -0.837134 12.281600 -0.123882 0.828194 0.546579 -0.183500 0.000000 0.000000 0.000000 1.000000
0.990874 0.133013 0.021831 2.070500 -0.048425 0.502424 -0.863264 12.281600 -0.125794 0.854329 0.504280 -0.183500 0.000000 0.000000 0.000000 1.000000
0.991210 0.130391 0.022371 2.070500 -0.042765 0.475812 -0.878507 12.281600 -0.125194 0.869828 0.477206 -0.183500 0.000000 0.000000 0.000000 1.000000
0.991622 0.127114 0.022986 2.070500 -0.037994 0.457081 -0.888613 12.281600 -0.123461 0.880295 0.458081 -0.183500 0.000000 0.000000 0.000000 1.000000
0.992082 0.123331 0.023738 2.070500 -0.033999 0.445669 -0.894552 12.281600 -0.120906 0.886662 0.446333 -0.183500 0.000000 0.000000 0.000000 1.000000
0.992586 0.119010 0.024689 2.070500 -0.030845 0.443125 -0.895929 12.281600 -0.117564 0.888525 0.443510 -0.183500 0.000000 0.000000 0.000000 1.000000
0.993111 0.114302 0.025817 2.070500 -0.028521 0.449473 -0.892838 12.281600 -0.113657 0.885951 0.449637 -0.183500 0.000000 0.000000 0.000000 1.000000
0.993609 0.109607 0.026973 2.070500 -0.026740 0.460717 -0.887144 12.281600 -0.109664 0.880753 0.460703 -0.183500 0.000000 0.000000 0.000000 1.000000
0.994041 0.105340 0.028020 2.070500 -0.025402 0.473843 -0.880243 12.281600 -0.106002 0.874286 0.473696 -0.183500 0.000000 0.000000 0.000000 1.000000
0.994376 0.101909 0.028843 2.070500 -0.024433 0.485708 -0.873780 12.281600 -0.103055 0.868160 0.485466 -0.183500 0.000000 0.000000 0.000000 1.000000
0.994601 0.099516 0.029402 2.070500 -0.023806 0.494609 -0.868789 12.281600 -0.101001 0.863399 0.494308 -0.183500 0.000000 0.000000 0.000000 1.000000
0.994707 0.098376 0.029663 2.070500 -0.023537 0.499172 -0.866183 12.281600 -0.100018 0.860901 0.498845 -0.183500 0.000000 0.000000 0.000000 1.000000
0.994739 0.098027 0.029742 2.070500 -0.023469 0.500693 -0.865307 12.281600 -0.099715 0.860057 0.500359 -0.183500 0.000000 0.000000 0.000000 1.000000
0.994733 0.098091 0.029727 2.070500 -0.023491 0.500499 -0.865418 12.281600 -0.099768 0.860162 0.500167 -0.183500 0.000000 0.000000 0.000000 1.000000
0.994724 0.098190 0.029705 2.070500 -0.023513 0.500084 -0.865657 12.281600 -0.099854 0.860392 0.499755 -0.183500 0.000000 0.000000 0.000000 1.000000
0.994722 0.098211 0.029701 2.070500 -0.023514 0.499970 -0.865723 12.281600 -0.099873 0.860456 0.499641 -0.183500 0.000000 0.000000 0.000000 1.000000
0.994726 0.098176 0.029708 2.070500 -0.023505 0.500099 -0.865649 12.281600 -0.099843 0.860385 0.499769 -0.183500 0.000000 0.000000 0.000000 1.000000
0.994728 0.098150 0.029715 2.070500 -0.023499 0.500210 -0.865585 12.281600 -0.099820 0.860323 0.499879 -0.183500 0.000000 0.000000 0.000000 1.000000
0.994728 0.098148 0.029714 2.070500 -0.023500 0.500225 -0.865576 12.281600 -0.099819 0.860315 0.499895 -0.183500 0.000000 0.000000 0.000000 1.000000
0.994727 0.098159 0.029712 2.070500 -0.023503 0.500186 -0.865599 12.281600 -0.099828 0.860336 0.499856 -0.183500 0.000000 0.000000 0.000000 1.000000
0.994727 0.098165 0.029711 2.070500 -0.023503 0.500157 -0.865615 12.281600 -0.099833 0.860352 0.499827 -0.183500 0.000000 0.000000 0.000000 1.000000
0.994727 0.098165 0.029711 2.070500 -0.023503 0.500156 -0.865616 12.281600 -0.099833 0.860353 0.499826 -0.183500 0.000000 0.000000 0.000000 1.000000
0.994727 0.098162 0.029711 2.070500 -0.023503 0.500166 -0.865611 12.281600 -0.099831 0.860348 0.499835 -0.183500 0.000000 0.000000 0.000000 1.000000
0.994727 0.098160 0.029712 2.070500 -0.023502 0.500173 -0.865607 12.281600 -0.099829 0.860344 0.499842 -0.183500 0.000000 0.000000 0.000000 1.000000
0.994727 0.098160 0.029712 2.070500 -0.023503 0.500175 -0.865605 12.281600 -0.099829 0.860343 0.499845 -0.183500 0.000000 0.000000 0.000000 1.000000
0.994727 0.098161 0.029712 2.070500 -0.023503 0.500175 -0.865605 12.281600 -0.099830 0.860342 0.499845 -0.183500 0.000000 0.000000 0.000000 1.000000
0.994727 0.098162 0.029712 2.070500 -0.023503 0.500173 -0.865606 12.281600 -0.099830 0.860344 0.499843 -0.183500 0.000000 0.000000 0.000000 1.000000
0.994727 0.098162 0.029711 2.070500 -0.023502 0.500162 -0.865613 12.281600 -0.099831 0.860350 0.499832 -0.183500 0.000000 0.000000 0.000000 1.000000
0.994727 0.098162 0.029711 2.070500 -0.023501 0.500150 -0.865620 12.281600 -0.099831 0.860357 0.499820 -0.183500 0.000000 0.000000 0.000000 1.000000
0.994727 0.098162 0.029711 2.070500 -0.023502 0.500159 -0.865614 12.281600 -0.099831 0.860352 0.499829 -0.183500 0.000000 0.000000 0.000000 1.000000
0.994727 0.098161 0.029712 2.070500 -0.023506 0.500202 -0.865590 12.281600 -0.099829 0.860327 0.499871 -0.183500 0.000000 0.000000 0.000000 1.000000
0.994727 0.098159 0.029712 2.070500 -0.023510 0.500246 -0.865564 12.281600 -0.099826 0.860302 0.499916 -0.183500 0.000000 0.000000 0.000000 1.000000
0.994727 0.098160 0.029712 2.070500 -0.023505 0.500197 -0.865593 12.281600 -0.099829 0.860330 0.499866 -0.183500 0.000000 0.000000 0.000000 1.000000
0.994727 0.098165 0.029711 2.070500 -0.023489 0.500031 -0.865689 12.281600 -0.099837 0.860426 0.499700 -0.183500 0.000000 0.000000 0.000000 1.000000
0.994726 0.098171 0.029710 2.070500 -0.023478 0.499897 -0.865767 12.281600 -0.099845 0.860503 0.499565 -0.183500 0.000000 0.000000 0.000000 1.000000
0.994726 0.098167 0.029710 2.070500 -0.023501 0.500125 -0.865634 12.281600 -0.099836 0.860371 0.499794 -0.183500 0.000000 0.000000 0.000000 1.000000
0.994728 0.098147 0.029715 2.070500 -0.023564 0.500781 -0.865253 12.281600 -0.099803 0.859992 0.500454 -0.183500 0.000000 0.000000 0.000000 1.000000
0.994730 0.098129 0.029719 2.070500 -0.023593 0.501140 -0.865044 12.281600 -0.099779 0.859784 0.500814 -0.183500 0.000000 0.000000 0.000000 1.000000
0.994728 0.098148 0.029715 2.070500 -0.023488 0.500127 -0.865633 12.281600 -0.099821 0.860372 0.499796 -0.183500 0.000000 0.000000 0.000000 1.000000
0.994721 0.098227 0.029697 2.070500 -0.023252 0.497616 -0.867086 12.281600 -0.099948 0.861818 0.497273 -0.183500 0.000000 0.000000 0.000000 1.000000
0.994716 0.098284 0.029683 2.070500 -0.023191 0.496731 -0.867595 12.281600 -0.100015 0.862322 0.496385 -0.183500 0.000000 0.000000 0.000000 1.000000
0.994724 0.098192 0.029704 2.070500 -0.023631 0.501088 -0.865074 12.281600 -0.099828 0.859808 0.500765 -0.183500 0.000000 0.000000 0.000000 1.000000</float_array>
        <technique_common>
          <accessor source="#mixamorig_LeftHandRing1-Matrix-animation-output-transform-array" count="63" stride="16">
            <param type="float4x4"/>
          </accessor>
        </technique_common>
      </source>
      <source id="mixamorig_LeftHandRing1-Interpolations">
        <Name_array id="mixamorig_LeftHandRing1-Interpolations-array" count="63">
 LINEAR LINEAR LINEAR LINEAR LINEAR LINEAR LINEAR LINEAR LINEAR LINEAR LINEAR
LINEAR LINEAR LINEAR LINEAR LINEAR LINEAR LINEAR LINEAR LINEAR LINEAR LINEAR LINEAR
LINEAR LINEAR LINEAR LINEAR LINEAR LINEAR LINEAR LINEAR LINEAR LINEAR LINEAR LINEAR
LINEAR LINEAR LINEAR LINEAR LINEAR LINEAR LINEAR LINEAR LINEAR LINEAR LINEAR LINEAR
LINEAR LINEAR LINEAR LINEAR LINEAR LINEAR LINEAR LINEAR LINEAR LINEAR LINEAR LINEAR
LINEAR LINEAR LINEAR LINEAR</Name_array>
        <technique_common>
          <accessor source="#mixamorig_LeftHandRing1-Interpolations-array" count="63">
            <param type="name"/>
          </accessor>
        </technique_common>
      </source>
      <sampler id="mixamorig_LeftHandRing1-Matrix-animation-transform">
        <input semantic="INPUT" source="#mixamorig_LeftHandRing1-Matrix-animation-input"/>
        <input semantic="OUTPUT" source="#mixamorig_LeftHandRing1-Matrix-animation-output-transform"/>
        <input semantic="INTERPOLATION" source="#mixamorig_LeftHandRing1-Interpolations"/>
      </sampler>
      <channel source="#mixamorig_LeftHandRing1-Matrix-animation-transform" target="mixamorig_LeftHandRing1/matrix"/>
    </animation>
    <animation id="mixamorig_LeftHandRing2-anim" name="mixamorig_LeftHandRing2">
      <source id="mixamorig_LeftHandRing2-Matrix-animation-input">
        <float_array id="mixamorig_LeftHandRing2-Matrix-animation-input-array" count="63">

0.000000 0.033333 0.066667 0.100000 0.133333 0.166667 0.200000 0.233333 0.266667 0.300000 0.333333 0.366667 0.400000 0.433333 0.466667 0.500000
0.533333 0.566667 0.600000 0.633333 0.666667 0.700000 0.733333 0.766667 0.800000 0.833333 0.866667 0.900000 0.933333 0.966667 1.000000 1.033333
1.066667 1.100000 1.133333 1.166667 1.200000 1.233333 1.266667 1.300000 1.333333 1.366667 1.400000 1.433333 1.466667 1.500000 1.533333 1.566667
1.600000 1.633333 1.666667 1.700000 1.733333 1.766667 1.800000 1.833333 1.866667 1.900000 1.933333 1.966667 2.000000 2.033333 2.066667</float_array>
        <technique_common>
          <accessor source="#mixamorig_LeftHandRing2-Matrix-animation-input-array" count="63">
            <param name="TIME" type="float"/>
          </accessor>
        </technique_common>
      </source>
      <source id="mixamorig_LeftHandRing2-Matrix-animation-output-transform">
        <float_array id="mixamorig_LeftHandRing2-Matrix-animation-output-transform-array" count="1008">

0.992649 0.090930 -0.079878 -0.012400 -0.088226 0.091835 -0.991858 4.691400 -0.082854 0.991614 0.099182 0.000000 0.000000 0.000000 0.000000 1.000000
0.992760 0.090774 -0.078663 -0.012400 -0.088111 0.105262 -0.990533 4.691400 -0.081634 0.990293 0.112498 0.000000 0.000000 0.000000 0.000000 1.000000
0.992776 0.090750 -0.078489 -0.012400 -0.088093 0.107180 -0.990329 4.691400 -0.081460 0.990089 0.114400 0.000000 0.000000 0.000000 0.000000 1.000000
0.992529 0.091079 -0.081181 -0.012400 -0.088331 0.077437 -0.993077 4.691400 -0.084162 0.992828 0.084903 -0.000000 0.000000 0.000000 0.000000 1.000000
0.992161 0.091419 -0.085201 -0.012400 -0.088535 0.033046 -0.995525 4.691400 -0.088194 0.995264 0.040881 0.000000 0.000000 0.000000 0.000000 1.000000
0.992298 0.091314 -0.083703 -0.012400 -0.088480 0.049583 -0.994843 4.691400 -0.086693 0.994587 0.057280 0.000000 0.000000 0.000000 0.000000 1.000000
0.993905 0.088170 -0.066167 -0.012400 -0.085932 0.243722 -0.966031 4.691400 -0.069048 0.965829 0.249813 0.000000 0.000000 0.000000 0.000000 1.000000
0.996603 0.073687 -0.036784 -0.012400 -0.072446 0.571937 -0.817092 4.691400 -0.039171 0.816981 0.575333 0.000000 0.000000 0.000000 0.000000 1.000000
0.998803 0.047191 -0.012895 -0.012400 -0.046759 0.843425 -0.535209 4.691400 -0.014381 0.535171 0.844621 0.000000 0.000000 0.000000 0.000000 1.000000
0.999612 0.027548 -0.004159 -0.012400 -0.027412 0.945863 -0.323407 4.691400 -0.004976 0.323396 0.946251 -0.000000 0.000000 0.000000 0.000000 1.000000
0.999750 0.022191 -0.002675 -0.012400 -0.022105 0.963894 -0.265368 4.691400 -0.003310 0.265361 0.964144 0.000000 0.000000 0.000000 0.000000 1.000000
0.999657 0.025927 -0.003672 -0.012400 -0.025807 0.951727 -0.305859 4.691400 -0.004435 0.305849 0.952070 0.000000 0.000000 0.000000 0.000000 1.000000
0.999560 0.029278 -0.004714 -0.012400 -0.029124 0.939198 -0.342138 4.691400 -0.005590 0.342125 0.939638 0.000000 0.000000 0.000000 0.000000 1.000000
0.999554 0.029474 -0.004780 -0.012400 -0.029318 0.938417 -0.344259 4.691400 -0.005662 0.344245 0.938863 0.000000 0.000000 0.000000 0.000000 1.000000
0.999608 0.027674 -0.004198 -0.012400 -0.027536 0.945392 -0.324771 4.691400 -0.005019 0.324760 0.945783 0.000000 0.000000 0.000000 0.000000 1.000000
0.999627 0.027025 -0.003998 -0.012400 -0.026895 0.947792 -0.317754 4.691400 -0.004798 0.317743 0.948165 0.000000 0.000000 0.000000 0.000000 1.000000
0.999536 0.030035 -0.004969 -0.012400 -0.029872 0.936153 -0.350322 4.691400 -0.005871 0.350308 0.936616 0.000000 0.000000 0.000000 0.000000 1.000000
0.999266 0.037489 -0.007886 -0.012400 -0.037228 0.901668 -0.430823 4.691400 -0.009041 0.430800 0.902402 0.000000 0.000000 0.000000 0.000000 1.000000
0.998784 0.047528 -0.013097 -0.012400 -0.047090 0.841098 -0.538830 4.691400 -0.014593 0.538791 0.842313 0.000000 0.000000 0.000000 0.000000 1.000000
0.998152 0.057397 -0.019948 -0.012400 -0.056727 0.762523 -0.644469 4.691400 -0.021780 0.644410 0.764370 0.000000 0.000000 0.000000 0.000000 1.000000
0.997517 0.065112 -0.026848 -0.012400 -0.064209 0.684085 -0.726570 4.691400 -0.028943 0.726490 0.686567 -0.000000 0.000000 0.000000 0.000000 1.000000
0.996959 0.070635 -0.032907 -0.012400 -0.069526 0.615602 -0.784984 4.691400 -0.035190 0.784885 0.618641 0.000000 0.000000 0.000000 0.000000 1.000000
0.996455 0.074855 -0.038390 -0.012400 -0.073560 0.553872 -0.829346 4.691400 -0.040817 0.829230 0.557415 0.000000 0.000000 0.000000 0.000000 1.000000
0.995944 0.078511 -0.043957 -0.012400 -0.077026 0.491400 -0.867521 4.691400 -0.046509 0.867388 0.495454 0.000000 0.000000 0.000000 0.000000 1.000000
0.995407 0.081759 -0.049799 -0.012400 -0.080076 0.426028 -0.901159 4.691400 -0.052462 0.901008 0.430618 0.000000 0.000000 0.000000 0.000000 1.000000
0.994869 0.084481 -0.055660 -0.012400 -0.082600 0.360615 -0.929050 4.691400 -0.058416 0.928881 0.365743 0.000000 0.000000 0.000000 0.000000 1.000000
0.994358 0.086617 -0.061228 -0.012400 -0.084546 0.298616 -0.950621 4.691400 -0.064056 0.950435 0.304254 0.000000 0.000000 0.000000 0.000000 1.000000
0.993900 0.088188 -0.066230 -0.012400 -0.085948 0.243018 -0.966207 4.691400 -0.069112 0.966005 0.249115 0.000000 0.000000 0.000000 0.000000 1.000000
0.993494 0.089319 -0.070659 -0.012400 -0.086929 0.193880 -0.977166 4.691400 -0.073580 0.976951 0.200383 0.000000 0.000000 0.000000 0.000000 1.000000
0.993155 0.090083 -0.074353 -0.012400 -0.087567 0.152949 -0.984347 4.691400 -0.077301 0.984120 0.159791 0.000000 0.000000 0.000000 0.000000 1.000000
0.992897 0.090558 -0.077164 -0.012400 -0.087946 0.121841 -0.988646 4.691400 -0.080128 0.988410 0.128940 0.000000 0.000000 0.000000 0.000000 1.000000
0.992726 0.090823 -0.079033 -0.012400 -0.088148 0.101170 -0.990956 4.691400 -0.082006 0.990715 0.108440 0.000000 0.000000 0.000000 0.000000 1.000000
0.992649 0.090929 -0.079873 -0.012400 -0.088226 0.091889 -0.991853 4.691400 -0.082849 0.991609 0.099236 -0.000000 0.000000 0.000000 0.000000 1.000000
0.992628 0.090958 -0.080107 -0.012400 -0.088246 0.089301 -0.992088 4.691400 -0.083084 0.991843 0.096669 0.000000 0.000000 0.000000 0.000000 1.000000
0.992633 0.090951 -0.080048 -0.012400 -0.088241 0.089955 -0.992029 4.691400 -0.083025 0.991784 0.097318 0.000000 0.000000 0.000000 0.000000 1.000000
0.992639 0.090943 -0.079977 -0.012400 -0.088235 0.090735 -0.991959 4.691400 -0.082955 0.991714 0.098091 0.000000 0.000000 0.000000 0.000000 1.000000
0.992640 0.090941 -0.079968 -0.012400 -0.088234 0.090834 -0.991950 4.691400 -0.082945 0.991705 0.098190 0.000000 0.000000 0.000000 0.000000 1.000000
0.992638 0.090944 -0.079996 -0.012400 -0.088237 0.090528 -0.991977 4.691400 -0.082973 0.991733 0.097886 -0.000000 0.000000 0.000000 0.000000 1.000000
0.992636 0.090947 -0.080014 -0.012400 -0.088239 0.090330 -0.991995 4.691400 -0.082991 0.991751 0.097689 0.000000 0.000000 0.000000 0.000000 1.000000
0.992636 0.090947 -0.080012 -0.012400 -0.088237 0.090337 -0.991995 4.691400 -0.082991 0.991750 0.097697 0.000000 0.000000 0.000000 0.000000 1.000000
0.992637 0.090946 -0.080005 -0.012400 -0.088238 0.090426 -0.991987 4.691400 -0.082982 0.991742 0.097785 -0.000000 0.000000 0.000000 0.000000 1.000000
0.992637 0.090945 -0.080000 -0.012400 -0.088237 0.090476 -0.991982 4.691400 -0.082977 0.991737 0.097835 0.000000 0.000000 0.000000 0.000000 1.000000
0.992637 0.090945 -0.080001 -0.012400 -0.088237 0.090468 -0.991983 4.691400 -0.082979 0.991738 0.097826 0.000000 0.000000 0.000000 0.000000 1.000000
0.992637 0.090945 -0.080003 -0.012400 -0.088237 0.090442 -0.991985 4.691400 -0.082981 0.991740 0.097801 0.000000 0.000000 0.000000 0.000000 1.000000
0.992637 0.090945 -0.080005 -0.012400 -0.088237 0.090430 -0.991986 4.691400 -0.082982 0.991742 0.097789 0.000000 0.000000 0.000000 0.000000 1.000000
0.992637 0.090945 -0.080004 -0.012400 -0.088237 0.090438 -0.991985 4.691400 -0.082981 0.991741 0.097797 0.000000 0.000000 0.000000 0.000000 1.000000
0.992637 0.090945 -0.080003 -0.012400 -0.088238 0.090450 -0.991984 4.691400 -0.082980 0.991740 0.097809 0.000000 0.000000 0.000000 0.000000 1.000000
0.992637 0.090946 -0.080003 -0.012400 -0.088237 0.090451 -0.991984 4.691400 -0.082980 0.991740 0.097810 -0.000000 0.000000 0.000000 0.000000 1.000000
0.992637 0.090945 -0.080005 -0.012400 -0.088238 0.090434 -0.991986 4.691400 -0.082981 0.991741 0.097793 -0.000000 0.000000 0.000000 0.000000 1.000000
0.992637 0.090946 -0.080006 -0.012400 -0.088238 0.090412 -0.991988 4.691400 -0.082983 0.991743 0.097771 0.000000 0.000000 0.000000 0.000000 1.000000
0.992637 0.090946 -0.080005 -0.012400 -0.088237 0.090425 -0.991987 4.691400 -0.082983 0.991742 0.097784 0.000000 0.000000 0.000000 0.000000 1.000000
0.992637 0.090945 -0.080000 -0.012400 -0.088237 0.090488 -0.991981 4.691400 -0.082977 0.991736 0.097847 0.000000 0.000000 0.000000 0.000000 1.000000
0.992638 0.090944 -0.079994 -0.012400 -0.088237 0.090554 -0.991975 4.691400 -0.082971 0.991730 0.097912 0.000000 0.000000 0.000000 0.000000 1.000000
0.992637 0.090945 -0.080000 -0.012400 -0.088237 0.090482 -0.991981 4.691400 -0.082977 0.991737 0.097840 0.000000 0.000000 0.000000 0.000000 1.000000
0.992635 0.090948 -0.080022 -0.012400 -0.088239 0.090235 -0.992004 4.691400 -0.082999 0.991759 0.097596 0.000000 0.000000 0.000000 0.000000 1.000000
0.992634 0.090950 -0.080040 -0.012400 -0.088240 0.090040 -0.992021 4.691400 -0.083017 0.991777 0.097402 0.000000 0.000000 0.000000 0.000000 1.000000
0.992637 0.090946 -0.080009 -0.012400 -0.088238 0.090378 -0.991991 4.691400 -0.082987 0.991746 0.097737 0.000000 0.000000 0.000000 0.000000 1.000000
0.992645 0.090935 -0.079922 -0.012400 -0.088230 0.091345 -0.991903 4.691400 -0.082899 0.991659 0.098697 0.000000 0.000000 0.000000 0.000000 1.000000
0.992649 0.090930 -0.079874 -0.012400 -0.088226 0.091870 -0.991855 4.691400 -0.082851 0.991611 0.099217 0.000000 0.000000 0.000000 0.000000 1.000000
0.992636 0.090946 -0.080010 -0.012400 -0.088238 0.090369 -0.991992 4.691400 -0.082987 0.991747 0.097729 0.000000 0.000000 0.000000 0.000000 1.000000
0.992606 0.090986 -0.080345 -0.012400 -0.088266 0.086672 -0.992319 4.691400 -0.083323 0.992073 0.094062 0.000000 0.000000 0.000000 0.000000 1.000000
0.992595 0.090999 -0.080461 -0.012400 -0.088276 0.085389 -0.992429 4.691400 -0.083440 0.992183 0.092789 0.000000 0.000000 0.000000 0.000000 1.000000
0.992649 0.090930 -0.079878 -0.012400 -0.088227 0.091835 -0.991858 4.691400 -0.082854 0.991614 0.099182 0.000000 0.000000 0.000000 0.000000 1.000000</float_array>
        <technique_common>
          <accessor source="#mixamorig_LeftHandRing2-Matrix-animation-output-transform-array" count="63" stride="16">
            <param type="float4x4"/>
          </accessor>
        </technique_common>
      </source>
      <source id="mixamorig_LeftHandRing2-Interpolations">
        <Name_array id="mixamorig_LeftHandRing2-Interpolations-array" count="63">
 LINEAR LINEAR LINEAR LINEAR LINEAR LINEAR LINEAR LINEAR LINEAR LINEAR LINEAR
LINEAR LINEAR LINEAR LINEAR LINEAR LINEAR LINEAR LINEAR LINEAR LINEAR LINEAR LINEAR
LINEAR LINEAR LINEAR LINEAR LINEAR LINEAR LINEAR LINEAR LINEAR LINEAR LINEAR LINEAR
LINEAR LINEAR LINEAR LINEAR LINEAR LINEAR LINEAR LINEAR LINEAR LINEAR LINEAR LINEAR
LINEAR LINEAR LINEAR LINEAR LINEAR LINEAR LINEAR LINEAR LINEAR LINEAR LINEAR LINEAR
LINEAR LINEAR LINEAR LINEAR</Name_array>
        <technique_common>
          <accessor source="#mixamorig_LeftHandRing2-Interpolations-array" count="63">
            <param type="name"/>
          </accessor>
        </technique_common>
      </source>
      <sampler id="mixamorig_LeftHandRing2-Matrix-animation-transform">
        <input semantic="INPUT" source="#mixamorig_LeftHandRing2-Matrix-animation-input"/>
        <input semantic="OUTPUT" source="#mixamorig_LeftHandRing2-Matrix-animation-output-transform"/>
        <input semantic="INTERPOLATION" source="#mixamorig_LeftHandRing2-Interpolations"/>
      </sampler>
      <channel source="#mixamorig_LeftHandRing2-Matrix-animation-transform" target="mixamorig_LeftHandRing2/matrix"/>
    </animation>
    <animation id="mixamorig_LeftHandRing3-anim" name="mixamorig_LeftHandRing3">
      <source id="mixamorig_LeftHandRing3-Matrix-animation-input">
        <float_array id="mixamorig_LeftHandRing3-Matrix-animation-input-array" count="63">

0.000000 0.033333 0.066667 0.100000 0.133333 0.166667 0.200000 0.233333 0.266667 0.300000 0.333333 0.366667 0.400000 0.433333 0.466667 0.500000
0.533333 0.566667 0.600000 0.633333 0.666667 0.700000 0.733333 0.766667 0.800000 0.833333 0.866667 0.900000 0.933333 0.966667 1.000000 1.033333
1.066667 1.100000 1.133333 1.166667 1.200000 1.233333 1.266667 1.300000 1.333333 1.366667 1.400000 1.433333 1.466667 1.500000 1.533333 1.566667
1.600000 1.633333 1.666667 1.700000 1.733333 1.766667 1.800000 1.833333 1.866667 1.900000 1.933333 1.966667 2.000000 2.033333 2.066667</float_array>
        <technique_common>
          <accessor source="#mixamorig_LeftHandRing3-Matrix-animation-input-array" count="63">
            <param name="TIME" type="float"/>
          </accessor>
        </technique_common>
      </source>
      <source id="mixamorig_LeftHandRing3-Matrix-animation-output-transform">
        <float_array id="mixamorig_LeftHandRing3-Matrix-animation-output-transform-array" count="1008">

0.999281 0.036732 -0.009362 -0.002100 -0.037011 0.892104 -0.450313 4.518300 -0.008189 0.450335 0.892822 0.000000 0.000000 0.000000 0.000000 1.000000
0.999297 0.036345 -0.009171 -0.002100 -0.036618 0.894235 -0.446098 4.518300 -0.008012 0.446120 0.894937 -0.000000 0.000000 0.000000 0.000000 1.000000
0.999299 0.036291 -0.009144 -0.002100 -0.036562 0.894531 -0.445507 4.518300 -0.007988 0.445530 0.895232 -0.000000 0.000000 0.000000 0.000000 1.000000
0.999264 0.037148 -0.009571 -0.002100 -0.037435 0.889783 -0.454846 4.518300 -0.008380 0.454870 0.890519 0.000000 0.000000 0.000000 0.000000 1.000000
0.999210 0.038413 -0.010222 -0.002100 -0.038723 0.882551 -0.468620 4.518300 -0.008979 0.468645 0.883341 0.000000 0.000000 0.000000 0.000000 1.000000
0.999230 0.037939 -0.009975 -0.002100 -0.038239 0.885296 -0.463452 4.518300 -0.008752 0.463477 0.886066 0.000000 0.000000 0.000000 0.000000 1.000000
0.999453 0.032247 -0.007277 -0.002100 -0.032455 0.915303 -0.401457 4.518300 -0.006285 0.401474 0.915849 -0.000000 0.000000 0.000000 0.000000 1.000000
0.999767 0.021327 -0.003355 -0.002100 -0.021406 0.959045 -0.282443 4.518300 -0.002806 0.282449 0.959278 0.000000 0.000000 0.000000 0.000000 1.000000
0.999959 0.008993 -0.000696 -0.002100 -0.008997 0.988960 -0.147911 4.518300 -0.000642 0.147912 0.989000 0.000000 0.000000 0.000000 0.000000 1.000000
0.999999 0.001464 0.000075 -0.002100 -0.001456 0.997835 -0.065745 4.518300 -0.000171 0.065745 0.997836 0.000000 0.000000 0.000000 0.000000 1.000000
1.000000 -0.000522 0.000174 -0.002100 0.000529 0.999029 -0.044059 4.518300 -0.000151 0.044059 0.999029 0.000000 0.000000 0.000000 0.000000 1.000000
1.000000 0.000749 0.000116 -0.002100 -0.000741 0.998320 -0.057932 4.518300 -0.000159 0.057932 0.998321 0.000000 0.000000 0.000000 0.000000 1.000000
0.999998 0.001946 0.000045 -0.002100 -0.001938 0.997475 -0.070995 4.518300 -0.000183 0.070995 0.997477 0.000000 0.000000 0.000000 0.000000 1.000000
0.999998 0.002165 0.000030 -0.002100 -0.002157 0.997301 -0.073393 4.518300 -0.000189 0.073393 0.997303 -0.000000 0.000000 0.000000 0.000000 1.000000
0.999998 0.001796 0.000054 -0.002100 -0.001788 0.997590 -0.069355 4.518300 -0.000178 0.069355 0.997592 0.000000 0.000000 0.000000 0.000000 1.000000
0.999999 0.001468 0.000074 -0.002100 -0.001460 0.997833 -0.065782 4.518300 -0.000171 0.065782 0.997834 -0.000000 0.000000 0.000000 0.000000 1.000000
0.999999 0.001252 0.000088 -0.002100 -0.001244 0.997986 -0.063421 4.518300 -0.000167 0.063421 0.997987 0.000000 0.000000 0.000000 0.000000 1.000000
1.000000 0.000987 0.000103 -0.002100 -0.000979 0.998166 -0.060527 4.518300 -0.000162 0.060527 0.998167 0.000000 0.000000 0.000000 0.000000 1.000000
1.000000 0.000739 0.000116 -0.002100 -0.000731 0.998327 -0.057819 4.518300 -0.000159 0.057819 0.998327 -0.000000 0.000000 0.000000 0.000000 1.000000
1.000000 0.000925 0.000106 -0.002100 -0.000917 0.998207 -0.059848 4.518300 -0.000161 0.059848 0.998207 0.000000 0.000000 0.000000 0.000000 1.000000
0.999998 0.001899 0.000048 -0.002100 -0.001891 0.997511 -0.070490 4.518300 -0.000181 0.070490 0.997512 0.000000 0.000000 0.000000 0.000000 1.000000
0.999993 0.003841 -0.000100 -0.002100 -0.003834 0.995781 -0.091680 4.518300 -0.000252 0.091679 0.995789 0.000000 0.000000 0.000000 0.000000 1.000000
0.999978 0.006668 -0.000391 -0.002100 -0.006665 0.992442 -0.122533 4.518300 -0.000429 0.122533 0.992464 -0.000000 0.000000 0.000000 0.000000 1.000000
0.999949 0.010060 -0.000856 -0.002100 -0.010067 0.987139 -0.159548 4.518300 -0.000760 0.159548 0.987190 0.000000 0.000000 0.000000 0.000000 1.000000
0.999903 0.013829 -0.001527 -0.002100 -0.013854 0.979561 -0.200669 4.518300 -0.001279 0.200671 0.979658 -0.000000 0.000000 0.000000 0.000000 1.000000
0.999840 0.017751 -0.002399 -0.002100 -0.017801 0.969749 -0.243454 4.518300 -0.001995 0.243458 0.969910 0.000000 0.000000 0.000000 0.000000 1.000000
0.999759 0.021687 -0.003460 -0.002100 -0.021770 0.957871 -0.286374 4.518300 -0.002896 0.286380 0.958112 0.000000 0.000000 0.000000 0.000000 1.000000
0.999664 0.025479 -0.004663 -0.002100 -0.025600 0.944433 -0.327707 4.518300 -0.003946 0.327716 0.944768 0.000000 0.000000 0.000000 0.000000 1.000000
0.999562 0.028986 -0.005940 -0.002100 -0.029148 0.930189 -0.365923 4.518300 -0.005081 0.365936 0.930626 -0.000000 0.000000 0.000000 0.000000 1.000000
0.999462 0.032005 -0.007173 -0.002100 -0.032209 0.916462 -0.398823 4.518300 -0.006191 0.398839 0.917000 0.000000 0.000000 0.000000 0.000000 1.000000
0.999376 0.034342 -0.008215 -0.002100 -0.034582 0.904869 -0.424283 4.518300 -0.007138 0.424303 0.905492 -0.000000 0.000000 0.000000 0.000000 1.000000
0.999314 0.035920 -0.008963 -0.002100 -0.036185 0.896547 -0.441468 4.518300 -0.007822 0.441489 0.897232 0.000000 0.000000 0.000000 0.000000 1.000000
0.999285 0.036647 -0.009320 -0.002100 -0.036925 0.892572 -0.449391 4.518300 -0.008150 0.449413 0.893287 0.000000 0.000000 0.000000 0.000000 1.000000
0.999276 0.036860 -0.009427 -0.002100 -0.037142 0.891392 -0.451709 4.518300 -0.008247 0.451732 0.892116 0.000000 0.000000 0.000000 0.000000 1.000000
0.999278 0.036814 -0.009404 -0.002100 -0.037095 0.891646 -0.451211 4.518300 -0.008226 0.451234 0.892368 0.000000 0.000000 0.000000 0.000000 1.000000
0.999280 0.036752 -0.009372 -0.002100 -0.037032 0.891992 -0.450532 4.518300 -0.008198 0.450555 0.892711 0.000000 0.000000 0.000000 0.000000 1.000000
0.999281 0.036741 -0.009367 -0.002100 -0.037021 0.892050 -0.450418 4.518300 -0.008193 0.450441 0.892769 0.000000 0.000000 0.000000 0.000000 1.000000
0.999280 0.036764 -0.009379 -0.002100 -0.037044 0.891923 -0.450668 4.518300 -0.008203 0.450691 0.892642 0.000000 0.000000 0.000000 0.000000 1.000000
0.999279 0.036781 -0.009386 -0.002100 -0.037061 0.891833 -0.450844 4.518300 -0.008211 0.450866 0.892554 -0.000000 0.000000 0.000000 0.000000 1.000000
0.999279 0.036781 -0.009387 -0.002100 -0.037061 0.891832 -0.450847 4.518300 -0.008210 0.450870 0.892552 -0.000000 0.000000 0.000000 0.000000 1.000000
0.999280 0.036774 -0.009384 -0.002100 -0.037054 0.891869 -0.450773 4.518300 -0.008208 0.450796 0.892589 0.000000 0.000000 0.000000 0.000000 1.000000
0.999280 0.036770 -0.009382 -0.002100 -0.037050 0.891892 -0.450728 4.518300 -0.008206 0.450751 0.892612 0.000000 0.000000 0.000000 0.000000 1.000000
0.999280 0.036770 -0.009382 -0.002100 -0.037050 0.891890 -0.450733 4.518300 -0.008206 0.450756 0.892609 0.000000 0.000000 0.000000 0.000000 1.000000
0.999280 0.036772 -0.009383 -0.002100 -0.037053 0.891879 -0.450753 4.518300 -0.008207 0.450776 0.892599 -0.000000 0.000000 0.000000 0.000000 1.000000
0.999280 0.036773 -0.009383 -0.002100 -0.037053 0.891874 -0.450764 4.518300 -0.008207 0.450787 0.892594 -0.000000 0.000000 0.000000 0.000000 1.000000
0.999280 0.036773 -0.009383 -0.002100 -0.037053 0.891876 -0.450760 4.518300 -0.008207 0.450783 0.892596 0.000000 0.000000 0.000000 0.000000 1.000000
0.999280 0.036772 -0.009383 -0.002100 -0.037053 0.891879 -0.450753 4.518300 -0.008207 0.450776 0.892599 0.000000 0.000000 0.000000 0.000000 1.000000
0.999280 0.036772 -0.009383 -0.002100 -0.037052 0.891880 -0.450751 4.518300 -0.008207 0.450774 0.892600 0.000000 0.000000 0.000000 0.000000 1.000000
0.999280 0.036773 -0.009383 -0.002100 -0.037053 0.891877 -0.450757 4.518300 -0.008207 0.450780 0.892597 0.000000 0.000000 0.000000 0.000000 1.000000
0.999280 0.036773 -0.009383 -0.002100 -0.037054 0.891874 -0.450764 4.518300 -0.008208 0.450787 0.892594 -0.000000 0.000000 0.000000 0.000000 1.000000
0.999280 0.036773 -0.009383 -0.002100 -0.037053 0.891875 -0.450761 4.518300 -0.008207 0.450784 0.892595 0.000000 0.000000 0.000000 0.000000 1.000000
0.999280 0.036771 -0.009382 -0.002100 -0.037051 0.891885 -0.450741 4.518300 -0.008206 0.450764 0.892605 -0.000000 0.000000 0.000000 0.000000 1.000000
0.999280 0.036769 -0.009381 -0.002100 -0.037049 0.891896 -0.450721 4.518300 -0.008205 0.450744 0.892616 0.000000 0.000000 0.000000 0.000000 1.000000
0.999280 0.036771 -0.009382 -0.002100 -0.037052 0.891885 -0.450743 4.518300 -0.008206 0.450766 0.892605 -0.000000 0.000000 0.000000 0.000000 1.000000
0.999279 0.036778 -0.009386 -0.002100 -0.037059 0.891845 -0.450820 4.518300 -0.008210 0.450843 0.892566 0.000000 0.000000 0.000000 0.000000 1.000000
0.999279 0.036784 -0.009389 -0.002100 -0.037064 0.891814 -0.450881 4.518300 -0.008212 0.450904 0.892535 0.000000 0.000000 0.000000 0.000000 1.000000
0.999280 0.036774 -0.009384 -0.002100 -0.037054 0.891868 -0.450775 4.518300 -0.008208 0.450798 0.892588 -0.000000 0.000000 0.000000 0.000000 1.000000
0.999281 0.036747 -0.009370 -0.002100 -0.037026 0.892023 -0.450472 4.518300 -0.008195 0.450495 0.892741 0.000000 0.000000 0.000000 0.000000 1.000000
0.999281 0.036731 -0.009362 -0.002100 -0.037011 0.892106 -0.450308 4.518300 -0.008188 0.450331 0.892824 -0.000000 0.000000 0.000000 0.000000 1.000000
0.999280 0.036774 -0.009384 -0.002100 -0.037055 0.891866 -0.450780 4.518300 -0.008208 0.450802 0.892586 0.000000 0.000000 0.000000 0.000000 1.000000
0.999275 0.036881 -0.009437 -0.002100 -0.037163 0.891275 -0.451938 4.518300 -0.008257 0.451961 0.892000 0.000000 0.000000 0.000000 0.000000 1.000000
0.999274 0.036918 -0.009455 -0.002100 -0.037200 0.891072 -0.452336 4.518300 -0.008274 0.452359 0.891798 0.000000 0.000000 0.000000 0.000000 1.000000
0.999281 0.036732 -0.009362 -0.002100 -0.037011 0.892104 -0.450313 4.518300 -0.008189 0.450335 0.892822 0.000000 0.000000 0.000000 0.000000 1.000000</float_array>
        <technique_common>
          <accessor source="#mixamorig_LeftHandRing3-Matrix-animation-output-transform-array" count="63" stride="16">
            <param type="float4x4"/>
          </accessor>
        </technique_common>
      </source>
      <source id="mixamorig_LeftHandRing3-Interpolations">
        <Name_array id="mixamorig_LeftHandRing3-Interpolations-array" count="63">
 LINEAR LINEAR LINEAR LINEAR LINEAR LINEAR LINEAR LINEAR LINEAR LINEAR LINEAR
LINEAR LINEAR LINEAR LINEAR LINEAR LINEAR LINEAR LINEAR LINEAR LINEAR LINEAR LINEAR
LINEAR LINEAR LINEAR LINEAR LINEAR LINEAR LINEAR LINEAR LINEAR LINEAR LINEAR LINEAR
LINEAR LINEAR LINEAR LINEAR LINEAR LINEAR LINEAR LINEAR LINEAR LINEAR LINEAR LINEAR
LINEAR LINEAR LINEAR LINEAR LINEAR LINEAR LINEAR LINEAR LINEAR LINEAR LINEAR LINEAR
LINEAR LINEAR LINEAR LINEAR</Name_array>
        <technique_common>
          <accessor source="#mixamorig_LeftHandRing3-Interpolations-array" count="63">
            <param type="name"/>
          </accessor>
        </technique_common>
      </source>
      <sampler id="mixamorig_LeftHandRing3-Matrix-animation-transform">
        <input semantic="INPUT" source="#mixamorig_LeftHandRing3-Matrix-animation-input"/>
        <input semantic="OUTPUT" source="#mixamorig_LeftHandRing3-Matrix-animation-output-transform"/>
        <input semantic="INTERPOLATION" source="#mixamorig_LeftHandRing3-Interpolations"/>
      </sampler>
      <channel source="#mixamorig_LeftHandRing3-Matrix-animation-transform" target="mixamorig_LeftHandRing3/matrix"/>
    </animation>
    <animation id="mixamorig_LeftHandPinky1-anim" name="mixamorig_LeftHandPinky1">
      <source id="mixamorig_LeftHandPinky1-Matrix-animation-input">
        <float_array id="mixamorig_LeftHandPinky1-Matrix-animation-input-array" count="63">

0.000000 0.033333 0.066667 0.100000 0.133333 0.166667 0.200000 0.233333 0.266667 0.300000 0.333333 0.366667 0.400000 0.433333 0.466667 0.500000
0.533333 0.566667 0.600000 0.633333 0.666667 0.700000 0.733333 0.766667 0.800000 0.833333 0.866667 0.900000 0.933333 0.966667 1.000000 1.033333
1.066667 1.100000 1.133333 1.166667 1.200000 1.233333 1.266667 1.300000 1.333333 1.366667 1.400000 1.433333 1.466667 1.500000 1.533333 1.566667
1.600000 1.633333 1.666667 1.700000 1.733333 1.766667 1.800000 1.833333 1.866667 1.900000 1.933333 1.966667 2.000000 2.033333 2.066667</float_array>
        <technique_common>
          <accessor source="#mixamorig_LeftHandPinky1-Matrix-animation-input-array" count="63">
            <param name="TIME" type="float"/>
          </accessor>
        </technique_common>
      </source>
      <source id="mixamorig_LeftHandPinky1-Matrix-animation-output-transform">
        <float_array id="mixamorig_LeftHandPinky1-Matrix-animation-output-transform-array" count="1008">

0.971128 0.238498 -0.005458 5.427700 -0.084040 0.320604 -0.943478 11.411600 -0.223268 0.916696 0.331391 0.277100 0.000000 0.000000 0.000000 1.000000
0.971025 0.238891 -0.006412 5.427700 -0.087674 0.331153 -0.939495 11.411600 -0.222314 0.912836 0.342502 0.277100 0.000000 0.000000 0.000000 1.000000
0.971099 0.238586 -0.006531 5.427700 -0.088103 0.332902 -0.938837 11.411600 -0.221820 0.912279 0.344301 0.277100 0.000000 0.000000 0.000000 1.000000
0.971462 0.237154 -0.004411 5.427700 -0.079948 0.309872 -0.947411 11.411600 -0.223315 0.920726 0.319989 0.277100 0.000000 0.000000 0.000000 1.000000
0.971748 0.236016 -0.001464 5.427700 -0.068096 0.274422 -0.959195 11.411600 -0.225984 0.932196 0.282741 0.277100 0.000000 0.000000 0.000000 1.000000
0.971177 0.238343 -0.002675 5.427700 -0.072917 0.286392 -0.955334 11.411600 -0.226931 0.927993 0.295517 0.277100 0.000000 0.000000 0.000000 1.000000
0.968941 0.246637 -0.017972 5.427700 -0.127208 0.434790 -0.891502 11.411600 -0.212063 0.866099 0.452661 0.277100 0.000000 0.000000 0.000000 1.000000
0.965080 0.255949 -0.055772 5.427700 -0.219099 0.671989 -0.707408 11.411600 -0.143583 0.694925 0.704602 0.277100 0.000000 0.000000 0.000000 1.000000
0.958111 0.264073 -0.110859 5.427700 -0.285793 0.856398 -0.430006 11.411600 -0.018614 0.443676 0.895994 0.277100 0.000000 0.000000 0.000000 1.000000
0.951421 0.268236 -0.151158 5.427700 -0.298489 0.923967 -0.239141 11.411600 0.075519 0.272643 0.959147 0.277100 0.000000 0.000000 0.000000 1.000000
0.949552 0.268047 -0.162793 5.427700 -0.296593 0.936227 -0.188446 11.411600 0.101899 0.227223 0.968497 0.277100 0.000000 0.000000 0.000000 1.000000
0.951377 0.265607 -0.155998 5.427700 -0.296063 0.928269 -0.225084 11.411600 0.085024 0.260325 0.961770 0.277100 0.000000 0.000000 0.000000 1.000000
0.952759 0.264409 -0.149463 5.427700 -0.295707 0.919860 -0.257712 11.411600 0.069343 0.289734 0.954592 0.277100 0.000000 0.000000 0.000000 1.000000
0.952828 0.265182 -0.147642 5.427700 -0.295852 0.920082 -0.256750 11.411600 0.067757 0.288319 0.955134 0.277100 0.000000 0.000000 0.000000 1.000000
0.952100 0.267403 -0.148325 5.427700 -0.296453 0.926104 -0.233340 11.411600 0.074969 0.266134 0.961016 0.277100 0.000000 0.000000 0.000000 1.000000
0.951648 0.268014 -0.150118 5.427700 -0.297160 0.927030 -0.228718 11.411600 0.077864 0.262268 0.961848 0.277100 0.000000 0.000000 0.000000 1.000000
0.952281 0.261972 -0.156624 5.427700 -0.297537 0.911188 -0.284970 11.411600 0.068060 0.317973 0.945654 0.277100 0.000000 0.000000 0.000000 1.000000
0.953715 0.245520 -0.173631 5.427700 -0.297056 0.858973 -0.417041 11.411600 0.046753 0.449316 0.892149 0.277100 0.000000 0.000000 0.000000 1.000000
0.954558 0.220294 -0.200721 5.427700 -0.297144 0.755246 -0.584217 11.411600 0.022894 0.617312 0.786385 0.277100 0.000000 0.000000 0.000000 1.000000
0.953635 0.192639 -0.231236 5.427700 -0.300949 0.618178 -0.726144 11.411600 0.003061 0.762067 0.647491 0.277100 0.000000 0.000000 0.000000 1.000000
0.952857 0.169619 -0.251582 5.427700 -0.303113 0.494827 -0.814413 11.411600 -0.013651 0.852277 0.522913 0.277100 0.000000 0.000000 0.000000 1.000000
0.954063 0.156006 -0.255784 5.427700 -0.298204 0.411969 -0.861020 11.411600 -0.028949 0.897743 0.439566 0.277100 0.000000 0.000000 0.000000 1.000000
0.957492 0.151655 -0.245379 5.427700 -0.284888 0.363668 -0.886896 11.411600 -0.045266 0.919101 0.391414 0.277100 0.000000 0.000000 0.000000 1.000000
0.961867 0.153093 -0.226661 5.427700 -0.266008 0.330717 -0.905465 11.411600 -0.063660 0.931230 0.358830 0.277100 0.000000 0.000000 0.000000 1.000000
0.966377 0.158585 -0.202402 5.427700 -0.242988 0.305778 -0.920574 11.411600 -0.084100 0.938803 0.334031 0.277100 0.000000 0.000000 0.000000 1.000000
0.970397 0.166967 -0.174503 5.427700 -0.217312 0.288373 -0.932532 11.411600 -0.105380 0.942848 0.316121 0.277100 0.000000 0.000000 0.000000 1.000000
0.973496 0.177820 -0.143826 5.427700 -0.190196 0.280219 -0.940905 11.411600 -0.127009 0.943323 0.306612 0.277100 0.000000 0.000000 0.000000 1.000000
0.975290 0.190594 -0.111727 5.427700 -0.163341 0.281556 -0.945540 11.411600 -0.148757 0.940426 0.305730 0.277100 0.000000 0.000000 0.000000 1.000000
0.975681 0.203945 -0.080328 5.427700 -0.138310 0.288511 -0.947434 11.411600 -0.170049 0.935504 0.309702 0.277100 0.000000 0.000000 0.000000 1.000000
0.974883 0.216540 -0.052095 5.427700 -0.116860 0.298211 -0.947319 11.411600 -0.189597 0.929613 0.316026 0.277100 0.000000 0.000000 0.000000 1.000000
0.973476 0.226870 -0.029560 5.427700 -0.100417 0.307596 -0.946203 11.411600 -0.205573 0.924075 0.322220 0.277100 0.000000 0.000000 0.000000 1.000000
0.972104 0.234133 -0.013987 5.427700 -0.089443 0.314911 -0.944897 11.411600 -0.216827 0.919789 0.327068 0.277100 0.000000 0.000000 0.000000 1.000000
0.971335 0.237622 -0.006662 5.427700 -0.084454 0.318757 -0.944066 11.411600 -0.222208 0.917567 0.329688 0.277100 0.000000 0.000000 0.000000 1.000000
0.971085 0.238691 -0.004472 5.427700 -0.083018 0.320067 -0.943751 11.411600 -0.223834 0.916834 0.330628 0.277100 0.000000 0.000000 0.000000 1.000000
0.971132 0.238492 -0.004913 5.427700 -0.083340 0.319917 -0.943773 11.411600 -0.223511 0.916937 0.330558 0.277100 0.000000 0.000000 0.000000 1.000000
0.971204 0.238183 -0.005547 5.427700 -0.083763 0.319568 -0.943854 11.411600 -0.223038 0.917140 0.330317 0.277100 0.000000 0.000000 0.000000 1.000000
0.971219 0.238120 -0.005664 5.427700 -0.083830 0.319467 -0.943882 11.411600 -0.222947 0.917191 0.330234 0.277100 0.000000 0.000000 0.000000 1.000000
0.971194 0.238227 -0.005436 5.427700 -0.083672 0.319574 -0.943860 11.411600 -0.223115 0.917126 0.330301 0.277100 0.000000 0.000000 0.000000 1.000000
0.971175 0.238308 -0.005270 5.427700 -0.083562 0.319668 -0.943838 11.411600 -0.223240 0.917072 0.330367 0.277100 0.000000 0.000000 0.000000 1.000000
0.971174 0.238313 -0.005265 5.427700 -0.083562 0.319682 -0.943833 11.411600 -0.223244 0.917066 0.330381 0.277100 0.000000 0.000000 0.000000 1.000000
0.971182 0.238281 -0.005332 5.427700 -0.083609 0.319650 -0.943840 11.411600 -0.223195 0.917086 0.330361 0.277100 0.000000 0.000000 0.000000 1.000000
0.971187 0.238260 -0.005374 5.427700 -0.083636 0.319625 -0.943846 11.411600 -0.223163 0.917100 0.330343 0.277100 0.000000 0.000000 0.000000 1.000000
0.971186 0.238261 -0.005371 5.427700 -0.083633 0.319623 -0.943847 11.411600 -0.223166 0.917100 0.330340 0.277100 0.000000 0.000000 0.000000 1.000000
0.971184 0.238270 -0.005353 5.427700 -0.083621 0.319631 -0.943845 11.411600 -0.223179 0.917095 0.330345 0.277100 0.000000 0.000000 0.000000 1.000000
0.971183 0.238275 -0.005343 5.427700 -0.083613 0.319637 -0.943844 11.411600 -0.223186 0.917092 0.330349 0.277100 0.000000 0.000000 0.000000 1.000000
0.971183 0.238274 -0.005345 5.427700 -0.083617 0.319640 -0.943843 11.411600 -0.223185 0.917091 0.330352 0.277100 0.000000 0.000000 0.000000 1.000000
0.971184 0.238272 -0.005351 5.427700 -0.083622 0.319642 -0.943841 11.411600 -0.223181 0.917091 0.330355 0.277100 0.000000 0.000000 0.000000 1.000000
0.971184 0.238271 -0.005352 5.427700 -0.083622 0.319639 -0.943842 11.411600 -0.223179 0.917092 0.330354 0.277100 0.000000 0.000000 0.000000 1.000000
0.971184 0.238270 -0.005351 5.427700 -0.083617 0.319627 -0.943847 11.411600 -0.223181 0.917096 0.330340 0.277100 0.000000 0.000000 0.000000 1.000000
0.971184 0.238270 -0.005348 5.427700 -0.083611 0.319612 -0.943852 11.411600 -0.223183 0.917102 0.330324 0.277100 0.000000 0.000000 0.000000 1.000000
0.971184 0.238272 -0.005349 5.427700 -0.083615 0.319622 -0.943849 11.411600 -0.223183 0.917098 0.330335 0.277100 0.000000 0.000000 0.000000 1.000000
0.971183 0.238274 -0.005353 5.427700 -0.083632 0.319671 -0.943831 11.411600 -0.223179 0.917080 0.330386 0.277100 0.000000 0.000000 0.000000 1.000000
0.971183 0.238275 -0.005358 5.427700 -0.083650 0.319722 -0.943812 11.411600 -0.223174 0.917062 0.330440 0.277100 0.000000 0.000000 0.000000 1.000000
0.971184 0.238270 -0.005353 5.427700 -0.083630 0.319668 -0.943832 11.411600 -0.223176 0.917082 0.330383 0.277100 0.000000 0.000000 0.000000 1.000000
0.971187 0.238261 -0.005336 5.427700 -0.083563 0.319476 -0.943903 11.411600 -0.223191 0.917152 0.330180 0.277100 0.000000 0.000000 0.000000 1.000000
0.971187 0.238259 -0.005322 5.427700 -0.083511 0.319319 -0.943960 11.411600 -0.223208 0.917206 0.330016 0.277100 0.000000 0.000000 0.000000 1.000000
0.971182 0.238280 -0.005346 5.427700 -0.083604 0.319577 -0.943865 11.411600 -0.223196 0.917111 0.330289 0.277100 0.000000 0.000000 0.000000 1.000000
0.971173 0.238316 -0.005415 5.427700 -0.083868 0.320335 -0.943585 11.411600 -0.223137 0.916838 0.331087 0.277100 0.000000 0.000000 0.000000 1.000000
0.971174 0.238310 -0.005450 5.427700 -0.084004 0.320762 -0.943427 11.411600 -0.223080 0.916690 0.331535 0.277100 0.000000 0.000000 0.000000 1.000000
0.971195 0.238224 -0.005343 5.427700 -0.083589 0.319609 -0.943855 11.411600 -0.223142 0.917115 0.330316 0.277100 0.000000 0.000000 0.000000 1.000000
0.971227 0.238101 -0.005083 5.427700 -0.082587 0.316704 -0.944922 11.411600 -0.223377 0.918154 0.327256 0.277100 0.000000 0.000000 0.000000 1.000000
0.971216 0.238150 -0.004999 5.427700 -0.082261 0.315634 -0.945308 11.411600 -0.223547 0.918509 0.326139 0.277100 0.000000 0.000000 0.000000 1.000000
0.971127 0.238499 -0.005458 5.427700 -0.084040 0.320604 -0.943478 11.411600 -0.223268 0.916696 0.331391 0.277100 0.000000 0.000000 0.000000 1.000000</float_array>
        <technique_common>
          <accessor source="#mixamorig_LeftHandPinky1-Matrix-animation-output-transform-array" count="63" stride="16">
            <param type="float4x4"/>
          </accessor>
        </technique_common>
      </source>
      <source id="mixamorig_LeftHandPinky1-Interpolations">
        <Name_array id="mixamorig_LeftHandPinky1-Interpolations-array" count="63">
 LINEAR LINEAR LINEAR LINEAR LINEAR LINEAR LINEAR LINEAR LINEAR LINEAR LINEAR
LINEAR LINEAR LINEAR LINEAR LINEAR LINEAR LINEAR LINEAR LINEAR LINEAR LINEAR LINEAR
LINEAR LINEAR LINEAR LINEAR LINEAR LINEAR LINEAR LINEAR LINEAR LINEAR LINEAR LINEAR
LINEAR LINEAR LINEAR LINEAR LINEAR LINEAR LINEAR LINEAR LINEAR LINEAR LINEAR LINEAR
LINEAR LINEAR LINEAR LINEAR LINEAR LINEAR LINEAR LINEAR LINEAR LINEAR LINEAR LINEAR
LINEAR LINEAR LINEAR LINEAR</Name_array>
        <technique_common>
          <accessor source="#mixamorig_LeftHandPinky1-Interpolations-array" count="63">
            <param type="name"/>
          </accessor>
        </technique_common>
      </source>
      <sampler id="mixamorig_LeftHandPinky1-Matrix-animation-transform">
        <input semantic="INPUT" source="#mixamorig_LeftHandPinky1-Matrix-animation-input"/>
        <input semantic="OUTPUT" source="#mixamorig_LeftHandPinky1-Matrix-animation-output-transform"/>
        <input semantic="INTERPOLATION" source="#mixamorig_LeftHandPinky1-Interpolations"/>
      </sampler>
      <channel source="#mixamorig_LeftHandPinky1-Matrix-animation-transform" target="mixamorig_LeftHandPinky1/matrix"/>
    </animation>
    <animation id="mixamorig_LeftHandPinky2-anim" name="mixamorig_LeftHandPinky2">
      <source id="mixamorig_LeftHandPinky2-Matrix-animation-input">
        <float_array id="mixamorig_LeftHandPinky2-Matrix-animation-input-array" count="63">

0.000000 0.033333 0.066667 0.100000 0.133333 0.166667 0.200000 0.233333 0.266667 0.300000 0.333333 0.366667 0.400000 0.433333 0.466667 0.500000
0.533333 0.566667 0.600000 0.633333 0.666667 0.700000 0.733333 0.766667 0.800000 0.833333 0.866667 0.900000 0.933333 0.966667 1.000000 1.033333
1.066667 1.100000 1.133333 1.166667 1.200000 1.233333 1.266667 1.300000 1.333333 1.366667 1.400000 1.433333 1.466667 1.500000 1.533333 1.566667
1.600000 1.633333 1.666667 1.700000 1.733333 1.766667 1.800000 1.833333 1.866667 1.900000 1.933333 1.966667 2.000000 2.033333 2.066667</float_array>
        <technique_common>
          <accessor source="#mixamorig_LeftHandPinky2-Matrix-animation-input-array" count="63">
            <param name="TIME" type="float"/>
          </accessor>
        </technique_common>
      </source>
      <source id="mixamorig_LeftHandPinky2-Matrix-animation-output-transform">
        <float_array id="mixamorig_LeftHandPinky2-Matrix-animation-output-transform-array" count="1008">

0.992565 0.090607 -0.081276 -0.003300 -0.090626 0.104363 -0.990402 4.452300 -0.081255 0.990403 0.111799 -0.000000 0.000000 0.000000 0.000000 1.000000
0.992677 0.090460 -0.080060 -0.003300 -0.090480 0.117667 -0.988923 4.452300 -0.080038 0.988924 0.124990 0.000000 0.000000 0.000000 0.000000 1.000000
0.992693 0.090438 -0.079885 -0.003300 -0.090457 0.119572 -0.988696 4.452300 -0.079864 0.988698 0.126879 0.000000 0.000000 0.000000 0.000000 1.000000
0.992444 0.090746 -0.082580 -0.003300 -0.090765 0.090109 -0.991787 4.452300 -0.082559 0.991789 0.097665 0.000000 0.000000 0.000000 0.000000 1.000000
0.992073 0.091054 -0.086608 -0.003300 -0.091075 0.046098 -0.994777 4.452300 -0.086586 0.994778 0.054025 0.000000 0.000000 0.000000 0.000000 1.000000
0.992211 0.090960 -0.085110 -0.003300 -0.090980 0.062466 -0.993892 4.452300 -0.085088 0.993893 0.070256 0.000000 0.000000 0.000000 0.000000 1.000000
0.993832 0.087966 -0.067534 -0.003300 -0.087982 0.254681 -0.963014 4.452300 -0.067513 0.963016 0.260850 0.000000 0.000000 0.000000 0.000000 1.000000
0.996551 0.073791 -0.037966 -0.003300 -0.073800 0.578847 -0.812090 4.452300 -0.037948 0.812091 0.582296 -0.000000 0.000000 0.000000 0.000000 1.000000
0.998773 0.047599 -0.013684 -0.003300 -0.047602 0.846304 -0.530569 4.452300 -0.013674 0.530569 0.847531 0.000000 0.000000 0.000000 0.000000 1.000000
0.999595 0.028076 -0.004617 -0.003300 -0.028077 0.947021 -0.319942 4.452300 -0.004611 0.319942 0.947426 0.000000 0.000000 0.000000 0.000000 1.000000
0.999737 0.022738 -0.003038 -0.003300 -0.022739 0.964728 -0.262265 4.452300 -0.003033 0.262265 0.964991 -0.000000 0.000000 0.000000 0.000000 1.000000
0.999641 0.026459 -0.004101 -0.003300 -0.026460 0.952791 -0.302473 4.452300 -0.004095 0.302473 0.953149 0.000000 0.000000 0.000000 0.000000 1.000000
0.999542 0.029796 -0.005201 -0.003300 -0.029797 0.940490 -0.338513 4.452300 -0.005195 0.338513 0.940947 0.000000 0.000000 0.000000 0.000000 1.000000
0.999536 0.029989 -0.005269 -0.003300 -0.029991 0.939728 -0.340606 4.452300 -0.005263 0.340606 0.940191 0.000000 0.000000 0.000000 0.000000 1.000000
0.999592 0.028195 -0.004656 -0.003300 -0.028196 0.946582 -0.321227 4.452300 -0.004650 0.321227 0.946991 0.000000 0.000000 0.000000 0.000000 1.000000
0.999610 0.027554 -0.004447 -0.003300 -0.027555 0.948925 -0.314296 4.452300 -0.004440 0.314296 0.949315 0.000000 0.000000 0.000000 0.000000 1.000000
0.999518 0.030566 -0.005475 -0.003300 -0.030567 0.937431 -0.346827 4.452300 -0.005468 0.346827 0.937913 0.000000 0.000000 0.000000 0.000000 1.000000
0.999241 0.038008 -0.008534 -0.003300 -0.038010 0.903380 -0.427153 4.452300 -0.008525 0.427153 0.904139 0.000000 0.000000 0.000000 0.000000 1.000000
0.998750 0.048005 -0.013936 -0.003300 -0.048008 0.843519 -0.534950 4.452300 -0.013925 0.534950 0.844769 0.000000 0.000000 0.000000 0.000000 1.000000
0.998108 0.057804 -0.020973 -0.003300 -0.057809 0.765817 -0.640454 4.452300 -0.020960 0.640455 0.767710 0.000000 0.000000 0.000000 0.000000 1.000000
0.997463 0.065438 -0.028014 -0.003300 -0.065445 0.688259 -0.722507 4.452300 -0.027999 0.722508 0.690796 0.000000 0.000000 0.000000 0.000000 1.000000
0.996900 0.070878 -0.034161 -0.003300 -0.070886 0.620651 -0.780876 4.452300 -0.034145 0.780877 0.623751 0.000000 0.000000 0.000000 0.000000 1.000000
0.996392 0.075014 -0.039694 -0.003300 -0.075023 0.559864 -0.825181 4.452300 -0.039676 0.825182 0.563472 0.000000 0.000000 0.000000 0.000000 1.000000
0.995878 0.078587 -0.045295 -0.003300 -0.078598 0.498383 -0.863387 4.452300 -0.045277 0.863388 0.502506 0.000000 0.000000 0.000000 0.000000 1.000000
0.995338 0.081757 -0.051166 -0.003300 -0.081769 0.433982 -0.897203 4.452300 -0.051147 0.897204 0.438644 0.000000 0.000000 0.000000 0.000000 1.000000
0.994797 0.084409 -0.057052 -0.003300 -0.084422 0.369471 -0.925399 4.452300 -0.057033 0.925401 0.374674 0.000000 0.000000 0.000000 0.000000 1.000000
0.994283 0.086480 -0.062636 -0.003300 -0.086495 0.308300 -0.947349 4.452300 -0.062616 0.947350 0.314018 0.000000 0.000000 0.000000 0.000000 1.000000
0.993821 0.087997 -0.067645 -0.003300 -0.088013 0.253462 -0.963333 4.452300 -0.067625 0.963335 0.259641 0.000000 0.000000 0.000000 0.000000 1.000000
0.993413 0.089082 -0.072074 -0.003300 -0.089099 0.205004 -0.974697 4.452300 -0.072053 0.974699 0.211591 0.000000 0.000000 0.000000 0.000000 1.000000
0.993073 0.089810 -0.075763 -0.003300 -0.089828 0.164643 -0.982254 4.452300 -0.075742 0.982256 0.171570 0.000000 0.000000 0.000000 0.000000 1.000000
0.992814 0.090259 -0.078569 -0.003300 -0.090277 0.133961 -0.986866 4.452300 -0.078548 0.986868 0.141146 -0.000000 0.000000 0.000000 0.000000 1.000000
0.992642 0.090507 -0.080434 -0.003300 -0.090526 0.113568 -0.989397 4.452300 -0.080413 0.989399 0.120926 0.000000 0.000000 0.000000 0.000000 1.000000
0.992565 0.090607 -0.081272 -0.003300 -0.090626 0.104412 -0.990396 4.452300 -0.081251 0.990398 0.111847 -0.000000 0.000000 0.000000 0.000000 1.000000
0.992544 0.090633 -0.081505 -0.003300 -0.090652 0.101859 -0.990660 4.452300 -0.081484 0.990662 0.109316 0.000000 0.000000 0.000000 0.000000 1.000000
0.992549 0.090626 -0.081446 -0.003300 -0.090645 0.102505 -0.990594 4.452300 -0.081425 0.990596 0.109956 -0.000000 0.000000 0.000000 0.000000 1.000000
0.992555 0.090618 -0.081376 -0.003300 -0.090637 0.103275 -0.990515 4.452300 -0.081354 0.990516 0.110719 0.000000 0.000000 0.000000 0.000000 1.000000
0.992556 0.090617 -0.081367 -0.003300 -0.090636 0.103373 -0.990505 4.452300 -0.081345 0.990506 0.110816 0.000000 0.000000 0.000000 0.000000 1.000000
0.992554 0.090620 -0.081395 -0.003300 -0.090640 0.103071 -0.990536 4.452300 -0.081373 0.990537 0.110518 0.000000 0.000000 0.000000 0.000000 1.000000
0.992552 0.090622 -0.081412 -0.003300 -0.090641 0.102875 -0.990556 4.452300 -0.081391 0.990558 0.110323 -0.000000 0.000000 0.000000 0.000000 1.000000
0.992552 0.090622 -0.081412 -0.003300 -0.090641 0.102882 -0.990555 4.452300 -0.081390 0.990557 0.110330 -0.000000 0.000000 0.000000 0.000000 1.000000
0.992553 0.090621 -0.081404 -0.003300 -0.090640 0.102970 -0.990546 4.452300 -0.081382 0.990548 0.110417 0.000000 0.000000 0.000000 0.000000 1.000000
0.992553 0.090621 -0.081400 -0.003300 -0.090640 0.103020 -0.990541 4.452300 -0.081378 0.990543 0.110466 0.000000 0.000000 0.000000 0.000000 1.000000
0.992553 0.090621 -0.081400 -0.003300 -0.090640 0.103011 -0.990542 4.452300 -0.081378 0.990544 0.110458 0.000000 0.000000 0.000000 0.000000 1.000000
0.992553 0.090621 -0.081402 -0.003300 -0.090640 0.102986 -0.990544 4.452300 -0.081380 0.990546 0.110433 0.000000 0.000000 0.000000 0.000000 1.000000
0.992553 0.090621 -0.081403 -0.003300 -0.090641 0.102974 -0.990546 4.452300 -0.081382 0.990547 0.110422 0.000000 0.000000 0.000000 0.000000 1.000000
0.992553 0.090621 -0.081403 -0.003300 -0.090640 0.102982 -0.990545 4.452300 -0.081381 0.990547 0.110429 0.000000 0.000000 0.000000 0.000000 1.000000
0.992553 0.090621 -0.081402 -0.003300 -0.090640 0.102993 -0.990544 4.452300 -0.081380 0.990545 0.110440 0.000000 0.000000 0.000000 0.000000 1.000000
0.992553 0.090621 -0.081402 -0.003300 -0.090640 0.102995 -0.990544 4.452300 -0.081380 0.990545 0.110441 0.000000 0.000000 0.000000 0.000000 1.000000
0.992553 0.090621 -0.081403 -0.003300 -0.090640 0.102978 -0.990545 4.452300 -0.081382 0.990547 0.110425 0.000000 0.000000 0.000000 0.000000 1.000000
0.992553 0.090621 -0.081405 -0.003300 -0.090641 0.102956 -0.990547 4.452300 -0.081383 0.990549 0.110404 0.000000 0.000000 0.000000 0.000000 1.000000
0.992553 0.090621 -0.081404 -0.003300 -0.090640 0.102969 -0.990546 4.452300 -0.081382 0.990548 0.110416 -0.000000 0.000000 0.000000 0.000000 1.000000
0.992553 0.090620 -0.081398 -0.003300 -0.090640 0.103031 -0.990540 4.452300 -0.081377 0.990542 0.110477 0.000000 0.000000 0.000000 0.000000 1.000000
0.992554 0.090620 -0.081392 -0.003300 -0.090639 0.103096 -0.990533 4.452300 -0.081371 0.990535 0.110542 -0.000000 0.000000 0.000000 0.000000 1.000000
0.992553 0.090621 -0.081399 -0.003300 -0.090640 0.103025 -0.990540 4.452300 -0.081377 0.990542 0.110472 0.000000 0.000000 0.000000 0.000000 1.000000
0.992551 0.090623 -0.081421 -0.003300 -0.090642 0.102781 -0.990565 4.452300 -0.081399 0.990567 0.110230 0.000000 0.000000 0.000000 0.000000 1.000000
0.992550 0.090625 -0.081439 -0.003300 -0.090645 0.102588 -0.990585 4.452300 -0.081417 0.990587 0.110038 -0.000000 0.000000 0.000000 0.000000 1.000000
0.992552 0.090621 -0.081408 -0.003300 -0.090641 0.102922 -0.990551 4.452300 -0.081386 0.990553 0.110369 0.000000 0.000000 0.000000 0.000000 1.000000
0.992561 0.090612 -0.081321 -0.003300 -0.090631 0.103881 -0.990452 4.452300 -0.081299 0.990454 0.111320 0.000000 0.000000 0.000000 0.000000 1.000000
0.992565 0.090606 -0.081273 -0.003300 -0.090626 0.104401 -0.990398 4.452300 -0.081251 0.990399 0.111836 0.000000 0.000000 0.000000 0.000000 1.000000
0.992552 0.090622 -0.081409 -0.003300 -0.090641 0.102915 -0.990552 4.452300 -0.081387 0.990553 0.110362 0.000000 0.000000 0.000000 0.000000 1.000000
0.992521 0.090659 -0.081744 -0.003300 -0.090678 0.099250 -0.990922 4.452300 -0.081722 0.990924 0.106728 0.000000 0.000000 0.000000 0.000000 1.000000
0.992511 0.090671 -0.081860 -0.003300 -0.090690 0.097977 -0.991048 4.452300 -0.081839 0.991050 0.105467 0.000000 0.000000 0.000000 0.000000 1.000000
0.992565 0.090607 -0.081276 -0.003300 -0.090626 0.104363 -0.990402 4.452300 -0.081255 0.990403 0.111798 0.000000 0.000000 0.000000 0.000000 1.000000</float_array>
        <technique_common>
          <accessor source="#mixamorig_LeftHandPinky2-Matrix-animation-output-transform-array" count="63" stride="16">
            <param type="float4x4"/>
          </accessor>
        </technique_common>
      </source>
      <source id="mixamorig_LeftHandPinky2-Interpolations">
        <Name_array id="mixamorig_LeftHandPinky2-Interpolations-array" count="63">
 LINEAR LINEAR LINEAR LINEAR LINEAR LINEAR LINEAR LINEAR LINEAR LINEAR LINEAR
LINEAR LINEAR LINEAR LINEAR LINEAR LINEAR LINEAR LINEAR LINEAR LINEAR LINEAR LINEAR
LINEAR LINEAR LINEAR LINEAR LINEAR LINEAR LINEAR LINEAR LINEAR LINEAR LINEAR LINEAR
LINEAR LINEAR LINEAR LINEAR LINEAR LINEAR LINEAR LINEAR LINEAR LINEAR LINEAR LINEAR
LINEAR LINEAR LINEAR LINEAR LINEAR LINEAR LINEAR LINEAR LINEAR LINEAR LINEAR LINEAR
LINEAR LINEAR LINEAR LINEAR</Name_array>
        <technique_common>
          <accessor source="#mixamorig_LeftHandPinky2-Interpolations-array" count="63">
            <param type="name"/>
          </accessor>
        </technique_common>
      </source>
      <sampler id="mixamorig_LeftHandPinky2-Matrix-animation-transform">
        <input semantic="INPUT" source="#mixamorig_LeftHandPinky2-Matrix-animation-input"/>
        <input semantic="OUTPUT" source="#mixamorig_LeftHandPinky2-Matrix-animation-output-transform"/>
        <input semantic="INTERPOLATION" source="#mixamorig_LeftHandPinky2-Interpolations"/>
      </sampler>
      <channel source="#mixamorig_LeftHandPinky2-Matrix-animation-transform" target="mixamorig_LeftHandPinky2/matrix"/>
    </animation>
    <animation id="mixamorig_LeftHandPinky3-anim" name="mixamorig_LeftHandPinky3">
      <source id="mixamorig_LeftHandPinky3-Matrix-animation-input">
        <float_array id="mixamorig_LeftHandPinky3-Matrix-animation-input-array" count="63">

0.000000 0.033333 0.066667 0.100000 0.133333 0.166667 0.200000 0.233333 0.266667 0.300000 0.333333 0.366667 0.400000 0.433333 0.466667 0.500000
0.533333 0.566667 0.600000 0.633333 0.666667 0.700000 0.733333 0.766667 0.800000 0.833333 0.866667 0.900000 0.933333 0.966667 1.000000 1.033333
1.066667 1.100000 1.133333 1.166667 1.200000 1.233333 1.266667 1.300000 1.333333 1.366667 1.400000 1.433333 1.466667 1.500000 1.533333 1.566667
1.600000 1.633333 1.666667 1.700000 1.733333 1.766667 1.800000 1.833333 1.866667 1.900000 1.933333 1.966667 2.000000 2.033333 2.066667</float_array>
        <technique_common>
          <accessor source="#mixamorig_LeftHandPinky3-Matrix-animation-input-array" count="63">
            <param name="TIME" type="float"/>
          </accessor>
        </technique_common>
      </source>
      <source id="mixamorig_LeftHandPinky3-Matrix-animation-output-transform">
        <float_array id="mixamorig_LeftHandPinky3-Matrix-animation-output-transform-array" count="1008">

0.998344 0.054622 -0.018068 0.002700 -0.054812 0.807596 -0.587183 3.536600 -0.017482 0.587201 0.809253 -0.000000 0.000000 0.000000 0.000000 1.000000
0.998377 0.054131 -0.017706 0.002700 -0.054317 0.811496 -0.581828 3.536600 -0.017126 0.581845 0.813119 0.000000 0.000000 0.000000 0.000000 1.000000
0.998381 0.054062 -0.017656 0.002700 -0.054248 0.812039 -0.581077 3.536600 -0.017077 0.581094 0.813657 0.000000 0.000000 0.000000 0.000000 1.000000
0.998307 0.055149 -0.018461 0.002700 -0.055344 0.803351 -0.592929 3.536600 -0.017869 0.592947 0.805043 -0.000000 0.000000 0.000000 0.000000 1.000000
0.998195 0.056743 -0.019684 0.002700 -0.056950 0.790129 -0.610289 3.536600 -0.019076 0.610309 0.791934 0.000000 0.000000 0.000000 0.000000 1.000000
0.998238 0.056146 -0.019220 0.002700 -0.056349 0.795146 -0.603794 3.536600 -0.018618 0.603813 0.796909 0.000000 0.000000 0.000000 0.000000 1.000000
0.998706 0.048853 -0.014129 0.002700 -0.049002 0.850090 -0.524353 3.536600 -0.013605 0.524367 0.851384 0.000000 0.000000 0.000000 0.000000 1.000000
0.999390 0.034264 -0.006684 0.002700 -0.034334 0.930101 -0.365695 3.536600 -0.006313 0.365701 0.930711 0.000000 0.000000 0.000000 0.000000 1.000000
0.999851 0.017173 -0.001656 0.002700 -0.017190 0.983487 -0.180163 3.536600 -0.001466 0.180165 0.983635 -0.000000 0.000000 0.000000 0.000000 1.000000
0.999978 0.006574 -0.000254 0.002700 -0.006576 0.997848 -0.065245 3.536600 -0.000176 0.065246 0.997869 0.000000 0.000000 0.000000 0.000000 1.000000
0.999993 0.003767 -0.000090 0.002700 -0.003768 0.999386 -0.034842 3.536600 -0.000042 0.034843 0.999393 -0.000000 0.000000 0.000000 0.000000 1.000000
0.999985 0.005563 -0.000185 0.002700 -0.005565 0.998510 -0.054294 3.536600 -0.000117 0.054294 0.998525 -0.000000 0.000000 0.000000 0.000000 1.000000
0.999974 0.007253 -0.000306 0.002700 -0.007256 0.997334 -0.072604 3.536600 -0.000221 0.072604 0.997361 0.000000 0.000000 0.000000 0.000000 1.000000
0.999971 0.007563 -0.000332 0.002700 -0.007566 0.997082 -0.075965 3.536600 -0.000244 0.075965 0.997110 0.000000 0.000000 0.000000 0.000000 1.000000
0.999975 0.007041 -0.000289 0.002700 -0.007043 0.997501 -0.070305 3.536600 -0.000207 0.070306 0.997525 0.000000 0.000000 0.000000 0.000000 1.000000
0.999978 0.006578 -0.000254 0.002700 -0.006581 0.997844 -0.065297 3.536600 -0.000176 0.065297 0.997866 -0.000000 0.000000 0.000000 0.000000 1.000000
0.999980 0.006273 -0.000232 0.002700 -0.006276 0.998057 -0.061992 3.536600 -0.000157 0.061992 0.998077 0.000000 0.000000 0.000000 0.000000 1.000000
0.999983 0.005899 -0.000206 0.002700 -0.005902 0.998302 -0.057943 3.536600 -0.000136 0.057943 0.998320 0.000000 0.000000 0.000000 0.000000 1.000000
0.999985 0.005550 -0.000184 0.002700 -0.005552 0.998517 -0.054159 3.536600 -0.000117 0.054159 0.998532 -0.000000 0.000000 0.000000 0.000000 1.000000
0.999983 0.005814 -0.000201 0.002700 -0.005816 0.998356 -0.057015 3.536600 -0.000131 0.057015 0.998373 -0.000000 0.000000 0.000000 0.000000 1.000000
0.999974 0.007191 -0.000301 0.002700 -0.007194 0.997383 -0.071939 3.536600 -0.000217 0.071940 0.997409 0.000000 0.000000 0.000000 0.000000 1.000000
0.999951 0.009930 -0.000563 0.002700 -0.009936 0.994773 -0.101626 3.536600 -0.000449 0.101627 0.994822 0.000000 0.000000 0.000000 0.000000 1.000000
0.999903 0.013911 -0.001090 0.002700 -0.013923 0.989365 -0.144786 3.536600 -0.000936 0.144787 0.989462 0.000000 0.000000 0.000000 0.000000 1.000000
0.999824 0.018671 -0.001956 0.002700 -0.018692 0.980343 -0.196414 3.536600 -0.001750 0.196416 0.980519 0.000000 0.000000 0.000000 0.000000 1.000000
0.999708 0.023932 -0.003217 0.002700 -0.023966 0.967041 -0.253491 3.536600 -0.002956 0.253494 0.967332 0.000000 0.000000 0.000000 0.000000 1.000000
0.999557 0.029363 -0.004870 0.002700 -0.029414 0.949476 -0.312459 3.536600 -0.004551 0.312464 0.949919 0.000000 0.000000 0.000000 0.000000 1.000000
0.999372 0.034758 -0.006884 0.002700 -0.034830 0.927956 -0.371060 3.536600 -0.006509 0.371066 0.928584 0.000000 0.000000 0.000000 0.000000 1.000000
0.999162 0.039890 -0.009171 0.002700 -0.039986 0.903441 -0.426843 3.536600 -0.008741 0.426852 0.904279 -0.000000 0.000000 0.000000 0.000000 1.000000
0.998939 0.044569 -0.011597 0.002700 -0.044691 0.877367 -0.477734 3.536600 -0.011118 0.477745 0.878428 0.000000 0.000000 0.000000 0.000000 1.000000
0.998724 0.048539 -0.013933 0.002700 -0.048685 0.852210 -0.520930 3.536600 -0.013412 0.520944 0.853486 0.000000 0.000000 0.000000 0.000000 1.000000
0.998543 0.051568 -0.015903 0.002700 -0.051735 0.830966 -0.553912 3.536600 -0.015349 0.553928 0.832423 0.000000 0.000000 0.000000 0.000000 1.000000
0.998413 0.053590 -0.017314 0.002700 -0.053772 0.815728 -0.575931 3.536600 -0.016740 0.575948 0.817315 0.000000 0.000000 0.000000 0.000000 1.000000
0.998351 0.054515 -0.017988 0.002700 -0.054704 0.808453 -0.586013 3.536600 -0.017403 0.586031 0.810102 0.000000 0.000000 0.000000 0.000000 1.000000
0.998333 0.054785 -0.018188 0.002700 -0.054976 0.806294 -0.588954 3.536600 -0.017600 0.588972 0.807962 -0.000000 0.000000 0.000000 0.000000 1.000000
0.998336 0.054727 -0.018145 0.002700 -0.054918 0.806759 -0.588324 3.536600 -0.017558 0.588341 0.808422 0.000000 0.000000 0.000000 0.000000 1.000000
0.998342 0.054648 -0.018087 0.002700 -0.054838 0.807391 -0.587462 3.536600 -0.017501 0.587480 0.809049 -0.000000 0.000000 0.000000 0.000000 1.000000
0.998343 0.054634 -0.018077 0.002700 -0.054825 0.807498 -0.587317 3.536600 -0.017491 0.587335 0.809155 -0.000000 0.000000 0.000000 0.000000 1.000000
0.998341 0.054664 -0.018098 0.002700 -0.054854 0.807265 -0.587635 3.536600 -0.017512 0.587652 0.808924 -0.000000 0.000000 0.000000 0.000000 1.000000
0.998339 0.054684 -0.018114 0.002700 -0.054875 0.807102 -0.587857 3.536600 -0.017527 0.587874 0.808762 0.000000 0.000000 0.000000 0.000000 1.000000
0.998339 0.054684 -0.018114 0.002700 -0.054875 0.807099 -0.587860 3.536600 -0.017527 0.587878 0.808760 -0.000000 0.000000 0.000000 0.000000 1.000000
0.998340 0.054676 -0.018108 0.002700 -0.054867 0.807167 -0.587768 3.536600 -0.017521 0.587785 0.808827 0.000000 0.000000 0.000000 0.000000 1.000000
0.998340 0.054670 -0.018103 0.002700 -0.054861 0.807209 -0.587710 3.536600 -0.017517 0.587728 0.808869 0.000000 0.000000 0.000000 0.000000 1.000000
0.998340 0.054671 -0.018104 0.002700 -0.054862 0.807205 -0.587716 3.536600 -0.017517 0.587734 0.808864 -0.000000 0.000000 0.000000 0.000000 1.000000
0.998340 0.054673 -0.018106 0.002700 -0.054864 0.807186 -0.587742 3.536600 -0.017519 0.587760 0.808846 0.000000 0.000000 0.000000 0.000000 1.000000
0.998340 0.054674 -0.018107 0.002700 -0.054865 0.807176 -0.587756 3.536600 -0.017520 0.587774 0.808836 0.000000 0.000000 0.000000 0.000000 1.000000
0.998340 0.054674 -0.018106 0.002700 -0.054865 0.807180 -0.587751 3.536600 -0.017520 0.587769 0.808839 0.000000 0.000000 0.000000 0.000000 1.000000
0.998340 0.054673 -0.018106 0.002700 -0.054864 0.807186 -0.587742 3.536600 -0.017519 0.587760 0.808846 0.000000 0.000000 0.000000 0.000000 1.000000
0.998340 0.054673 -0.018106 0.002700 -0.054864 0.807188 -0.587740 3.536600 -0.017519 0.587757 0.808848 0.000000 0.000000 0.000000 0.000000 1.000000
0.998340 0.054674 -0.018106 0.002700 -0.054865 0.807182 -0.587747 3.536600 -0.017520 0.587765 0.808842 -0.000000 0.000000 0.000000 0.000000 1.000000
0.998340 0.054675 -0.018107 0.002700 -0.054865 0.807175 -0.587757 3.536600 -0.017520 0.587774 0.808835 0.000000 0.000000 0.000000 0.000000 1.000000
0.998340 0.054674 -0.018106 0.002700 -0.054865 0.807179 -0.587752 3.536600 -0.017520 0.587770 0.808838 0.000000 0.000000 0.000000 0.000000 1.000000
0.998340 0.054672 -0.018105 0.002700 -0.054863 0.807197 -0.587727 3.536600 -0.017518 0.587744 0.808857 -0.000000 0.000000 0.000000 0.000000 1.000000
0.998340 0.054670 -0.018103 0.002700 -0.054860 0.807217 -0.587700 3.536600 -0.017516 0.587718 0.808876 0.000000 0.000000 0.000000 0.000000 1.000000
0.998340 0.054672 -0.018105 0.002700 -0.054863 0.807196 -0.587729 3.536600 -0.017518 0.587747 0.808855 -0.000000 0.000000 0.000000 0.000000 1.000000
0.998340 0.054681 -0.018111 0.002700 -0.054872 0.807124 -0.587827 3.536600 -0.017525 0.587845 0.808784 -0.000000 0.000000 0.000000 0.000000 1.000000
0.998339 0.054689 -0.018117 0.002700 -0.054879 0.807067 -0.587905 3.536600 -0.017530 0.587922 0.808727 0.000000 0.000000 0.000000 0.000000 1.000000
0.998340 0.054676 -0.018107 0.002700 -0.054867 0.807166 -0.587770 3.536600 -0.017521 0.587788 0.808825 0.000000 0.000000 0.000000 0.000000 1.000000
0.998342 0.054641 -0.018081 0.002700 -0.054831 0.807448 -0.587385 3.536600 -0.017495 0.587403 0.809106 0.000000 0.000000 0.000000 0.000000 1.000000
0.998344 0.054622 -0.018067 0.002700 -0.054812 0.807601 -0.587177 3.536600 -0.017481 0.587195 0.809257 0.000000 0.000000 0.000000 0.000000 1.000000
0.998340 0.054676 -0.018108 0.002700 -0.054867 0.807161 -0.587776 3.536600 -0.017521 0.587793 0.808821 0.000000 0.000000 0.000000 0.000000 1.000000
0.998331 0.054812 -0.018208 0.002700 -0.055003 0.806081 -0.589244 3.536600 -0.017620 0.589262 0.807750 0.000000 0.000000 0.000000 0.000000 1.000000
0.998328 0.054858 -0.018242 0.002700 -0.055050 0.805708 -0.589749 3.536600 -0.017654 0.589767 0.807380 -0.000000 0.000000 0.000000 0.000000 1.000000
0.998344 0.054622 -0.018067 0.002700 -0.054812 0.807596 -0.587183 3.536600 -0.017482 0.587200 0.809253 0.000000 0.000000 0.000000 0.000000 1.000000</float_array>
        <technique_common>
          <accessor source="#mixamorig_LeftHandPinky3-Matrix-animation-output-transform-array" count="63" stride="16">
            <param type="float4x4"/>
          </accessor>
        </technique_common>
      </source>
      <source id="mixamorig_LeftHandPinky3-Interpolations">
        <Name_array id="mixamorig_LeftHandPinky3-Interpolations-array" count="63">
 LINEAR LINEAR LINEAR LINEAR LINEAR LINEAR LINEAR LINEAR LINEAR LINEAR LINEAR
LINEAR LINEAR LINEAR LINEAR LINEAR LINEAR LINEAR LINEAR LINEAR LINEAR LINEAR LINEAR
LINEAR LINEAR LINEAR LINEAR LINEAR LINEAR LINEAR LINEAR LINEAR LINEAR LINEAR LINEAR
LINEAR LINEAR LINEAR LINEAR LINEAR LINEAR LINEAR LINEAR LINEAR LINEAR LINEAR LINEAR
LINEAR LINEAR LINEAR LINEAR LINEAR LINEAR LINEAR LINEAR LINEAR LINEAR LINEAR LINEAR
LINEAR LINEAR LINEAR LINEAR</Name_array>
        <technique_common>
          <accessor source="#mixamorig_LeftHandPinky3-Interpolations-array" count="63">
            <param type="name"/>
          </accessor>
        </technique_common>
      </source>
      <sampler id="mixamorig_LeftHandPinky3-Matrix-animation-transform">
        <input semantic="INPUT" source="#mixamorig_LeftHandPinky3-Matrix-animation-input"/>
        <input semantic="OUTPUT" source="#mixamorig_LeftHandPinky3-Matrix-animation-output-transform"/>
        <input semantic="INTERPOLATION" source="#mixamorig_LeftHandPinky3-Interpolations"/>
      </sampler>
      <channel source="#mixamorig_LeftHandPinky3-Matrix-animation-transform" target="mixamorig_LeftHandPinky3/matrix"/>
    </animation>
    <animation id="mixamorig_RightShoulder-anim" name="mixamorig_RightShoulder">
      <source id="mixamorig_RightShoulder-Matrix-animation-input">
        <float_array id="mixamorig_RightShoulder-Matrix-animation-input-array" count="63">

0.000000 0.033333 0.066667 0.100000 0.133333 0.166667 0.200000 0.233333 0.266667 0.300000 0.333333 0.366667 0.400000 0.433333 0.466667 0.500000
0.533333 0.566667 0.600000 0.633333 0.666667 0.700000 0.733333 0.766667 0.800000 0.833333 0.866667 0.900000 0.933333 0.966667 1.000000 1.033333
1.066667 1.100000 1.133333 1.166667 1.200000 1.233333 1.266667 1.300000 1.333333 1.366667 1.400000 1.433333 1.466667 1.500000 1.533333 1.566667
1.600000 1.633333 1.666667 1.700000 1.733333 1.766667 1.800000 1.833333 1.866667 1.900000 1.933333 1.966667 2.000000 2.033333 2.066667</float_array>
        <technique_common>
          <accessor source="#mixamorig_RightShoulder-Matrix-animation-input-array" count="63">
            <param name="TIME" type="float"/>
          </accessor>
        </technique_common>
      </source>
      <source id="mixamorig_RightShoulder-Matrix-animation-output-transform">
        <float_array id="mixamorig_RightShoulder-Matrix-animation-output-transform-array" count="1008">

0.204912 -0.926617 0.315264 -11.646600 -0.078141 -0.336558 -0.938415 18.692900 0.975656 0.167658 -0.141371 -0.430500 0.000000 0.000000 0.000000 1.000000
0.206119 -0.926569 0.314618 -11.646600 -0.078024 -0.336061 -0.938603 18.692900 0.975411 0.168916 -0.141563 -0.430500 0.000000 0.000000 0.000000 1.000000
0.204425 -0.928779 0.309159 -11.646600 -0.078767 -0.330412 -0.940544 18.692900 0.975708 0.167919 -0.140702 -0.430500 0.000000 0.000000 0.000000 1.000000
0.200982 -0.932388 0.300431 -11.646600 -0.080016 -0.321290 -0.943594 18.692900 0.976321 0.165607 -0.139179 -0.430500 0.000000 0.000000 0.000000 1.000000
0.196952 -0.936152 0.291254 -11.646600 -0.081298 -0.311644 -0.946715 18.692900 0.977037 0.162779 -0.137486 -0.430500 0.000000 0.000000 0.000000 1.000000
0.192738 -0.939041 0.284699 -11.646600 -0.082262 -0.304580 -0.948928 18.692900 0.977796 0.159475 -0.135952 -0.430500 0.000000 0.000000 0.000000 1.000000
0.188324 -0.939773 0.285237 -11.646600 -0.082518 -0.304548 -0.948916 18.692900 0.978634 0.155167 -0.134902 -0.430500 0.000000 0.000000 0.000000 1.000000
0.183943 -0.937548 0.295243 -11.646600 -0.081929 -0.313947 -0.945899 18.692900 0.979517 0.149802 -0.134560 -0.430500 0.000000 0.000000 0.000000 1.000000
0.180257 -0.931692 0.315368 -11.646600 -0.080492 -0.333517 -0.939302 18.692900 0.980321 0.143931 -0.135113 -0.430500 0.000000 0.000000 0.000000 1.000000
0.178517 -0.922053 0.343437 -11.646600 -0.078324 -0.361253 -0.929173 18.692900 0.980814 0.138974 -0.136709 -0.430500 0.000000 0.000000 0.000000 1.000000
0.179212 -0.910407 0.372883 -11.646600 -0.075791 -0.390669 -0.917406 18.692900 0.980887 0.136149 -0.139013 -0.430500 0.000000 0.000000 0.000000 1.000000
0.182304 -0.900417 0.394987 -11.646600 -0.073479 -0.413072 -0.907729 18.692900 0.980493 0.136459 -0.141467 -0.430500 0.000000 0.000000 0.000000 1.000000
0.186187 -0.897328 0.400172 -11.646600 -0.072505 -0.418731 -0.905211 18.692900 0.979835 0.139524 -0.143023 -0.430500 0.000000 0.000000 0.000000 1.000000
0.189396 -0.904044 0.383190 -11.646600 -0.073754 -0.402249 -0.912555 18.692900 0.979127 0.144572 -0.142861 -0.430500 0.000000 0.000000 0.000000 1.000000
0.191233 -0.920211 0.341529 -11.646600 -0.077527 -0.361024 -0.929328 18.692900 0.978478 0.151240 -0.140381 -0.430500 0.000000 0.000000 0.000000 1.000000
0.192748 -0.938167 0.287560 -11.646600 -0.082319 -0.307482 -0.947987 18.692900 0.977789 0.159051 -0.136495 -0.430500 0.000000 0.000000 0.000000 1.000000
0.195161 -0.951972 0.235926 -11.646600 -0.086712 -0.256358 -0.962685 18.692900 0.976931 0.167421 -0.132578 -0.430500 0.000000 0.000000 0.000000 1.000000
0.198470 -0.958850 0.203016 -11.646600 -0.089476 -0.223998 -0.970474 18.692900 0.976014 0.174445 -0.130251 -0.430500 0.000000 0.000000 0.000000 1.000000
0.201114 -0.960263 0.193515 -11.646600 -0.090243 -0.214874 -0.972464 18.692900 0.975402 0.178113 -0.129871 -0.430500 0.000000 0.000000 0.000000 1.000000
0.200412 -0.957754 0.206257 -11.646600 -0.089067 -0.227468 -0.969704 18.692900 0.975655 0.175970 -0.130892 -0.430500 0.000000 0.000000 0.000000 1.000000
0.195002 -0.954050 0.227516 -11.646600 -0.087388 -0.247947 -0.964824 18.692900 0.976902 0.168260 -0.131723 -0.430500 0.000000 0.000000 0.000000 1.000000
0.183922 -0.951193 0.247799 -11.646600 -0.086373 -0.266764 -0.959884 18.692900 0.979139 0.155141 -0.131221 -0.430500 0.000000 0.000000 0.000000 1.000000
0.166505 -0.950587 0.262031 -11.646600 -0.086515 -0.278800 -0.956444 18.692900 0.982238 0.136583 -0.128662 -0.430500 0.000000 0.000000 0.000000 1.000000
0.143549 -0.951290 0.272838 -11.646600 -0.087351 -0.286797 -0.954001 18.692900 0.985781 0.113113 -0.124266 -0.430500 0.000000 0.000000 0.000000 1.000000
0.116135 -0.951622 0.284480 -11.646600 -0.088507 -0.295194 -0.951329 18.692900 0.989282 0.085304 -0.118507 -0.430500 0.000000 0.000000 0.000000 1.000000
0.088442 -0.950597 0.297563 -11.646600 -0.090011 -0.305138 -0.948045 18.692900 0.992006 0.057063 -0.112551 -0.430500 0.000000 0.000000 0.000000 1.000000
0.064870 -0.949413 0.307258 -11.646600 -0.091814 -0.312279 -0.945543 18.692900 0.993661 0.033127 -0.107427 -0.430500 0.000000 0.000000 0.000000 1.000000
0.050065 -0.951308 0.304150 -11.646600 -0.093277 -0.307654 -0.946915 18.692900 0.994381 0.019037 -0.104138 -0.430500 0.000000 0.000000 0.000000 1.000000
0.043552 -0.957488 0.285168 -11.646600 -0.093997 -0.288100 -0.952976 18.692900 0.994619 0.014699 -0.102548 -0.430500 0.000000 0.000000 0.000000 1.000000
0.043456 -0.967045 0.250871 -11.646600 -0.094225 -0.253956 -0.962615 18.692900 0.994602 0.018193 -0.102155 -0.430500 0.000000 0.000000 0.000000 1.000000
0.045258 -0.976715 0.209711 -11.646600 -0.094525 -0.213172 -0.972431 18.692900 0.994493 0.024188 -0.101972 -0.430500 0.000000 0.000000 0.000000 1.000000
0.046297 -0.984396 0.169768 -11.646600 -0.094942 -0.173518 -0.980244 18.692900 0.994406 0.029264 -0.101493 -0.430500 0.000000 0.000000 0.000000 1.000000
0.046439 -0.989259 0.138601 -11.646600 -0.095238 -0.142504 -0.985202 18.692900 0.994371 0.032551 -0.100833 -0.430500 0.000000 0.000000 0.000000 1.000000
0.047771 -0.991782 0.118688 -11.646600 -0.095437 -0.122812 -0.987830 18.692900 0.994289 0.035862 -0.100519 -0.430500 0.000000 0.000000 0.000000 1.000000
0.051606 -0.992248 0.113048 -11.646600 -0.095635 -0.117589 -0.988447 18.692900 0.994078 0.040198 -0.100962 -0.430500 0.000000 0.000000 0.000000 1.000000
0.056902 -0.990721 0.123428 -11.646600 -0.095674 -0.128470 -0.987088 18.692900 0.993785 0.044359 -0.102096 -0.430500 0.000000 0.000000 0.000000 1.000000
0.061426 -0.987109 0.147795 -11.646600 -0.095321 -0.153199 -0.983587 18.692900 0.993550 0.046330 -0.103503 -0.430500 0.000000 0.000000 0.000000 1.000000
0.064267 -0.980675 0.184786 -11.646600 -0.094652 -0.190324 -0.977148 18.692900 0.993434 0.045308 -0.105055 -0.430500 0.000000 0.000000 0.000000 1.000000
0.068266 -0.971155 0.228467 -11.646600 -0.093972 -0.234243 -0.967626 18.692900 0.993232 0.044586 -0.107252 -0.430500 0.000000 0.000000 0.000000 1.000000
0.077504 -0.958736 0.273530 -11.646600 -0.093013 -0.280112 -0.955451 18.692900 0.992644 0.048610 -0.110885 -0.430500 0.000000 0.000000 0.000000 1.000000
0.095287 -0.945333 0.311875 -11.646600 -0.090872 -0.320253 -0.942964 18.692900 0.991293 0.061511 -0.116420 -0.430500 0.000000 0.000000 0.000000 1.000000
0.119032 -0.933988 0.336893 -11.646600 -0.087402 -0.347845 -0.933469 18.692900 0.989036 0.081668 -0.123037 -0.430500 0.000000 0.000000 0.000000 1.000000
0.144088 -0.928577 0.342027 -11.646600 -0.083881 -0.355851 -0.930771 18.692900 0.986003 0.105424 -0.129164 -0.430500 0.000000 0.000000 0.000000 1.000000
0.164523 -0.929953 0.328816 -11.646600 -0.082137 -0.345118 -0.934958 18.692900 0.982947 0.126814 -0.133164 -0.430500 0.000000 0.000000 0.000000 1.000000
0.177517 -0.936077 0.303723 -11.646600 -0.082602 -0.321708 -0.943229 18.692900 0.980645 0.142351 -0.134430 -0.430500 0.000000 0.000000 0.000000 1.000000
0.181712 -0.943749 0.276259 -11.646600 -0.084379 -0.294865 -0.951806 18.692900 0.979725 0.149644 -0.133213 -0.430500 0.000000 0.000000 0.000000 1.000000
0.180031 -0.950030 0.255013 -11.646600 -0.086069 -0.273469 -0.958022 18.692900 0.979888 0.150525 -0.131001 -0.430500 0.000000 0.000000 0.000000 1.000000
0.174520 -0.953791 0.244593 -11.646600 -0.087095 -0.262384 -0.961025 18.692900 0.980794 0.146415 -0.128862 -0.430500 0.000000 0.000000 0.000000 1.000000
0.167829 -0.955044 0.244386 -11.646600 -0.087525 -0.261359 -0.961265 18.692900 0.981923 0.139938 -0.127453 -0.430500 0.000000 0.000000 0.000000 1.000000
0.161886 -0.954549 0.250257 -11.646600 -0.087629 -0.266506 -0.959841 18.692900 0.982911 0.133456 -0.126790 -0.430500 0.000000 0.000000 0.000000 1.000000
0.158534 -0.953059 0.257966 -11.646600 -0.087504 -0.273804 -0.957797 18.692900 0.983468 0.129270 -0.126804 -0.430500 0.000000 0.000000 0.000000 1.000000
0.158107 -0.951502 0.263905 -11.646600 -0.087221 -0.279680 -0.956123 18.692900 0.983562 0.128152 -0.127211 -0.430500 0.000000 0.000000 0.000000 1.000000
0.160168 -0.950326 0.266883 -11.646600 -0.086842 -0.282891 -0.955213 18.692900 0.983262 0.129818 -0.127839 -0.430500 0.000000 0.000000 0.000000 1.000000
0.163127 -0.949664 0.267446 -11.646600 -0.086507 -0.283800 -0.954973 18.692900 0.982805 0.132646 -0.128448 -0.430500 0.000000 0.000000 0.000000 1.000000
0.165401 -0.949351 0.267161 -11.646600 -0.086296 -0.283785 -0.954997 18.692900 0.982444 0.134902 -0.128863 -0.430500 0.000000 0.000000 0.000000 1.000000
0.166249 -0.949198 0.267177 -11.646600 -0.086199 -0.283900 -0.954971 18.692900 0.982309 0.135732 -0.129018 -0.430500 0.000000 0.000000 0.000000 1.000000
0.166671 -0.948811 0.268286 -11.646600 -0.086066 -0.285053 -0.954640 18.692900 0.982249 0.136021 -0.129171 -0.430500 0.000000 0.000000 0.000000 1.000000
0.168357 -0.947651 0.271317 -11.646600 -0.085700 -0.288275 -0.953705 18.692900 0.981994 0.137311 -0.129747 -0.430500 0.000000 0.000000 0.000000 1.000000
0.173301 -0.944875 0.277811 -11.646600 -0.084813 -0.295349 -0.951618 18.692900 0.981210 0.141354 -0.131322 -0.430500 0.000000 0.000000 0.000000 1.000000
0.181279 -0.940427 0.287636 -11.646600 -0.083333 -0.306119 -0.948339 18.692900 0.979895 0.147944 -0.133862 -0.430500 0.000000 0.000000 0.000000 1.000000
0.190932 -0.934835 0.299379 -11.646600 -0.081350 -0.319010 -0.944254 18.692900 0.978227 0.155933 -0.136958 -0.430500 0.000000 0.000000 0.000000 1.000000
0.199424 -0.929765 0.309463 -11.646600 -0.079424 -0.330104 -0.940597 18.692900 0.976689 0.162999 -0.139676 -0.430500 0.000000 0.000000 0.000000 1.000000
0.204912 -0.926617 0.315264 -11.646600 -0.078141 -0.336558 -0.938415 18.692900 0.975656 0.167658 -0.141371 -0.430500 0.000000 0.000000 0.000000 1.000000</float_array>
        <technique_common>
          <accessor source="#mixamorig_RightShoulder-Matrix-animation-output-transform-array" count="63" stride="16">
            <param type="float4x4"/>
          </accessor>
        </technique_common>
      </source>
      <source id="mixamorig_RightShoulder-Interpolations">
        <Name_array id="mixamorig_RightShoulder-Interpolations-array" count="63">
 LINEAR LINEAR LINEAR LINEAR LINEAR LINEAR LINEAR LINEAR LINEAR LINEAR LINEAR
LINEAR LINEAR LINEAR LINEAR LINEAR LINEAR LINEAR LINEAR LINEAR LINEAR LINEAR LINEAR
LINEAR LINEAR LINEAR LINEAR LINEAR LINEAR LINEAR LINEAR LINEAR LINEAR LINEAR LINEAR
LINEAR LINEAR LINEAR LINEAR LINEAR LINEAR LINEAR LINEAR LINEAR LINEAR LINEAR LINEAR
LINEAR LINEAR LINEAR LINEAR LINEAR LINEAR LINEAR LINEAR LINEAR LINEAR LINEAR LINEAR
LINEAR LINEAR LINEAR LINEAR</Name_array>
        <technique_common>
          <accessor source="#mixamorig_RightShoulder-Interpolations-array" count="63">
            <param type="name"/>
          </accessor>
        </technique_common>
      </source>
      <sampler id="mixamorig_RightShoulder-Matrix-animation-transform">
        <input semantic="INPUT" source="#mixamorig_RightShoulder-Matrix-animation-input"/>
        <input semantic="OUTPUT" source="#mixamorig_RightShoulder-Matrix-animation-output-transform"/>
        <input semantic="INTERPOLATION" source="#mixamorig_RightShoulder-Interpolations"/>
      </sampler>
      <channel source="#mixamorig_RightShoulder-Matrix-animation-transform" target="mixamorig_RightShoulder/matrix"/>
    </animation>
    <animation id="mixamorig_RightArm-anim" name="mixamorig_RightArm">
      <source id="mixamorig_RightArm-Matrix-animation-input">
        <float_array id="mixamorig_RightArm-Matrix-animation-input-array" count="63">

0.000000 0.033333 0.066667 0.100000 0.133333 0.166667 0.200000 0.233333 0.266667 0.300000 0.333333 0.366667 0.400000 0.433333 0.466667 0.500000
0.533333 0.566667 0.600000 0.633333 0.666667 0.700000 0.733333 0.766667 0.800000 0.833333 0.866667 0.900000 0.933333 0.966667 1.000000 1.033333
1.066667 1.100000 1.133333 1.166667 1.200000 1.233333 1.266667 1.300000 1.333333 1.366667 1.400000 1.433333 1.466667 1.500000 1.533333 1.566667
1.600000 1.633333 1.666667 1.700000 1.733333 1.766667 1.800000 1.833333 1.866667 1.900000 1.933333 1.966667 2.000000 2.033333 2.066667</float_array>
        <technique_common>
          <accessor source="#mixamorig_RightArm-Matrix-animation-input-array" count="63">
            <param name="TIME" type="float"/>
          </accessor>
        </technique_common>
      </source>
      <source id="mixamorig_RightArm-Matrix-animation-output-transform">
        <float_array id="mixamorig_RightArm-Matrix-animation-output-transform-array" count="1008">

0.659495 0.710822 -0.244536 -0.000000 -0.581459 0.276213 -0.765253 24.455700 -0.476415 0.646868 0.595475 0.000000 0.000000 0.000000 0.000000 1.000000
0.662969 0.703222 -0.256811 -0.000000 -0.588592 0.277623 -0.759266 24.455700 -0.462636 0.654526 0.597966 0.000000 0.000000 0.000000 0.000000 1.000000
0.669584 0.691956 -0.269917 -0.000000 -0.597929 0.286599 -0.748560 24.455700 -0.440612 0.662615 0.605642 -0.000000 0.000000 0.000000 0.000000 1.000000
0.681255 0.674469 -0.284576 -0.000000 -0.607604 0.304152 -0.733695 24.455700 -0.408300 0.672743 0.617015 0.000000 0.000000 0.000000 0.000000 1.000000
0.702860 0.645136 -0.299647 0.000000 -0.612811 0.335279 -0.715577 24.455700 -0.361179 0.686577 0.631000 0.000000 0.000000 0.000000 0.000000 1.000000
0.737235 0.599341 -0.311889 -0.000000 -0.607033 0.384902 -0.695242 24.455700 -0.296640 0.701883 0.647583 0.000000 0.000000 0.000000 0.000000 1.000000
0.786160 0.531325 -0.315668 -0.000000 -0.580058 0.458097 -0.673558 24.455700 -0.213271 0.712630 0.668337 0.000000 0.000000 0.000000 0.000000 1.000000
0.839436 0.446251 -0.310172 0.000000 -0.529642 0.543890 -0.650895 24.455700 -0.121763 0.710665 0.692914 -0.000000 0.000000 0.000000 0.000000 1.000000
0.884857 0.357490 -0.298713 0.000000 -0.464424 0.626536 -0.625910 24.455700 -0.036602 0.692570 0.720421 0.000000 0.000000 0.000000 0.000000 1.000000
0.910432 0.296877 -0.288057 -0.000000 -0.413149 0.687127 -0.597632 24.455700 0.020509 0.663114 0.748238 0.000000 0.000000 0.000000 0.000000 1.000000
0.913965 0.291761 -0.282035 0.000000 -0.404241 0.715359 -0.569958 24.455700 0.035465 0.634931 0.771754 0.000000 0.000000 0.000000 0.000000 1.000000
0.887808 0.365562 -0.279573 0.000000 -0.460142 0.694321 -0.553343 24.455700 -0.008168 0.619906 0.784634 0.000000 0.000000 0.000000 0.000000 1.000000
0.821849 0.498621 -0.275576 0.000000 -0.559318 0.614239 -0.556663 24.455700 -0.108295 0.611628 0.783699 0.000000 0.000000 0.000000 0.000000 1.000000
0.714576 0.647205 -0.265531 -0.000000 -0.655266 0.486328 -0.578023 24.455700 -0.244964 0.587035 0.771610 0.000000 0.000000 0.000000 0.000000 1.000000
0.598446 0.763522 -0.242688 0.000000 -0.708708 0.363245 -0.604803 24.455700 -0.373625 0.533936 0.758496 -0.000000 0.000000 0.000000 0.000000 1.000000
0.517431 0.829824 -0.208943 -0.000000 -0.725599 0.296033 -0.621185 24.455700 -0.453620 0.473029 0.755296 -0.000000 0.000000 0.000000 0.000000 1.000000
0.505615 0.846573 -0.166336 -0.000000 -0.721401 0.309095 -0.619710 24.455700 -0.473216 0.433329 0.767002 0.000000 0.000000 0.000000 0.000000 1.000000
0.560702 0.819798 -0.116382 0.000000 -0.692063 0.386819 -0.609442 24.455700 -0.454600 0.422259 0.784242 -0.000000 0.000000 0.000000 0.000000 1.000000
0.653057 0.755327 -0.054750 0.000000 -0.623674 0.495400 -0.604657 24.455700 -0.429590 0.429022 0.794602 0.000000 0.000000 0.000000 0.000000 1.000000
0.751860 0.658527 0.032375 -0.000000 -0.505123 0.606882 -0.613632 24.455700 -0.423741 0.445012 0.788928 0.000000 0.000000 0.000000 0.000000 1.000000
0.828507 0.540057 0.148039 -0.000000 -0.349825 0.705595 -0.616245 24.455700 -0.437263 0.458775 0.773516 0.000000 0.000000 0.000000 0.000000 1.000000
0.870150 0.403151 0.283388 -0.000000 -0.175822 0.791211 -0.585723 24.455700 -0.460355 0.459841 0.759355 0.000000 0.000000 0.000000 0.000000 1.000000
0.875579 0.251114 0.412677 -0.000000 -0.009048 0.862648 -0.505723 24.455700 -0.482990 0.439067 0.757589 0.000000 0.000000 0.000000 0.000000 1.000000
0.852537 0.095139 0.513935 0.000000 0.134350 0.910364 -0.391391 24.455700 -0.505105 0.402722 0.763337 0.000000 0.000000 0.000000 0.000000 1.000000
0.812664 -0.041190 0.581276 0.000000 0.246204 0.928366 -0.278425 24.455700 -0.528168 0.369378 0.764590 0.000000 0.000000 0.000000 0.000000 1.000000
0.767274 -0.136073 0.626717 -0.000000 0.333460 0.919391 -0.208628 24.455700 -0.547809 0.369060 0.750800 -0.000000 0.000000 0.000000 0.000000 1.000000
0.726923 -0.180998 0.662437 0.000000 0.408244 0.889574 -0.204927 24.455700 -0.552195 0.419402 0.720543 0.000000 0.000000 0.000000 0.000000 1.000000
0.700983 -0.187185 0.688174 -0.000000 0.484553 0.833023 -0.266987 24.455700 -0.523289 0.520610 0.674636 0.000000 0.000000 0.000000 0.000000 1.000000
0.693712 -0.187778 0.695344 -0.000000 0.561979 0.744949 -0.359486 24.455700 -0.450492 0.640149 0.622307 0.000000 0.000000 0.000000 0.000000 1.000000
0.710017 -0.211009 0.671826 0.000000 0.625312 0.627651 -0.463724 24.455700 -0.323822 0.749353 0.577590 0.000000 0.000000 0.000000 0.000000 1.000000
0.737983 -0.273459 0.616928 -0.000000 0.657757 0.495769 -0.567070 24.455700 -0.150783 0.824278 0.545739 0.000000 0.000000 0.000000 0.000000 1.000000
0.751615 -0.374534 0.542954 0.000000 0.657758 0.364085 -0.659391 24.455700 0.049284 0.852740 0.520005 0.000000 0.000000 0.000000 0.000000 1.000000
0.727396 -0.500786 0.469157 -0.000000 0.641435 0.253259 -0.724169 24.455700 0.243835 0.827691 0.505442 0.000000 0.000000 0.000000 0.000000 1.000000
0.670699 -0.617011 0.411655 0.000000 0.631223 0.183352 -0.753618 24.455700 0.389513 0.765297 0.512446 0.000000 0.000000 0.000000 0.000000 1.000000
0.612566 -0.693717 0.378839 0.000000 0.653431 0.174770 -0.736535 24.455700 0.444738 0.698721 0.560354 0.000000 0.000000 0.000000 0.000000 1.000000
0.593779 -0.709729 0.379093 0.000000 0.707305 0.235788 -0.666426 24.455700 0.383596 0.663844 0.642001 0.000000 0.000000 0.000000 0.000000 1.000000
0.623233 -0.663636 0.413724 0.000000 0.748776 0.353741 -0.560537 24.455700 0.225641 0.659132 0.717378 0.000000 0.000000 0.000000 0.000000 1.000000
0.687312 -0.550384 0.474003 0.000000 0.726227 0.508105 -0.463059 24.455700 0.014017 0.662500 0.748931 -0.000000 0.000000 0.000000 0.000000 1.000000
0.750961 -0.397447 0.527346 0.000000 0.635439 0.652201 -0.413341 24.455700 -0.179654 0.645499 0.742331 0.000000 0.000000 0.000000 0.000000 1.000000
0.805715 -0.232459 0.544781 0.000000 0.500362 0.759319 -0.416019 24.455700 -0.316955 0.607780 0.728109 0.000000 0.000000 0.000000 0.000000 1.000000
0.858183 -0.073191 0.508099 -0.000000 0.338055 0.825438 -0.452073 24.455700 -0.386316 0.559727 0.733120 0.000000 0.000000 0.000000 0.000000 1.000000
0.900406 0.083057 0.427049 0.000000 0.155901 0.854815 -0.494960 24.455700 -0.406157 0.512242 0.756732 0.000000 0.000000 0.000000 0.000000 1.000000
0.918499 0.236015 0.317264 0.000000 -0.033281 0.845635 -0.532723 24.455700 -0.394020 0.478746 0.784570 -0.000000 0.000000 0.000000 0.000000 1.000000
0.903203 0.377464 0.204316 0.000000 -0.206397 0.799334 -0.564327 24.455700 -0.376330 0.467532 0.799868 0.000000 0.000000 0.000000 0.000000 1.000000
0.862312 0.495907 0.102441 -0.000000 -0.346861 0.725847 -0.593997 24.455700 -0.368924 0.476678 0.797918 0.000000 0.000000 0.000000 0.000000 1.000000
0.815465 0.578487 0.019217 0.000000 -0.442758 0.644832 -0.623023 24.455700 -0.372802 0.499545 0.781968 0.000000 0.000000 0.000000 0.000000 1.000000
0.779467 0.624379 -0.050810 0.000000 -0.503335 0.575938 -0.644165 24.455700 -0.372940 0.527680 0.763197 0.000000 0.000000 0.000000 0.000000 1.000000
0.765384 0.633927 -0.111011 -0.000000 -0.537299 0.534469 -0.652420 24.455700 -0.354255 0.558999 0.749683 0.000000 0.000000 0.000000 0.000000 1.000000
0.770103 0.616114 -0.165363 0.000000 -0.556328 0.521803 -0.646699 24.455700 -0.312153 0.590021 0.744604 0.000000 0.000000 0.000000 0.000000 1.000000
0.782080 0.585089 -0.214529 0.000000 -0.567917 0.527439 -0.631885 24.455700 -0.256558 0.616019 0.744781 0.000000 0.000000 0.000000 0.000000 1.000000
0.790874 0.556851 -0.253841 0.000000 -0.576325 0.538194 -0.614977 24.455700 -0.205835 0.632664 0.746571 0.000000 0.000000 0.000000 0.000000 1.000000
0.791810 0.543371 -0.278900 -0.000000 -0.584529 0.541770 -0.603996 24.455700 -0.177094 0.641275 0.746595 0.000000 0.000000 0.000000 0.000000 1.000000
0.785261 0.549319 -0.285683 0.000000 -0.592515 0.532778 -0.604214 24.455700 -0.179701 0.643736 0.743849 -0.000000 0.000000 0.000000 0.000000 1.000000
0.772949 0.572087 -0.274347 0.000000 -0.597519 0.510957 -0.617976 24.455700 -0.213357 0.641591 0.736776 0.000000 0.000000 0.000000 0.000000 1.000000
0.756586 0.603248 -0.252327 0.000000 -0.597477 0.480963 -0.641636 24.455700 -0.265705 0.636212 0.724317 0.000000 0.000000 0.000000 0.000000 1.000000
0.737280 0.636127 -0.227510 -0.000000 -0.592227 0.446509 -0.670744 24.455700 -0.325093 0.629264 0.705933 0.000000 0.000000 0.000000 0.000000 1.000000
0.717122 0.665072 -0.208366 -0.000000 -0.584868 0.411680 -0.698891 24.455700 -0.379033 0.623057 0.684204 0.000000 0.000000 0.000000 0.000000 1.000000
0.698372 0.687582 -0.198763 -0.000000 -0.578417 0.378622 -0.722551 24.455700 -0.421557 0.619578 0.662128 -0.000000 0.000000 0.000000 0.000000 1.000000
0.683214 0.702336 -0.199854 -0.000000 -0.575083 0.348859 -0.739984 24.455700 -0.449997 0.620501 0.642247 -0.000000 0.000000 0.000000 0.000000 1.000000
0.671615 0.711170 -0.207774 0.000000 -0.574173 0.322359 -0.752603 24.455700 -0.468251 0.624758 0.624835 0.000000 0.000000 0.000000 0.000000 1.000000
0.663808 0.714960 -0.219524 0.000000 -0.575049 0.300235 -0.761037 24.455700 -0.478203 0.631419 0.610436 -0.000000 0.000000 0.000000 0.000000 1.000000
0.659819 0.714665 -0.232149 0.000000 -0.577315 0.284380 -0.765399 24.455700 -0.480985 0.639048 0.600226 0.000000 0.000000 0.000000 0.000000 1.000000
0.659495 0.710822 -0.244535 0.000000 -0.581459 0.276213 -0.765253 24.455700 -0.476415 0.646868 0.595475 0.000000 0.000000 0.000000 0.000000 1.000000</float_array>
        <technique_common>
          <accessor source="#mixamorig_RightArm-Matrix-animation-output-transform-array" count="63" stride="16">
            <param type="float4x4"/>
          </accessor>
        </technique_common>
      </source>
      <source id="mixamorig_RightArm-Interpolations">
        <Name_array id="mixamorig_RightArm-Interpolations-array" count="63">
 LINEAR LINEAR LINEAR LINEAR LINEAR LINEAR LINEAR LINEAR LINEAR LINEAR LINEAR
LINEAR LINEAR LINEAR LINEAR LINEAR LINEAR LINEAR LINEAR LINEAR LINEAR LINEAR LINEAR
LINEAR LINEAR LINEAR LINEAR LINEAR LINEAR LINEAR LINEAR LINEAR LINEAR LINEAR LINEAR
LINEAR LINEAR LINEAR LINEAR LINEAR LINEAR LINEAR LINEAR LINEAR LINEAR LINEAR LINEAR
LINEAR LINEAR LINEAR LINEAR LINEAR LINEAR LINEAR LINEAR LINEAR LINEAR LINEAR LINEAR
LINEAR LINEAR LINEAR LINEAR</Name_array>
        <technique_common>
          <accessor source="#mixamorig_RightArm-Interpolations-array" count="63">
            <param type="name"/>
          </accessor>
        </technique_common>
      </source>
      <sampler id="mixamorig_RightArm-Matrix-animation-transform">
        <input semantic="INPUT" source="#mixamorig_RightArm-Matrix-animation-input"/>
        <input semantic="OUTPUT" source="#mixamorig_RightArm-Matrix-animation-output-transform"/>
        <input semantic="INTERPOLATION" source="#mixamorig_RightArm-Interpolations"/>
      </sampler>
      <channel source="#mixamorig_RightArm-Matrix-animation-transform" target="mixamorig_RightArm/matrix"/>
    </animation>
    <animation id="mixamorig_RightForeArm-anim" name="mixamorig_RightForeArm">
      <source id="mixamorig_RightForeArm-Matrix-animation-input">
        <float_array id="mixamorig_RightForeArm-Matrix-animation-input-array" count="63">

0.000000 0.033333 0.066667 0.100000 0.133333 0.166667 0.200000 0.233333 0.266667 0.300000 0.333333 0.366667 0.400000 0.433333 0.466667 0.500000
0.533333 0.566667 0.600000 0.633333 0.666667 0.700000 0.733333 0.766667 0.800000 0.833333 0.866667 0.900000 0.933333 0.966667 1.000000 1.033333
1.066667 1.100000 1.133333 1.166667 1.200000 1.233333 1.266667 1.300000 1.333333 1.366667 1.400000 1.433333 1.466667 1.500000 1.533333 1.566667
1.600000 1.633333 1.666667 1.700000 1.733333 1.766667 1.800000 1.833333 1.866667 1.900000 1.933333 1.966667 2.000000 2.033333 2.066667</float_array>
        <technique_common>
          <accessor source="#mixamorig_RightForeArm-Matrix-animation-input-array" count="63">
            <param name="TIME" type="float"/>
          </accessor>
        </technique_common>
      </source>
      <source id="mixamorig_RightForeArm-Matrix-animation-output-transform">
        <float_array id="mixamorig_RightForeArm-Matrix-animation-output-transform-array" count="1008">

-0.346342 0.855749 -0.384369 0.000000 -0.937230 -0.297911 0.181245 22.759399 0.040592 0.423015 0.905213 0.000000 0.000000 0.000000 0.000000 1.000000
-0.336060 0.860006 -0.383996 0.000000 -0.940866 -0.287997 0.178410 22.759399 0.042844 0.421245 0.905934 0.000000 0.000000 0.000000 0.000000 1.000000
-0.321717 0.865728 -0.383423 0.000000 -0.945721 -0.274166 0.174484 22.759399 0.045934 0.418746 0.906941 0.000000 0.000000 0.000000 0.000000 1.000000
-0.306741 0.871437 -0.382762 0.000000 -0.950526 -0.259725 0.170421 22.759399 0.049098 0.416101 0.907992 0.000000 0.000000 0.000000 0.000000 1.000000
-0.288841 0.877913 -0.381890 0.000000 -0.955920 -0.242465 0.165612 22.759399 0.052798 0.412891 0.909249 0.000000 0.000000 0.000000 0.000000 1.000000
-0.257553 0.888341 -0.380154 0.000000 -0.964458 -0.212296 0.157326 22.759399 0.059053 0.407162 0.911445 -0.000000 0.000000 0.000000 0.000000 1.000000
-0.194387 0.906059 -0.375861 0.000000 -0.978360 -0.151390 0.141044 22.759399 0.070893 0.395144 0.915879 0.000000 0.000000 0.000000 0.000000 1.000000
-0.098742 0.924789 -0.367444 -0.000000 -0.991311 -0.059167 0.117479 22.759399 0.086903 0.375852 0.922596 -0.000000 0.000000 0.000000 0.000000 1.000000
0.010177 0.934747 -0.355168 0.000000 -0.994687 0.045852 0.092173 22.759399 0.102443 0.352343 0.930247 0.000000 0.000000 0.000000 0.000000 1.000000
0.086951 0.934631 -0.344826 0.000000 -0.989930 0.119875 0.075293 22.759399 0.111707 0.334807 0.935642 0.000000 0.000000 0.000000 0.000000 1.000000
0.099868 0.934030 -0.342949 -0.000000 -0.988548 0.132329 0.072532 22.759399 0.113129 0.331778 0.936550 0.000000 0.000000 0.000000 0.000000 1.000000
0.032242 0.935317 -0.352338 0.000000 -0.993923 0.067126 0.087240 22.759399 0.105248 0.347385 0.931798 -0.000000 0.000000 0.000000 0.000000 1.000000
-0.081910 0.927109 -0.365732 0.000000 -0.992614 -0.042937 0.113464 22.759399 0.089490 0.372324 0.923778 0.000000 0.000000 0.000000 0.000000 1.000000
-0.188022 0.907603 -0.375372 0.000000 -0.979520 -0.145252 0.139436 22.759399 0.072029 0.393901 0.916326 0.000000 0.000000 0.000000 0.000000 1.000000
-0.213245 0.901226 -0.377251 -0.000000 -0.974667 -0.169572 0.145843 22.759399 0.067467 0.398794 0.914555 0.000000 0.000000 0.000000 0.000000 1.000000
-0.127528 0.920151 -0.370214 0.000000 -0.988413 -0.086923 0.124437 22.759399 0.082321 0.381793 0.920574 0.000000 0.000000 0.000000 0.000000 1.000000
0.082307 0.934805 -0.345492 0.000000 -0.990385 0.115397 0.076292 22.759399 0.111187 0.335891 0.935315 -0.000000 0.000000 0.000000 0.000000 1.000000
0.362188 0.883909 -0.295846 0.000000 -0.922565 0.385239 0.021544 22.759399 0.133014 0.265135 0.954993 -0.000000 0.000000 0.000000 0.000000 1.000000
0.623979 0.747332 -0.228354 0.000000 -0.770148 0.637619 -0.017707 22.759399 0.132370 0.186915 0.973417 0.000000 0.000000 0.000000 0.000000 1.000000
0.805963 0.569424 -0.161803 0.000000 -0.581219 0.813043 -0.033840 22.759399 0.112283 0.121317 0.986243 0.000000 0.000000 0.000000 0.000000 1.000000
0.912524 0.394994 -0.106207 0.000000 -0.400328 0.915747 -0.033843 22.759399 0.083891 0.073400 0.993768 0.000000 0.000000 0.000000 0.000000 1.000000
0.967725 0.243993 -0.063056 0.000000 -0.245972 0.968936 -0.025694 22.759399 0.054828 0.040374 0.997679 0.000000 0.000000 0.000000 0.000000 1.000000
0.991811 0.123799 -0.031375 0.000000 -0.124308 0.992133 -0.014838 22.759399 0.029291 0.018617 0.999398 -0.000000 0.000000 0.000000 0.000000 1.000000
0.999168 0.039427 -0.010420 0.000000 -0.039482 0.999207 -0.005117 22.759399 0.010210 0.005524 0.999933 0.000000 0.000000 0.000000 0.000000 1.000000
1.000000 -0.000001 -0.000238 -0.000000 0.000001 1.000000 -0.000001 22.759399 0.000238 0.000001 1.000000 0.000000 0.000000 0.000000 0.000000 1.000000
0.999993 -0.000006 0.003666 -0.000000 0.000006 1.000000 -0.000045 22.759399 -0.003666 0.000045 0.999993 0.000000 0.000000 0.000000 0.000000 1.000000
0.999996 -0.000004 0.002908 -0.000000 0.000004 1.000000 -0.000032 22.759399 -0.002908 0.000032 0.999996 -0.000000 0.000000 0.000000 0.000000 1.000000
0.999565 0.028467 -0.007773 0.000000 -0.028497 0.999587 -0.003730 22.759399 0.007664 0.003950 0.999963 0.000000 0.000000 0.000000 0.000000 1.000000
0.990086 0.136155 -0.034531 -0.000000 -0.136770 0.990472 -0.016120 22.759399 0.032008 0.020683 0.999274 0.000000 0.000000 0.000000 0.000000 1.000000
0.945872 0.313873 -0.082529 -0.000000 -0.317181 0.947881 -0.030278 22.759399 0.068724 0.054815 0.996129 0.000000 0.000000 0.000000 0.000000 1.000000
0.841312 0.520600 -0.145499 -0.000000 -0.530253 0.847114 -0.035056 22.759399 0.105004 0.106644 0.988737 0.000000 0.000000 0.000000 0.000000 1.000000
0.676830 0.705169 -0.211276 0.000000 -0.724786 0.688567 -0.023670 22.759399 0.128786 0.169150 0.977140 -0.000000 0.000000 0.000000 0.000000 1.000000
0.484163 0.833105 -0.267436 0.000000 -0.864383 0.502832 0.001531 22.759399 0.135751 0.230426 0.963574 0.000000 0.000000 0.000000 0.000000 1.000000
0.300513 0.902497 -0.308531 0.000000 -0.944884 0.325778 0.032618 22.759399 0.129950 0.281723 0.950655 0.000000 0.000000 0.000000 0.000000 1.000000
0.157660 0.929273 -0.334059 0.000000 -0.980297 0.188049 0.060454 22.759399 0.118997 0.317946 0.940612 0.000000 0.000000 0.000000 0.000000 1.000000
0.069914 0.935166 -0.347242 0.000000 -0.991495 0.103448 0.078971 22.759399 0.109773 0.338767 0.934445 0.000000 0.000000 0.000000 0.000000 1.000000
0.027000 0.935226 -0.353021 0.000000 -0.994149 0.062072 0.088405 22.759399 0.104592 0.348569 0.931429 0.000000 0.000000 0.000000 0.000000 1.000000
0.015132 0.934917 -0.354543 0.000000 -0.994558 0.050629 0.091059 22.759399 0.103083 0.351235 0.930595 0.000000 0.000000 0.000000 0.000000 1.000000
0.011402 0.934791 -0.355014 -0.000000 -0.994657 0.047033 0.091897 22.759399 0.102602 0.352070 0.930333 0.000000 0.000000 0.000000 0.000000 1.000000
0.005084 0.934547 -0.355804 0.000000 -0.994794 0.040941 0.093320 22.759399 0.101779 0.353478 0.929890 0.000000 0.000000 0.000000 0.000000 1.000000
-0.006313 0.934004 -0.357207 0.000000 -0.994940 0.029952 0.095901 22.759399 0.100271 0.356005 0.929089 0.000000 0.000000 0.000000 0.000000 1.000000
-0.018943 0.933251 -0.358726 0.000000 -0.994950 0.017775 0.098782 22.759399 0.098564 0.358786 0.928201 0.000000 0.000000 0.000000 0.000000 1.000000
-0.030115 0.932451 -0.360038 0.000000 -0.994827 0.007002 0.101346 22.759399 0.097022 0.361227 0.927417 0.000000 0.000000 0.000000 0.000000 1.000000
-0.040980 0.931554 -0.361285 -0.000000 -0.994586 -0.003473 0.103859 22.759399 0.095495 0.363585 0.926653 0.000000 0.000000 0.000000 0.000000 1.000000
-0.055031 0.930219 -0.362857 -0.000000 -0.994099 -0.017021 0.107130 22.759399 0.093479 0.366611 0.925666 0.000000 0.000000 0.000000 0.000000 1.000000
-0.077619 0.927654 -0.365285 -0.000000 -0.992900 -0.038800 0.112446 22.759399 0.090138 0.371419 0.924079 -0.000000 0.000000 0.000000 0.000000 1.000000
-0.110127 0.923056 -0.368564 0.000000 -0.990266 -0.070145 0.120217 22.759399 0.085115 0.378215 0.921796 0.000000 0.000000 0.000000 0.000000 1.000000
-0.152767 0.915382 -0.372476 0.000000 -0.985168 -0.111259 0.130632 22.759399 0.078137 0.386908 0.918802 0.000000 0.000000 0.000000 0.000000 1.000000
-0.201206 0.904355 -0.376374 0.000000 -0.977069 -0.157964 0.142773 22.759399 0.069664 0.396470 0.915401 -0.000000 0.000000 0.000000 0.000000 1.000000
-0.249364 0.890886 -0.379657 0.000000 -0.966509 -0.204400 0.155181 22.759399 0.060647 0.405638 0.912020 0.000000 0.000000 0.000000 0.000000 1.000000
-0.290466 0.877341 -0.381972 0.000000 -0.955446 -0.244032 0.166047 22.759399 0.052466 0.413185 0.909135 0.000000 0.000000 0.000000 0.000000 1.000000
-0.321467 0.865826 -0.383412 0.000000 -0.945803 -0.273925 0.174417 22.759399 0.045988 0.418702 0.906959 0.000000 0.000000 0.000000 0.000000 1.000000
-0.341273 0.857865 -0.384189 0.000000 -0.939038 -0.293023 0.179845 22.759399 0.041706 0.422144 0.905569 0.000000 0.000000 0.000000 0.000000 1.000000
-0.350671 0.853918 -0.384518 0.000000 -0.935660 -0.302086 0.182443 22.759399 0.039634 0.423755 0.904909 0.000000 0.000000 0.000000 0.000000 1.000000
-0.352541 0.853120 -0.384580 -0.000000 -0.934974 -0.303888 0.182962 22.759399 0.039219 0.424074 0.904778 0.000000 0.000000 0.000000 0.000000 1.000000
-0.348349 0.854903 -0.384439 -0.000000 -0.936505 -0.299847 0.181799 22.759399 0.040148 0.423358 0.905072 0.000000 0.000000 0.000000 0.000000 1.000000
-0.341416 0.857805 -0.384194 0.000000 -0.938988 -0.293161 0.179884 22.759399 0.041675 0.422169 0.905559 0.000000 0.000000 0.000000 0.000000 1.000000
-0.335029 0.860426 -0.383956 -0.000000 -0.941223 -0.287002 0.178126 22.759399 0.043068 0.421066 0.906007 0.000000 0.000000 0.000000 0.000000 1.000000
-0.333265 0.861141 -0.383889 0.000000 -0.941831 -0.285302 0.177642 22.759399 0.043450 0.420760 0.906131 0.000000 0.000000 0.000000 0.000000 1.000000
-0.336791 0.859708 -0.384023 0.000000 -0.940611 -0.288701 0.178611 22.759399 0.042685 0.421371 0.905883 0.000000 0.000000 0.000000 0.000000 1.000000
-0.343616 0.856891 -0.384273 0.000000 -0.938206 -0.295282 0.180491 22.759399 0.041192 0.422547 0.905404 0.000000 0.000000 0.000000 0.000000 1.000000
-0.348135 0.854994 -0.384432 0.000000 -0.936582 -0.299640 0.181741 22.759399 0.040196 0.423322 0.905087 0.000000 0.000000 0.000000 0.000000 1.000000
-0.346343 0.855749 -0.384370 0.000000 -0.937229 -0.297912 0.181245 22.759399 0.040592 0.423015 0.905213 0.000000 0.000000 0.000000 0.000000 1.000000</float_array>
        <technique_common>
          <accessor source="#mixamorig_RightForeArm-Matrix-animation-output-transform-array" count="63" stride="16">
            <param type="float4x4"/>
          </accessor>
        </technique_common>
      </source>
      <source id="mixamorig_RightForeArm-Interpolations">
        <Name_array id="mixamorig_RightForeArm-Interpolations-array" count="63">
 LINEAR LINEAR LINEAR LINEAR LINEAR LINEAR LINEAR LINEAR LINEAR LINEAR LINEAR
LINEAR LINEAR LINEAR LINEAR LINEAR LINEAR LINEAR LINEAR LINEAR LINEAR LINEAR LINEAR
LINEAR LINEAR LINEAR LINEAR LINEAR LINEAR LINEAR LINEAR LINEAR LINEAR LINEAR LINEAR
LINEAR LINEAR LINEAR LINEAR LINEAR LINEAR LINEAR LINEAR LINEAR LINEAR LINEAR LINEAR
LINEAR LINEAR LINEAR LINEAR LINEAR LINEAR LINEAR LINEAR LINEAR LINEAR LINEAR LINEAR
LINEAR LINEAR LINEAR LINEAR</Name_array>
        <technique_common>
          <accessor source="#mixamorig_RightForeArm-Interpolations-array" count="63">
            <param type="name"/>
          </accessor>
        </technique_common>
      </source>
      <sampler id="mixamorig_RightForeArm-Matrix-animation-transform">
        <input semantic="INPUT" source="#mixamorig_RightForeArm-Matrix-animation-input"/>
        <input semantic="OUTPUT" source="#mixamorig_RightForeArm-Matrix-animation-output-transform"/>
        <input semantic="INTERPOLATION" source="#mixamorig_RightForeArm-Interpolations"/>
      </sampler>
      <channel source="#mixamorig_RightForeArm-Matrix-animation-transform" target="mixamorig_RightForeArm/matrix"/>
    </animation>
    <animation id="mixamorig_RightHand-anim" name="mixamorig_RightHand">
      <source id="mixamorig_RightHand-Matrix-animation-input">
        <float_array id="mixamorig_RightHand-Matrix-animation-input-array" count="63">

0.000000 0.033333 0.066667 0.100000 0.133333 0.166667 0.200000 0.233333 0.266667 0.300000 0.333333 0.366667 0.400000 0.433333 0.466667 0.500000
0.533333 0.566667 0.600000 0.633333 0.666667 0.700000 0.733333 0.766667 0.800000 0.833333 0.866667 0.900000 0.933333 0.966667 1.000000 1.033333
1.066667 1.100000 1.133333 1.166667 1.200000 1.233333 1.266667 1.300000 1.333333 1.366667 1.400000 1.433333 1.466667 1.500000 1.533333 1.566667
1.600000 1.633333 1.666667 1.700000 1.733333 1.766667 1.800000 1.833333 1.866667 1.900000 1.933333 1.966667 2.000000 2.033333 2.066667</float_array>
        <technique_common>
          <accessor source="#mixamorig_RightHand-Matrix-animation-input-array" count="63">
            <param name="TIME" type="float"/>
          </accessor>
        </technique_common>
      </source>
      <source id="mixamorig_RightHand-Matrix-animation-output-transform">
        <float_array id="mixamorig_RightHand-Matrix-animation-output-transform-array" count="1008">

0.976026 0.001674 -0.217646 -0.000000 -0.003012 0.999979 -0.005815 32.238098 0.217632 0.006331 0.976010 -0.000000 0.000000 0.000000 0.000000 1.000000
0.972887 0.030346 -0.229283 -0.000000 -0.031644 0.999497 -0.001983 32.238098 0.229108 0.009184 0.973358 0.000000 0.000000 0.000000 0.000000 1.000000
0.964382 0.068266 -0.255553 -0.000000 -0.065511 0.997665 0.019290 32.238098 0.256273 -0.001861 0.966603 -0.000000 0.000000 0.000000 0.000000 1.000000
0.951493 0.116332 -0.284831 -0.000000 -0.103573 0.992840 0.059507 32.238098 0.289714 -0.027120 0.956729 0.000000 0.000000 0.000000 0.000000 1.000000
0.936718 0.170491 -0.305766 0.000000 -0.142578 0.983474 0.111581 32.238098 0.319737 -0.060924 0.945546 0.000000 0.000000 0.000000 0.000000 1.000000
0.922739 0.215620 -0.319470 0.000000 -0.174165 0.972687 0.153448 32.238098 0.343831 -0.085952 0.935089 0.000000 0.000000 0.000000 0.000000 1.000000
0.916387 0.217346 -0.336148 0.000000 -0.179606 0.973731 0.139961 32.238098 0.357737 -0.067884 0.931352 0.000000 0.000000 0.000000 0.000000 1.000000
0.921506 0.145309 -0.360155 0.000000 -0.142544 0.989191 0.034383 32.238098 0.361258 0.019654 0.932259 0.000000 0.000000 0.000000 0.000000 1.000000
0.927418 -0.013568 -0.373780 0.000000 -0.054260 0.983890 -0.170344 32.238098 0.370069 0.178262 0.911741 0.000000 0.000000 0.000000 0.000000 1.000000
0.911064 -0.225467 -0.345147 0.000000 0.072745 0.911981 -0.403731 32.238098 0.405796 0.342717 0.847275 0.000000 0.000000 0.000000 0.000000 1.000000
0.871359 -0.407654 -0.273043 0.000000 0.204906 0.807990 -0.552418 32.238098 0.445811 0.425406 0.787580 0.000000 0.000000 0.000000 0.000000 1.000000
0.844952 -0.492233 -0.209195 -0.000000 0.313947 0.773125 -0.551103 32.238098 0.433005 0.399980 0.807789 0.000000 0.000000 0.000000 0.000000 1.000000
0.857329 -0.470063 -0.209830 -0.000000 0.349381 0.830702 -0.433435 32.238098 0.378048 0.298286 0.876416 0.000000 0.000000 0.000000 0.000000 1.000000
0.881075 -0.371598 -0.292614 0.000000 0.296027 0.915755 -0.271590 32.238098 0.368885 0.152669 0.916851 -0.000000 0.000000 0.000000 0.000000 1.000000
0.857103 -0.257310 -0.446281 0.000000 0.206560 0.965289 -0.159843 32.238098 0.471919 0.044818 0.880502 -0.000000 0.000000 0.000000 0.000000 1.000000
0.782875 -0.174780 -0.597125 0.000000 0.116771 0.983953 -0.134911 32.238098 0.611123 0.035891 0.790722 -0.000000 0.000000 0.000000 0.000000 1.000000
0.704531 -0.132028 -0.697284 -0.000000 0.007724 0.983910 -0.178495 32.238098 0.709631 0.120370 0.694215 0.000000 0.000000 0.000000 0.000000 1.000000
0.665835 -0.091935 -0.740413 -0.000000 -0.100174 0.972378 -0.210821 32.238098 0.739344 0.214543 0.638234 0.000000 0.000000 0.000000 0.000000 1.000000
0.658419 -0.024005 -0.752269 0.000000 -0.167265 0.969831 -0.177345 32.238098 0.733830 0.242595 0.634539 0.000000 0.000000 0.000000 0.000000 1.000000
0.649956 0.077400 -0.756020 -0.000000 -0.167937 0.984835 -0.043551 32.238098 0.741184 0.155270 0.653098 -0.000000 0.000000 0.000000 0.000000 1.000000
0.622544 0.178910 -0.761859 0.000000 -0.109787 0.983856 0.141331 32.238098 0.774845 -0.004343 0.632136 -0.000000 0.000000 0.000000 0.000000 1.000000
0.587518 0.248885 -0.769986 0.000000 -0.003465 0.952292 0.305169 32.238098 0.809204 -0.176624 0.560351 -0.000000 0.000000 0.000000 0.000000 1.000000
0.569419 0.263823 -0.778562 -0.000000 0.113209 0.912910 0.392146 32.238098 0.814215 -0.311436 0.489962 -0.000000 0.000000 0.000000 0.000000 1.000000
0.574791 0.227756 -0.785966 0.000000 0.215315 0.884546 0.413786 32.238098 0.789465 -0.407071 0.459390 0.000000 0.000000 0.000000 0.000000 1.000000
0.592561 0.145991 -0.792185 0.000000 0.306108 0.868853 0.389091 32.238098 0.745096 -0.473055 0.470160 -0.000000 0.000000 0.000000 0.000000 1.000000
0.590200 0.039773 -0.806276 -0.000000 0.402580 0.851220 0.336682 32.238098 0.699709 -0.523300 0.486378 0.000000 0.000000 0.000000 0.000000 1.000000
0.541019 -0.074947 -0.837664 -0.000000 0.508447 0.822533 0.254795 32.238098 0.669911 -0.563757 0.483113 -0.000000 0.000000 0.000000 0.000000 1.000000
0.430288 -0.187977 -0.882902 0.000000 0.610917 0.780694 0.131518 32.238098 0.664554 -0.595971 0.450762 -0.000000 0.000000 0.000000 0.000000 1.000000
0.282143 -0.296375 -0.912446 0.000000 0.684933 0.728186 -0.024733 32.238098 0.671761 -0.617986 0.408450 0.000000 0.000000 0.000000 0.000000 1.000000
0.135733 -0.399897 -0.906454 0.000000 0.714011 0.673768 -0.190328 32.238098 0.686851 -0.621385 0.376983 0.000000 0.000000 0.000000 0.000000 1.000000
0.025739 -0.489450 -0.871651 0.000000 0.703940 0.627976 -0.331835 32.238098 0.709793 -0.605049 0.360707 0.000000 0.000000 0.000000 0.000000 1.000000
-0.047072 -0.552295 -0.832319 0.000000 0.672999 0.598200 -0.435005 32.238098 0.738144 -0.580626 0.343535 -0.000000 0.000000 0.000000 0.000000 1.000000
-0.099803 -0.572092 -0.814095 0.000000 0.639332 0.590061 -0.493034 32.238098 0.762427 -0.569683 0.306866 0.000000 0.000000 0.000000 0.000000 1.000000
-0.153293 -0.558823 -0.814996 0.000000 0.618287 0.589125 -0.520243 32.238098 0.770858 -0.583651 0.255204 0.000000 0.000000 0.000000 0.000000 1.000000
-0.208290 -0.528415 -0.823039 0.000000 0.620900 0.578749 -0.528708 32.238098 0.755710 -0.621150 0.207545 0.000000 0.000000 0.000000 0.000000 1.000000
-0.246288 -0.507375 -0.825780 0.000000 0.644882 0.550254 -0.530423 32.238098 0.723512 -0.663167 0.191676 0.000000 0.000000 0.000000 0.000000 1.000000
-0.250512 -0.507045 -0.824712 0.000000 0.678332 0.515865 -0.523210 32.238098 0.690731 -0.690499 0.214714 0.000000 0.000000 0.000000 0.000000 1.000000
-0.207424 -0.522693 -0.826902 0.000000 0.714350 0.496569 -0.493076 32.238098 0.668341 -0.692973 0.270385 0.000000 0.000000 0.000000 0.000000 1.000000
-0.127433 -0.532806 -0.836587 0.000000 0.747988 0.502293 -0.433838 32.238098 0.651364 -0.681043 0.334524 0.000000 0.000000 0.000000 0.000000 1.000000
-0.023231 -0.521847 -0.852723 0.000000 0.773899 0.530578 -0.345785 32.238098 0.632883 -0.667954 0.391531 0.000000 0.000000 0.000000 0.000000 1.000000
0.086697 -0.483538 -0.871019 0.000000 0.786830 0.569502 -0.237837 32.238098 0.611051 -0.664724 0.429836 -0.000000 0.000000 0.000000 0.000000 1.000000
0.186319 -0.428140 -0.884297 0.000000 0.786049 0.604923 -0.127260 32.238098 0.589417 -0.671390 0.449248 0.000000 0.000000 0.000000 0.000000 1.000000
0.266597 -0.369279 -0.890258 0.000000 0.775386 0.630800 -0.029459 32.238098 0.572453 -0.682440 0.454503 0.000000 0.000000 0.000000 0.000000 1.000000
0.332770 -0.319586 -0.887203 -0.000000 0.758918 0.649202 0.050799 32.238098 0.559739 -0.690219 0.458575 -0.000000 0.000000 0.000000 0.000000 1.000000
0.394536 -0.282446 -0.874395 0.000000 0.737883 0.664480 0.118301 32.238098 0.547604 -0.691875 0.470573 -0.000000 0.000000 0.000000 0.000000 1.000000
0.459670 -0.256562 -0.850223 0.000000 0.710895 0.680107 0.179115 32.238098 0.532289 -0.686753 0.495013 0.000000 0.000000 0.000000 0.000000 1.000000
0.525896 -0.235502 -0.817296 0.000000 0.676711 0.697966 0.234318 32.238098 0.515262 -0.676300 0.526424 0.000000 0.000000 0.000000 0.000000 1.000000
0.586000 -0.216612 -0.780822 -0.000000 0.635609 0.720558 0.277124 32.238098 0.502599 -0.658692 0.559927 0.000000 0.000000 0.000000 0.000000 1.000000
0.632781 -0.199185 -0.748274 -0.000000 0.590492 0.749249 0.299908 32.238098 0.500906 -0.631626 0.591728 0.000000 0.000000 0.000000 0.000000 1.000000
0.666983 -0.183276 -0.722180 0.000000 0.543769 0.782373 0.303656 32.238098 0.509361 -0.595232 0.621490 0.000000 0.000000 0.000000 0.000000 1.000000
0.694358 -0.169197 -0.699456 0.000000 0.495339 0.817440 0.293992 32.238098 0.522021 -0.550603 0.651406 0.000000 0.000000 0.000000 0.000000 1.000000
0.724562 -0.155564 -0.671424 -0.000000 0.443330 0.851101 0.281221 32.238098 0.527702 -0.501424 0.685642 0.000000 0.000000 0.000000 0.000000 1.000000
0.762487 -0.141403 -0.631363 0.000000 0.386331 0.882273 0.268967 32.238098 0.519002 -0.448998 0.727350 0.000000 0.000000 0.000000 0.000000 1.000000
0.806594 -0.125917 -0.577539 -0.000000 0.324887 0.910673 0.255191 32.238098 0.493817 -0.393470 0.775452 0.000000 0.000000 0.000000 0.000000 1.000000
0.849363 -0.108286 -0.516581 0.000000 0.262621 0.935678 0.235663 32.238098 0.457835 -0.335829 0.823169 0.000000 0.000000 0.000000 0.000000 1.000000
0.884502 -0.089052 -0.457959 0.000000 0.204446 0.956327 0.208904 32.238098 0.419355 -0.278404 0.864079 -0.000000 0.000000 0.000000 0.000000 1.000000
0.910115 -0.069531 -0.408480 -0.000000 0.153811 0.972075 0.177234 32.238098 0.384750 -0.224132 0.895395 -0.000000 0.000000 0.000000 0.000000 1.000000
0.928268 -0.052187 -0.368232 0.000000 0.112046 0.983347 0.143090 32.238098 0.354632 -0.174084 0.918657 -0.000000 0.000000 0.000000 0.000000 1.000000
0.942304 -0.040229 -0.332334 0.000000 0.080126 0.991000 0.107231 32.238098 0.325029 -0.127673 0.937046 0.000000 0.000000 0.000000 0.000000 1.000000
0.954753 -0.032791 -0.295586 0.000000 0.055945 0.995962 0.070216 32.238098 0.292090 -0.083575 0.952732 0.000000 0.000000 0.000000 0.000000 1.000000
0.965573 -0.026857 -0.258741 0.000000 0.037227 0.998685 0.035261 32.238098 0.257454 -0.043679 0.965303 -0.000000 0.000000 0.000000 0.000000 1.000000
0.973050 -0.016481 -0.230003 0.000000 0.018940 0.999785 0.008488 32.238098 0.229814 -0.012615 0.973153 -0.000000 0.000000 0.000000 0.000000 1.000000
0.976026 0.001674 -0.217646 0.000000 -0.003012 0.999979 -0.005815 32.238098 0.217632 0.006331 0.976010 -0.000000 0.000000 0.000000 0.000000 1.000000</float_array>
        <technique_common>
          <accessor source="#mixamorig_RightHand-Matrix-animation-output-transform-array" count="63" stride="16">
            <param type="float4x4"/>
          </accessor>
        </technique_common>
      </source>
      <source id="mixamorig_RightHand-Interpolations">
        <Name_array id="mixamorig_RightHand-Interpolations-array" count="63">
 LINEAR LINEAR LINEAR LINEAR LINEAR LINEAR LINEAR LINEAR LINEAR LINEAR LINEAR
LINEAR LINEAR LINEAR LINEAR LINEAR LINEAR LINEAR LINEAR LINEAR LINEAR LINEAR LINEAR
LINEAR LINEAR LINEAR LINEAR LINEAR LINEAR LINEAR LINEAR LINEAR LINEAR LINEAR LINEAR
LINEAR LINEAR LINEAR LINEAR LINEAR LINEAR LINEAR LINEAR LINEAR LINEAR LINEAR LINEAR
LINEAR LINEAR LINEAR LINEAR LINEAR LINEAR LINEAR LINEAR LINEAR LINEAR LINEAR LINEAR
LINEAR LINEAR LINEAR LINEAR</Name_array>
        <technique_common>
          <accessor source="#mixamorig_RightHand-Interpolations-array" count="63">
            <param type="name"/>
          </accessor>
        </technique_common>
      </source>
      <sampler id="mixamorig_RightHand-Matrix-animation-transform">
        <input semantic="INPUT" source="#mixamorig_RightHand-Matrix-animation-input"/>
        <input semantic="OUTPUT" source="#mixamorig_RightHand-Matrix-animation-output-transform"/>
        <input semantic="INTERPOLATION" source="#mixamorig_RightHand-Interpolations"/>
      </sampler>
      <channel source="#mixamorig_RightHand-Matrix-animation-transform" target="mixamorig_RightHand/matrix"/>
    </animation>
    <animation id="mixamorig_RightHandThumb1-anim" name="mixamorig_RightHandThumb1">
      <source id="mixamorig_RightHandThumb1-Matrix-animation-input">
        <float_array id="mixamorig_RightHandThumb1-Matrix-animation-input-array" count="63">

0.000000 0.033333 0.066667 0.100000 0.133333 0.166667 0.200000 0.233333 0.266667 0.300000 0.333333 0.366667 0.400000 0.433333 0.466667 0.500000
0.533333 0.566667 0.600000 0.633333 0.666667 0.700000 0.733333 0.766667 0.800000 0.833333 0.866667 0.900000 0.933333 0.966667 1.000000 1.033333
1.066667 1.100000 1.133333 1.166667 1.200000 1.233333 1.266667 1.300000 1.333333 1.366667 1.400000 1.433333 1.466667 1.500000 1.533333 1.566667
1.600000 1.633333 1.666667 1.700000 1.733333 1.766667 1.800000 1.833333 1.866667 1.900000 1.933333 1.966667 2.000000 2.033333 2.066667</float_array>
        <technique_common>
          <accessor source="#mixamorig_RightHandThumb1-Matrix-animation-input-array" count="63">
            <param name="TIME" type="float"/>
          </accessor>
        </technique_common>
      </source>
      <source id="mixamorig_RightHandThumb1-Matrix-animation-output-transform">
        <float_array id="mixamorig_RightHandThumb1-Matrix-animation-output-transform-array" count="1008">

0.655025 0.711260 -0.255052 4.694200 -0.755176 0.604826 -0.252773 3.849300 -0.025525 0.358182 0.933303 2.684900 0.000000 0.000000 0.000000 1.000000
0.669938 0.688371 -0.278080 4.694200 -0.742404 0.623352 -0.245496 3.849300 0.004349 0.370915 0.928657 2.684900 0.000000 0.000000 0.000000 1.000000
0.689240 0.654775 -0.310190 4.694200 -0.722983 0.649538 -0.235364 3.849300 0.047370 0.386485 0.921079 2.684900 0.000000 0.000000 0.000000 1.000000
0.709810 0.611057 -0.350399 4.694200 -0.697080 0.680860 -0.224744 3.849300 0.101241 0.403782 0.909236 2.684900 0.000000 0.000000 0.000000 1.000000
0.728158 0.557676 -0.398477 4.694200 -0.665745 0.713719 -0.217689 3.849300 0.163001 0.423796 0.890970 2.684900 0.000000 0.000000 0.000000 1.000000
0.741239 0.495509 -0.452810 4.694200 -0.630719 0.744983 -0.217239 3.849300 0.229692 0.446622 0.864737 2.684900 0.000000 0.000000 0.000000 1.000000
0.746548 0.427155 -0.510102 4.694200 -0.595329 0.771192 -0.225492 3.849300 0.297067 0.472020 0.830029 2.684900 0.000000 0.000000 0.000000 1.000000
0.743540 0.361196 -0.562749 4.694200 -0.565513 0.788764 -0.240930 3.849300 0.356853 0.497382 0.790738 2.684900 0.000000 0.000000 0.000000 1.000000
0.734455 0.308171 -0.604654 4.694200 -0.548439 0.794300 -0.261346 3.849300 0.399737 0.523562 0.752391 2.684900 0.000000 0.000000 0.000000 1.000000
0.723504 0.279701 -0.631117 4.694200 -0.551160 0.784525 -0.284154 3.849300 0.415648 0.553433 0.721767 2.684900 0.000000 0.000000 0.000000 1.000000
0.713976 0.274188 -0.644251 4.694200 -0.569214 0.763105 -0.306048 3.849300 0.407717 0.585228 0.700910 2.684900 0.000000 0.000000 0.000000 1.000000
0.707255 0.284904 -0.647008 4.694200 -0.592747 0.737745 -0.323083 3.849300 0.385280 0.612015 0.690650 2.684900 0.000000 0.000000 0.000000 1.000000
0.703345 0.297049 -0.645807 4.694200 -0.609455 0.719608 -0.332760 3.849300 0.365882 0.627635 0.687171 2.684900 0.000000 0.000000 0.000000 1.000000
0.701736 0.303527 -0.644545 4.694200 -0.616741 0.711706 -0.336311 3.849300 0.356647 0.633519 0.686627 2.684900 0.000000 0.000000 0.000000 1.000000
0.701368 0.304107 -0.644672 4.694200 -0.617758 0.710541 -0.336908 3.849300 0.355610 0.634548 0.686215 2.684900 0.000000 0.000000 0.000000 1.000000
0.701562 0.302755 -0.645097 4.694200 -0.616552 0.711800 -0.336458 3.849300 0.357316 0.633782 0.686036 2.684900 0.000000 0.000000 0.000000 1.000000
0.703402 0.299599 -0.644566 4.694200 -0.610771 0.718609 -0.332507 3.849300 0.363572 0.627568 0.688457 2.684900 0.000000 0.000000 0.000000 1.000000
0.708317 0.292010 -0.642664 4.694200 -0.595173 0.736573 -0.321294 3.849300 0.379549 0.610074 0.695523 2.684900 0.000000 0.000000 0.000000 1.000000
0.715553 0.279317 -0.640286 4.694200 -0.569710 0.763752 -0.303503 3.849300 0.404246 0.581950 0.705634 2.684900 0.000000 0.000000 0.000000 1.000000
0.722657 0.263885 -0.638852 4.694200 -0.540365 0.792019 -0.284097 3.849300 0.431014 0.550518 0.714953 2.684900 0.000000 0.000000 0.000000 1.000000
0.727204 0.250608 -0.639038 4.694200 -0.516869 0.812525 -0.269537 3.849300 0.451686 0.526308 0.720403 2.684900 0.000000 0.000000 0.000000 1.000000
0.728677 0.242391 -0.640528 4.694200 -0.504409 0.822584 -0.262539 3.849300 0.463251 0.514394 0.721663 2.684900 0.000000 0.000000 0.000000 1.000000
0.727917 0.239995 -0.642293 4.694200 -0.502815 0.823712 -0.262062 3.849300 0.466170 0.513713 0.720266 2.684900 0.000000 0.000000 0.000000 1.000000
0.726222 0.241918 -0.643488 4.694200 -0.507795 0.819737 -0.264905 3.849300 0.463406 0.519140 0.718156 2.684900 0.000000 0.000000 0.000000 1.000000
0.724310 0.247468 -0.643532 4.694200 -0.516796 0.812702 -0.269144 3.849300 0.456395 0.527518 0.716539 2.684900 0.000000 0.000000 0.000000 1.000000
0.722676 0.255557 -0.642207 4.694200 -0.527295 0.804562 -0.273202 3.849300 0.446877 0.536069 0.716192 2.684900 0.000000 0.000000 0.000000 1.000000
0.721703 0.265729 -0.639166 4.694200 -0.537758 0.796643 -0.276001 3.849300 0.435846 0.542907 0.717837 2.684900 0.000000 0.000000 0.000000 1.000000
0.722033 0.278187 -0.633467 4.694200 -0.546790 0.790429 -0.276121 3.849300 0.423897 0.545742 0.722825 2.684900 0.000000 0.000000 0.000000 1.000000
0.723763 0.293315 -0.624607 4.694200 -0.554439 0.786061 -0.273322 3.849300 0.410810 0.544127 0.731547 2.684900 0.000000 0.000000 0.000000 1.000000
0.726844 0.312489 -0.611596 4.694200 -0.561767 0.782799 -0.267662 3.849300 0.395115 0.538123 0.744519 2.684900 0.000000 0.000000 0.000000 1.000000
0.730528 0.336504 -0.594217 4.694200 -0.570545 0.778914 -0.260328 3.849300 0.375243 0.529205 0.761009 2.684900 0.000000 0.000000 0.000000 1.000000
0.733938 0.364977 -0.572823 4.694200 -0.581604 0.773299 -0.252478 3.849300 0.350815 0.518460 0.779826 2.684900 0.000000 0.000000 0.000000 1.000000
0.736312 0.397671 -0.547451 4.694200 -0.595400 0.765170 -0.244978 3.849300 0.321472 0.506333 0.800177 2.684900 0.000000 0.000000 0.000000 1.000000
0.737051 0.432716 -0.519146 4.694200 -0.611072 0.754819 -0.238410 3.849300 0.288698 0.492956 0.820761 2.684900 0.000000 0.000000 0.000000 1.000000
0.735723 0.469201 -0.488427 4.694200 -0.628201 0.742280 -0.233204 3.849300 0.253130 0.478404 0.840865 2.684900 0.000000 0.000000 0.000000 1.000000
0.732019 0.506049 -0.456138 4.694200 -0.646246 0.727720 -0.229760 3.849300 0.215671 0.462966 0.859737 2.684900 0.000000 0.000000 0.000000 1.000000
0.725863 0.542251 -0.423185 4.694200 -0.664583 0.711508 -0.228223 3.849300 0.177346 0.446901 0.876829 2.684900 0.000000 0.000000 0.000000 1.000000
0.717368 0.576848 -0.390678 4.694200 -0.682655 0.694005 -0.228780 3.849300 0.139161 0.430818 0.891645 2.684900 0.000000 0.000000 0.000000 1.000000
0.706980 0.609034 -0.359523 4.694200 -0.699806 0.675901 -0.231147 3.849300 0.102226 0.415013 0.904054 2.684900 0.000000 0.000000 0.000000 1.000000
0.695310 0.638157 -0.330605 4.694200 -0.715529 0.657876 -0.234983 3.849300 0.067541 0.399944 0.914048 2.684900 0.000000 0.000000 0.000000 1.000000
0.683351 0.663256 -0.305159 4.694200 -0.729171 0.640971 -0.239719 3.849300 0.036604 0.386326 0.921636 2.684900 0.000000 0.000000 0.000000 1.000000
0.672105 0.683903 -0.283816 4.694200 -0.740382 0.626100 -0.244607 3.849300 0.010410 0.374535 0.927155 2.684900 0.000000 0.000000 0.000000 1.000000
0.663107 0.698844 -0.268152 4.694200 -0.748470 0.614743 -0.248764 3.849300 -0.009003 0.365661 0.930705 2.684900 0.000000 0.000000 0.000000 1.000000
0.657230 0.707977 -0.258490 4.694200 -0.753395 0.607540 -0.251576 3.849300 -0.021067 0.360088 0.932680 2.684900 0.000000 0.000000 0.000000 1.000000
0.654420 0.712177 -0.254044 4.694200 -0.755660 0.604142 -0.252961 3.849300 -0.026675 0.357514 0.933527 2.684900 0.000000 0.000000 0.000000 1.000000
0.653951 0.712861 -0.253333 4.694200 -0.756033 0.603573 -0.253206 3.849300 -0.027596 0.357112 0.933654 2.684900 0.000000 0.000000 0.000000 1.000000
0.654221 0.712462 -0.253758 4.694200 -0.755819 0.603897 -0.253073 3.849300 -0.027061 0.357361 0.933574 2.684900 0.000000 0.000000 0.000000 1.000000
0.654452 0.712124 -0.254108 4.694200 -0.755635 0.604179 -0.252951 3.849300 -0.026606 0.357557 0.933512 2.684900 0.000000 0.000000 0.000000 1.000000
0.654434 0.712154 -0.254072 4.694200 -0.755649 0.604159 -0.252955 3.849300 -0.026643 0.357532 0.933521 2.684900 0.000000 0.000000 0.000000 1.000000
0.654337 0.712296 -0.253922 4.694200 -0.755727 0.604041 -0.253006 3.849300 -0.026836 0.357447 0.933548 2.684900 0.000000 0.000000 0.000000 1.000000
0.654316 0.712326 -0.253894 4.694200 -0.755744 0.604012 -0.253023 3.849300 -0.026879 0.357436 0.933551 2.684900 0.000000 0.000000 0.000000 1.000000
0.654348 0.712279 -0.253943 4.694200 -0.755718 0.604050 -0.253008 3.849300 -0.026818 0.357465 0.933541 2.684900 0.000000 0.000000 0.000000 1.000000
0.654335 0.712301 -0.253916 4.694200 -0.755728 0.604039 -0.253005 3.849300 -0.026840 0.357441 0.933550 2.684900 0.000000 0.000000 0.000000 1.000000
0.654231 0.712456 -0.253747 4.694200 -0.755811 0.603920 -0.253042 3.849300 -0.027038 0.357333 0.933586 2.684900 0.000000 0.000000 0.000000 1.000000
0.654165 0.712550 -0.253654 4.694200 -0.755864 0.603839 -0.253077 3.849300 -0.027164 0.357282 0.933601 2.684900 0.000000 0.000000 0.000000 1.000000
0.654364 0.712245 -0.253997 4.694200 -0.755705 0.604062 -0.253019 3.849300 -0.026782 0.357513 0.933524 2.684900 0.000000 0.000000 0.000000 1.000000
0.654754 0.711665 -0.254618 4.694200 -0.755394 0.604514 -0.252870 3.849300 -0.026039 0.357905 0.933395 2.684900 0.000000 0.000000 0.000000 1.000000
0.654761 0.711674 -0.254574 4.694200 -0.755388 0.604539 -0.252828 3.849300 -0.026031 0.357844 0.933419 2.684900 0.000000 0.000000 0.000000 1.000000
0.653273 0.713913 -0.252115 4.694200 -0.756572 0.602841 -0.253342 3.849300 -0.028878 0.356245 0.933946 2.684900 0.000000 0.000000 0.000000 1.000000
0.650283 0.718281 -0.247396 4.694200 -0.758908 0.599406 -0.254504 3.849300 -0.034515 0.353250 0.934892 2.684900 0.000000 0.000000 0.000000 1.000000
0.647336 0.722435 -0.242990 4.694200 -0.761156 0.595992 -0.255804 3.849300 -0.039981 0.350544 0.935692 2.684900 0.000000 0.000000 0.000000 1.000000
0.648067 0.721323 -0.244339 4.694200 -0.760603 0.596742 -0.255700 3.849300 -0.038635 0.351555 0.935370 2.684900 0.000000 0.000000 0.000000 1.000000
0.655025 0.711260 -0.255052 4.694200 -0.755176 0.604826 -0.252773 3.849300 -0.025525 0.358182 0.933303 2.684900 0.000000 0.000000 0.000000 1.000000</float_array>
        <technique_common>
          <accessor source="#mixamorig_RightHandThumb1-Matrix-animation-output-transform-array" count="63" stride="16">
            <param type="float4x4"/>
          </accessor>
        </technique_common>
      </source>
      <source id="mixamorig_RightHandThumb1-Interpolations">
        <Name_array id="mixamorig_RightHandThumb1-Interpolations-array" count="63">
 LINEAR LINEAR LINEAR LINEAR LINEAR LINEAR LINEAR LINEAR LINEAR LINEAR LINEAR
LINEAR LINEAR LINEAR LINEAR LINEAR LINEAR LINEAR LINEAR LINEAR LINEAR LINEAR LINEAR
LINEAR LINEAR LINEAR LINEAR LINEAR LINEAR LINEAR LINEAR LINEAR LINEAR LINEAR LINEAR
LINEAR LINEAR LINEAR LINEAR LINEAR LINEAR LINEAR LINEAR LINEAR LINEAR LINEAR LINEAR
LINEAR LINEAR LINEAR LINEAR LINEAR LINEAR LINEAR LINEAR LINEAR LINEAR LINEAR LINEAR
LINEAR LINEAR LINEAR LINEAR</Name_array>
        <technique_common>
          <accessor source="#mixamorig_RightHandThumb1-Interpolations-array" count="63">
            <param type="name"/>
          </accessor>
        </technique_common>
      </source>
      <sampler id="mixamorig_RightHandThumb1-Matrix-animation-transform">
        <input semantic="INPUT" source="#mixamorig_RightHandThumb1-Matrix-animation-input"/>
        <input semantic="OUTPUT" source="#mixamorig_RightHandThumb1-Matrix-animation-output-transform"/>
        <input semantic="INTERPOLATION" source="#mixamorig_RightHandThumb1-Interpolations"/>
      </sampler>
      <channel source="#mixamorig_RightHandThumb1-Matrix-animation-transform" target="mixamorig_RightHandThumb1/matrix"/>
    </animation>
    <animation id="mixamorig_RightHandThumb2-anim" name="mixamorig_RightHandThumb2">
      <source id="mixamorig_RightHandThumb2-Matrix-animation-input">
        <float_array id="mixamorig_RightHandThumb2-Matrix-animation-input-array" count="63">

0.000000 0.033333 0.066667 0.100000 0.133333 0.166667 0.200000 0.233333 0.266667 0.300000 0.333333 0.366667 0.400000 0.433333 0.466667 0.500000
0.533333 0.566667 0.600000 0.633333 0.666667 0.700000 0.733333 0.766667 0.800000 0.833333 0.866667 0.900000 0.933333 0.966667 1.000000 1.033333
1.066667 1.100000 1.133333 1.166667 1.200000 1.233333 1.266667 1.300000 1.333333 1.366667 1.400000 1.433333 1.466667 1.500000 1.533333 1.566667
1.600000 1.633333 1.666667 1.700000 1.733333 1.766667 1.800000 1.833333 1.866667 1.900000 1.933333 1.966667 2.000000 2.033333 2.066667</float_array>
        <technique_common>
          <accessor source="#mixamorig_RightHandThumb2-Matrix-animation-input-array" count="63">
            <param name="TIME" type="float"/>
          </accessor>
        </technique_common>
      </source>
      <source id="mixamorig_RightHandThumb2-Matrix-animation-output-transform">
        <float_array id="mixamorig_RightHandThumb2-Matrix-animation-output-transform-array" count="1008">

0.829232 -0.517423 0.211303 1.059100 0.502836 0.855715 0.122096 5.203600 -0.243990 0.005005 0.969765 0.000000 0.000000 0.000000 0.000000 1.000000
0.837610 -0.505760 0.206437 1.059100 0.492055 0.862667 0.116995 5.203600 -0.237258 0.003582 0.971440 0.000000 0.000000 0.000000 0.000000 1.000000
0.849255 -0.488907 0.199341 1.059100 0.476418 0.872335 0.109811 5.203600 -0.227580 0.001712 0.973758 0.000000 0.000000 0.000000 0.000000 1.000000
0.863926 -0.466489 0.189789 1.059100 0.455515 0.884527 0.100586 5.203600 -0.214795 -0.000447 0.976659 -0.000000 0.000000 0.000000 0.000000 1.000000
0.881492 -0.437644 0.177314 1.059100 0.428456 0.899144 0.089247 5.203600 -0.198489 -0.002699 0.980099 0.000000 0.000000 0.000000 0.000000 1.000000
0.900914 -0.402660 0.161922 1.059100 0.395401 0.915338 0.076256 5.203600 -0.178919 -0.004676 0.983853 0.000000 0.000000 0.000000 0.000000 1.000000
0.920989 -0.362104 0.143739 1.059100 0.356775 0.932119 0.062184 5.203600 -0.156499 -0.005988 0.987660 0.000000 0.000000 0.000000 0.000000 1.000000
0.940220 -0.317457 0.123320 1.059100 0.313893 0.948252 0.047853 5.203600 -0.132130 -0.006283 0.991213 0.000000 0.000000 0.000000 0.000000 1.000000
0.958449 -0.267213 0.099866 1.059100 0.265206 0.963623 0.033106 5.203600 -0.105080 -0.005245 0.994450 0.000000 0.000000 0.000000 0.000000 1.000000
0.975429 -0.208300 0.071752 1.059100 0.207568 0.978062 0.017593 5.203600 -0.073842 -0.002268 0.997267 -0.000000 0.000000 0.000000 0.000000 1.000000
0.988600 -0.144932 0.040801 1.059100 0.144932 0.989437 0.002968 5.203600 -0.040800 0.002979 0.999163 0.000000 0.000000 0.000000 0.000000 1.000000
0.995862 -0.089900 0.013339 1.059100 0.090012 0.995908 -0.008043 5.203600 -0.012561 0.009211 0.999879 -0.000000 0.000000 0.000000 0.000000 1.000000
0.998412 -0.056215 -0.003735 1.059100 0.056158 0.998324 -0.014016 5.203600 0.004517 0.013784 0.999895 0.000000 0.000000 0.000000 0.000000 1.000000
0.999019 -0.043023 -0.010476 1.059100 0.042850 0.998950 -0.016197 5.203600 0.011162 0.015732 0.999814 0.000000 0.000000 0.000000 0.000000 1.000000
0.999101 -0.040752 -0.011640 1.059100 0.040556 0.999040 -0.016564 5.203600 0.012304 0.016077 0.999795 0.000000 0.000000 0.000000 0.000000 1.000000
0.999041 -0.042426 -0.010782 1.059100 0.042248 0.998974 -0.016294 5.203600 0.011462 0.015823 0.999809 0.000000 0.000000 0.000000 0.000000 1.000000
0.998426 -0.055953 -0.003868 1.059100 0.055894 0.998338 -0.014060 5.203600 0.004649 0.013822 0.999894 -0.000000 0.000000 0.000000 0.000000 1.000000
0.995484 -0.093694 0.015249 1.059100 0.093814 0.995563 -0.007334 5.203600 -0.014494 0.008731 0.999857 0.000000 0.000000 0.000000 0.000000 1.000000
0.987347 -0.152232 0.044404 1.059100 0.152181 0.988342 0.004546 5.203600 -0.044578 0.002269 0.999003 -0.000000 0.000000 0.000000 0.000000 1.000000
0.974109 -0.213529 0.074274 1.059100 0.212707 0.976933 0.018895 5.203600 -0.076595 -0.002607 0.997059 0.000000 0.000000 0.000000 0.000000 1.000000
0.961986 -0.256173 0.094647 1.059100 0.254449 0.966619 0.030055 5.203600 -0.099187 -0.004830 0.995057 -0.000000 0.000000 0.000000 0.000000 1.000000
0.956894 -0.271907 0.102078 1.059100 0.269773 0.962308 0.034424 5.203600 -0.107590 -0.005402 0.994181 0.000000 0.000000 0.000000 0.000000 1.000000
0.959473 -0.264069 0.098382 1.059100 0.262145 0.964490 0.032231 5.203600 -0.103399 -0.005134 0.994627 0.000000 0.000000 0.000000 0.000000 1.000000
0.965914 -0.243259 0.088513 1.059100 0.241841 0.969952 0.026572 5.203600 -0.092317 -0.004260 0.995721 0.000000 0.000000 0.000000 0.000000 1.000000
0.973437 -0.216138 0.075529 1.059100 0.215270 0.976359 0.019549 5.203600 -0.077969 -0.002771 0.996952 0.000000 0.000000 0.000000 0.000000 1.000000
0.979960 -0.189145 0.062473 1.059100 0.188703 0.981949 0.012950 5.203600 -0.063794 -0.000902 0.997963 0.000000 0.000000 0.000000 0.000000 1.000000
0.984610 -0.166960 0.051642 1.059100 0.166780 0.985963 0.007813 5.203600 -0.052222 0.000920 0.998635 0.000000 0.000000 0.000000 0.000000 1.000000
0.986781 -0.155402 0.045965 1.059100 0.155326 0.987849 0.005240 5.203600 -0.046220 0.001969 0.998929 0.000000 0.000000 0.000000 0.000000 1.000000
0.986770 -0.155464 0.045995 1.059100 0.155388 0.987840 0.005253 5.203600 -0.046252 0.001963 0.998928 0.000000 0.000000 0.000000 0.000000 1.000000
0.984589 -0.167067 0.051695 1.059100 0.166886 0.985945 0.007838 5.203600 -0.052277 0.000910 0.998632 0.000000 0.000000 0.000000 0.000000 1.000000
0.980577 -0.186369 0.061122 1.059100 0.185964 0.982480 0.012293 5.203600 -0.062342 -0.000688 0.998055 0.000000 0.000000 0.000000 0.000000 1.000000
0.974968 -0.210144 0.072642 1.059100 0.209381 0.977668 0.018050 5.203600 -0.074813 -0.002389 0.997195 0.000000 0.000000 0.000000 0.000000 1.000000
0.967677 -0.237211 0.085629 1.059100 0.235926 0.971450 0.024971 5.203600 -0.089108 -0.003962 0.996014 0.000000 0.000000 0.000000 0.000000 1.000000
0.958690 -0.266477 0.099519 1.059100 0.264490 0.963827 0.032901 5.203600 -0.104687 -0.005220 0.994492 0.000000 0.000000 0.000000 0.000000 1.000000
0.947846 -0.297602 0.114111 1.059100 0.294706 0.954671 0.041855 5.203600 -0.121394 -0.006043 0.992586 -0.000000 0.000000 0.000000 0.000000 1.000000
0.935230 -0.329716 0.128967 1.059100 0.325703 0.944059 0.051670 5.203600 -0.138789 -0.006319 0.990302 0.000000 0.000000 0.000000 0.000000 1.000000
0.921152 -0.361751 0.143579 1.059100 0.356437 0.932256 0.062066 5.203600 -0.156304 -0.005996 0.987691 -0.000000 0.000000 0.000000 0.000000 1.000000
0.906090 -0.392682 0.157482 1.059100 0.385928 0.919660 0.072698 5.203600 -0.173377 -0.005094 0.984842 0.000000 0.000000 0.000000 0.000000 1.000000
0.890558 -0.421762 0.170362 1.059100 0.413481 0.906699 0.083249 5.203600 -0.189578 -0.003696 0.981859 0.000000 0.000000 0.000000 0.000000 1.000000
0.875120 -0.448383 0.181982 1.059100 0.438551 0.893839 0.093400 5.203600 -0.204542 -0.001928 0.978856 0.000000 0.000000 0.000000 0.000000 1.000000
0.860652 -0.471614 0.191984 1.059100 0.460305 0.881805 0.102662 5.203600 -0.217710 0.000015 0.976014 0.000000 0.000000 0.000000 0.000000 1.000000
0.847861 -0.490966 0.200212 1.059100 0.478332 0.871177 0.110677 5.203600 -0.228759 0.001929 0.973481 -0.000000 0.000000 0.000000 0.000000 1.000000
0.838064 -0.505118 0.206168 1.059100 0.491460 0.863043 0.116718 5.203600 -0.236888 0.003507 0.971531 0.000000 0.000000 0.000000 0.000000 1.000000
0.831839 -0.513833 0.209809 1.059100 0.499521 0.857878 0.120515 5.203600 -0.241915 0.004555 0.970287 0.000000 0.000000 0.000000 0.000000 1.000000
0.828915 -0.517856 0.211483 1.059100 0.503235 0.855453 0.122288 5.203600 -0.244241 0.005059 0.969701 -0.000000 0.000000 0.000000 0.000000 1.000000
0.828436 -0.518511 0.211755 1.059100 0.503840 0.855055 0.122578 5.203600 -0.244620 0.005143 0.969605 -0.000000 0.000000 0.000000 0.000000 1.000000
0.828717 -0.518127 0.211596 1.059100 0.503486 0.855288 0.122408 5.203600 -0.244398 0.005094 0.969662 0.000000 0.000000 0.000000 0.000000 1.000000
0.828955 -0.517801 0.211460 1.059100 0.503185 0.855486 0.122263 5.203600 -0.244209 0.005052 0.969709 0.000000 0.000000 0.000000 0.000000 1.000000
0.828938 -0.517825 0.211470 1.059100 0.503207 0.855472 0.122274 5.203600 -0.244223 0.005055 0.969706 -0.000000 0.000000 0.000000 0.000000 1.000000
0.828834 -0.517966 0.211529 1.059100 0.503337 0.855386 0.122337 5.203600 -0.244305 0.005073 0.969685 0.000000 0.000000 0.000000 0.000000 1.000000
0.828800 -0.518013 0.211548 1.059100 0.503381 0.855357 0.122358 5.203600 -0.244332 0.005079 0.969678 0.000000 0.000000 0.000000 0.000000 1.000000
0.828822 -0.517983 0.211535 1.059100 0.503353 0.855376 0.122344 5.203600 -0.244314 0.005076 0.969683 0.000000 0.000000 0.000000 0.000000 1.000000
0.828824 -0.517980 0.211534 1.059100 0.503350 0.855378 0.122343 5.203600 -0.244313 0.005075 0.969683 0.000000 0.000000 0.000000 0.000000 1.000000
0.828767 -0.518058 0.211567 1.059100 0.503422 0.855330 0.122378 5.203600 -0.244358 0.005085 0.969672 0.000000 0.000000 0.000000 0.000000 1.000000
0.828733 -0.518105 0.211586 1.059100 0.503465 0.855302 0.122398 5.203600 -0.244385 0.005091 0.969665 -0.000000 0.000000 0.000000 0.000000 1.000000
0.828862 -0.517928 0.211513 1.059100 0.503302 0.855409 0.122320 5.203600 -0.244283 0.005068 0.969691 0.000000 0.000000 0.000000 0.000000 1.000000
0.829093 -0.517613 0.211382 1.059100 0.503011 0.855600 0.122181 5.203600 -0.244101 0.005029 0.969737 0.000000 0.000000 0.000000 0.000000 1.000000
0.829064 -0.517651 0.211398 1.059100 0.503047 0.855577 0.122197 5.203600 -0.244123 0.005034 0.969731 0.000000 0.000000 0.000000 0.000000 1.000000
0.828128 -0.518932 0.211929 1.059100 0.504228 0.854800 0.122764 5.203600 -0.244864 0.005196 0.969544 -0.000000 0.000000 0.000000 0.000000 1.000000
0.826359 -0.521338 0.212927 1.059100 0.506447 0.853333 0.123833 5.203600 -0.246257 0.005506 0.969189 0.000000 0.000000 0.000000 0.000000 1.000000
0.824738 -0.523528 0.213834 1.059100 0.508466 0.851989 0.124810 5.203600 -0.247526 0.005792 0.968864 0.000000 0.000000 0.000000 0.000000 1.000000
0.825274 -0.522806 0.213536 1.059100 0.507800 0.852433 0.124487 5.203600 -0.247108 0.005697 0.968971 0.000000 0.000000 0.000000 0.000000 1.000000
0.829232 -0.517422 0.211302 1.059100 0.502835 0.855716 0.122096 5.203600 -0.243990 0.005004 0.969765 0.000000 0.000000 0.000000 0.000000 1.000000</float_array>
        <technique_common>
          <accessor source="#mixamorig_RightHandThumb2-Matrix-animation-output-transform-array" count="63" stride="16">
            <param type="float4x4"/>
          </accessor>
        </technique_common>
      </source>
      <source id="mixamorig_RightHandThumb2-Interpolations">
        <Name_array id="mixamorig_RightHandThumb2-Interpolations-array" count="63">
 LINEAR LINEAR LINEAR LINEAR LINEAR LINEAR LINEAR LINEAR LINEAR LINEAR LINEAR
LINEAR LINEAR LINEAR LINEAR LINEAR LINEAR LINEAR LINEAR LINEAR LINEAR LINEAR LINEAR
LINEAR LINEAR LINEAR LINEAR LINEAR LINEAR LINEAR LINEAR LINEAR LINEAR LINEAR LINEAR
LINEAR LINEAR LINEAR LINEAR LINEAR LINEAR LINEAR LINEAR LINEAR LINEAR LINEAR LINEAR
LINEAR LINEAR LINEAR LINEAR LINEAR LINEAR LINEAR LINEAR LINEAR LINEAR LINEAR LINEAR
LINEAR LINEAR LINEAR LINEAR</Name_array>
        <technique_common>
          <accessor source="#mixamorig_RightHandThumb2-Interpolations-array" count="63">
            <param type="name"/>
          </accessor>
        </technique_common>
      </source>
      <sampler id="mixamorig_RightHandThumb2-Matrix-animation-transform">
        <input semantic="INPUT" source="#mixamorig_RightHandThumb2-Matrix-animation-input"/>
        <input semantic="OUTPUT" source="#mixamorig_RightHandThumb2-Matrix-animation-output-transform"/>
        <input semantic="INTERPOLATION" source="#mixamorig_RightHandThumb2-Interpolations"/>
      </sampler>
      <channel source="#mixamorig_RightHandThumb2-Matrix-animation-transform" target="mixamorig_RightHandThumb2/matrix"/>
    </animation>
    <animation id="mixamorig_RightHandThumb3-anim" name="mixamorig_RightHandThumb3">
      <source id="mixamorig_RightHandThumb3-Matrix-animation-input">
        <float_array id="mixamorig_RightHandThumb3-Matrix-animation-input-array" count="63">

0.000000 0.033333 0.066667 0.100000 0.133333 0.166667 0.200000 0.233333 0.266667 0.300000 0.333333 0.366667 0.400000 0.433333 0.466667 0.500000
0.533333 0.566667 0.600000 0.633333 0.666667 0.700000 0.733333 0.766667 0.800000 0.833333 0.866667 0.900000 0.933333 0.966667 1.000000 1.033333
1.066667 1.100000 1.133333 1.166667 1.200000 1.233333 1.266667 1.300000 1.333333 1.366667 1.400000 1.433333 1.466667 1.500000 1.533333 1.566667
1.600000 1.633333 1.666667 1.700000 1.733333 1.766667 1.800000 1.833333 1.866667 1.900000 1.933333 1.966667 2.000000 2.033333 2.066667</float_array>
        <technique_common>
          <accessor source="#mixamorig_RightHandThumb3-Matrix-animation-input-array" count="63">
            <param name="TIME" type="float"/>
          </accessor>
        </technique_common>
      </source>
      <source id="mixamorig_RightHandThumb3-Matrix-animation-output-transform">
        <float_array id="mixamorig_RightHandThumb3-Matrix-animation-output-transform-array" count="1008">

0.849971 -0.521178 0.076962 -0.176400 0.469061 0.815160 0.339847 5.246600 -0.239858 -0.252760 0.937326 -0.000000 0.000000 0.000000 0.000000 1.000000
0.863093 -0.499650 0.073620 -0.176400 0.450450 0.827492 0.335189 5.246600 -0.228397 -0.256137 0.939270 0.000000 0.000000 0.000000 0.000000 1.000000
0.880722 -0.468629 0.068668 -0.176400 0.423533 0.844137 0.328713 5.246600 -0.212010 -0.260421 0.941930 -0.000000 0.000000 0.000000 0.000000 1.000000
0.901452 -0.428412 0.062026 -0.176400 0.388474 0.863848 0.320710 5.246600 -0.190977 -0.265009 0.945144 -0.000000 0.000000 0.000000 0.000000 1.000000
0.923979 -0.378685 0.053486 -0.176400 0.344885 0.885490 0.311387 5.246600 -0.165279 -0.269269 0.948777 0.000000 0.000000 0.000000 0.000000 1.000000
0.946412 -0.320089 0.042993 -0.176400 0.293206 0.907376 0.301162 5.246600 -0.135409 -0.272418 0.952603 0.000000 0.000000 0.000000 0.000000 1.000000
0.966640 -0.254292 0.030688 -0.176400 0.234794 0.927591 0.290597 5.246600 -0.102362 -0.273698 0.956353 0.000000 0.000000 0.000000 0.000000 1.000000
0.982147 -0.187288 0.017623 -0.176400 0.174918 0.943699 0.280779 5.246600 -0.069217 -0.272683 0.959611 0.000000 0.000000 0.000000 0.000000 1.000000
0.992204 -0.124527 0.004916 -0.176400 0.118490 0.954858 0.272407 5.246600 -0.038617 -0.269701 0.962169 0.000000 0.000000 0.000000 0.000000 1.000000
0.997412 -0.071632 -0.006135 -0.176400 0.070681 0.961391 0.265955 5.246600 -0.013152 -0.265701 0.963966 0.000000 0.000000 0.000000 0.000000 1.000000
0.999416 -0.030747 -0.014891 -0.176400 0.033571 0.964662 0.261341 5.246600 0.006329 -0.261689 0.965132 -0.000000 0.000000 0.000000 0.000000 1.000000
0.999777 -0.005313 -0.020430 -0.176400 0.010418 0.965919 0.258636 5.246600 0.018359 -0.258791 0.965759 0.000000 0.000000 0.000000 0.000000 1.000000
0.999714 0.006513 -0.023030 -0.176400 -0.000365 0.966300 0.257420 5.246600 0.023930 -0.257338 0.966025 0.000000 0.000000 0.000000 0.000000 1.000000
0.999668 0.009903 -0.023778 -0.176400 -0.003459 0.966385 0.257076 5.246600 0.025525 -0.256908 0.966099 0.000000 0.000000 0.000000 0.000000 1.000000
0.999655 0.010772 -0.023970 -0.176400 -0.004252 0.966405 0.256988 5.246600 0.025933 -0.256798 0.966117 -0.000000 0.000000 0.000000 0.000000 1.000000
0.999655 0.010770 -0.023970 -0.176400 -0.004250 0.966405 0.256989 5.246600 0.025932 -0.256798 0.966117 0.000000 0.000000 0.000000 0.000000 1.000000
0.999728 0.005170 -0.022734 -0.176400 0.000860 0.966263 0.257556 5.246600 0.023298 -0.257506 0.965996 0.000000 0.000000 0.000000 0.000000 1.000000
0.999749 -0.011873 -0.018994 -0.176400 0.016395 0.965652 0.259321 5.246600 0.015263 -0.259568 0.965604 0.000000 0.000000 0.000000 0.000000 1.000000
0.999178 -0.038311 -0.013257 -0.176400 0.040447 0.964174 0.262171 5.246600 0.002739 -0.262491 0.964930 -0.000000 0.000000 0.000000 0.000000 1.000000
0.997844 -0.065195 -0.007502 -0.176400 0.064848 0.962008 0.265207 5.246600 -0.010074 -0.265122 0.964162 -0.000000 0.000000 0.000000 0.000000 1.000000
0.996597 -0.082331 -0.003875 -0.176400 0.080370 0.960279 0.267216 5.246600 -0.018279 -0.266618 0.963629 0.000000 0.000000 0.000000 0.000000 1.000000
0.996318 -0.085677 -0.003171 -0.176400 0.083398 0.959910 0.267615 5.246600 -0.019885 -0.266894 0.963521 0.000000 0.000000 0.000000 0.000000 1.000000
0.997004 -0.077190 -0.004960 -0.176400 0.075716 0.960826 0.266608 5.246600 -0.015814 -0.266184 0.963792 0.000000 0.000000 0.000000 0.000000 1.000000
0.998000 -0.062699 -0.008033 -0.176400 0.062584 0.962237 0.264919 5.246600 -0.008881 -0.264892 0.964237 0.000000 0.000000 0.000000 0.000000 1.000000
0.998862 -0.046284 -0.011542 -0.176400 0.047690 0.963601 0.263057 5.246600 -0.001053 -0.263308 0.964711 -0.000000 0.000000 0.000000 0.000000 1.000000
0.999388 -0.031750 -0.014673 -0.176400 0.034484 0.964601 0.261451 5.246600 0.005853 -0.261797 0.965105 0.000000 0.000000 0.000000 0.000000 1.000000
0.999618 -0.021971 -0.016794 -0.176400 0.025589 0.965163 0.260394 5.246600 0.010488 -0.260724 0.965356 0.000000 0.000000 0.000000 0.000000 1.000000
0.999638 -0.020840 -0.017040 -0.176400 0.024559 0.965223 0.260273 5.246600 0.011023 -0.260597 0.965385 -0.000000 0.000000 0.000000 0.000000 1.000000
0.999460 -0.029100 -0.015247 -0.176400 0.032074 0.964762 0.261163 5.246600 0.007110 -0.261511 0.965174 -0.000000 0.000000 0.000000 0.000000 1.000000
0.998807 -0.047502 -0.011280 -0.176400 0.048795 0.963508 0.263193 5.246600 -0.001633 -0.263430 0.964677 -0.000000 0.000000 0.000000 0.000000 1.000000
0.997240 -0.074026 -0.005629 -0.176400 0.072850 0.961151 0.266235 5.246600 -0.014298 -0.265911 0.963892 0.000000 0.000000 0.000000 0.000000 1.000000
0.994326 -0.106367 0.001157 -0.176400 0.102102 0.957395 0.270131 5.246600 -0.029841 -0.268480 0.962823 0.000000 0.000000 0.000000 0.000000 1.000000
0.989596 -0.143602 0.008826 -0.176400 0.135675 0.951861 0.274869 5.246600 -0.047872 -0.270812 0.961441 0.000000 0.000000 0.000000 0.000000 1.000000
0.982800 -0.183893 0.016947 -0.176400 0.171874 0.944398 0.280306 5.246600 -0.067551 -0.272572 0.959761 0.000000 0.000000 0.000000 0.000000 1.000000
0.973695 -0.226445 0.025322 -0.176400 0.209956 0.934821 0.286404 5.246600 -0.088527 -0.273553 0.957774 0.000000 0.000000 0.000000 0.000000 1.000000
0.962267 -0.270016 0.033677 -0.176400 0.248789 0.923165 0.293037 5.246600 -0.110214 -0.273601 0.955508 0.000000 0.000000 0.000000 0.000000 1.000000
0.948738 -0.313294 0.041747 -0.176400 0.287191 0.909673 0.300027 5.246600 -0.131972 -0.272658 0.953017 0.000000 0.000000 0.000000 0.000000 1.000000
0.933577 -0.354972 0.049294 -0.176400 0.324011 0.894804 0.307154 5.246600 -0.153139 -0.270780 0.950382 -0.000000 0.000000 0.000000 0.000000 1.000000
0.917367 -0.394061 0.056164 -0.176400 0.358390 0.879109 0.314205 5.246600 -0.173190 -0.268112 0.947693 0.000000 0.000000 0.000000 0.000000 1.000000
0.900811 -0.429727 0.062247 -0.176400 0.389623 0.863236 0.320964 5.246600 -0.191660 -0.264875 0.945044 0.000000 0.000000 0.000000 0.000000 1.000000
0.884981 -0.460726 0.067382 -0.176400 0.416658 0.848173 0.327106 5.246600 -0.207858 -0.261407 0.942582 -0.000000 0.000000 0.000000 0.000000 1.000000
0.870776 -0.486449 0.071531 -0.176400 0.439009 0.834734 0.332399 5.246600 -0.221405 -0.258042 0.940422 0.000000 0.000000 0.000000 0.000000 1.000000
0.859782 -0.505199 0.074489 -0.176400 0.455253 0.824376 0.336376 5.246600 -0.231344 -0.255299 0.938777 0.000000 0.000000 0.000000 0.000000 1.000000
0.852751 -0.516718 0.076276 -0.176400 0.465210 0.817769 0.338870 5.246600 -0.237477 -0.253487 0.937736 0.000000 0.000000 0.000000 0.000000 1.000000
0.849437 -0.522028 0.077093 -0.176400 0.469795 0.814659 0.340034 5.246600 -0.240312 -0.252619 0.937248 0.000000 0.000000 0.000000 0.000000 1.000000
0.848894 -0.522891 0.077225 -0.176400 0.470539 0.814150 0.340224 5.246600 -0.240773 -0.252476 0.937168 0.000000 0.000000 0.000000 0.000000 1.000000
0.849212 -0.522385 0.077148 -0.176400 0.470103 0.814449 0.340112 5.246600 -0.240502 -0.252560 0.937215 0.000000 0.000000 0.000000 0.000000 1.000000
0.849481 -0.521958 0.077082 -0.176400 0.469734 0.814701 0.340018 5.246600 -0.240274 -0.252631 0.937254 -0.000000 0.000000 0.000000 0.000000 1.000000
0.849460 -0.521992 0.077087 -0.176400 0.469764 0.814681 0.340026 5.246600 -0.240292 -0.252625 0.937251 -0.000000 0.000000 0.000000 0.000000 1.000000
0.849344 -0.522176 0.077116 -0.176400 0.469922 0.814572 0.340066 5.246600 -0.240391 -0.252595 0.937234 0.000000 0.000000 0.000000 0.000000 1.000000
0.849312 -0.522226 0.077123 -0.176400 0.469966 0.814543 0.340077 5.246600 -0.240417 -0.252586 0.937230 -0.000000 0.000000 0.000000 0.000000 1.000000
0.849343 -0.522177 0.077116 -0.176400 0.469923 0.814572 0.340067 5.246600 -0.240391 -0.252595 0.937234 0.000000 0.000000 0.000000 0.000000 1.000000
0.849337 -0.522188 0.077118 -0.176400 0.469932 0.814565 0.340069 5.246600 -0.240397 -0.252593 0.937233 0.000000 0.000000 0.000000 0.000000 1.000000
0.849244 -0.522335 0.077140 -0.176400 0.470060 0.814479 0.340101 5.246600 -0.240475 -0.252569 0.937220 0.000000 0.000000 0.000000 0.000000 1.000000
0.849189 -0.522423 0.077153 -0.176400 0.470136 0.814426 0.340120 5.246600 -0.240522 -0.252554 0.937212 0.000000 0.000000 0.000000 0.000000 1.000000
0.849380 -0.522118 0.077107 -0.176400 0.469872 0.814606 0.340053 5.246600 -0.240360 -0.252604 0.937240 0.000000 0.000000 0.000000 0.000000 1.000000
0.849735 -0.521554 0.077020 -0.176400 0.469385 0.814939 0.339929 5.246600 -0.240058 -0.252698 0.937292 -0.000000 0.000000 0.000000 0.000000 1.000000
0.849714 -0.521587 0.077025 -0.176400 0.469414 0.814919 0.339937 5.246600 -0.240076 -0.252692 0.937289 0.000000 0.000000 0.000000 0.000000 1.000000
0.848313 -0.523812 0.077366 -0.176400 0.471334 0.813606 0.340426 5.246600 -0.241265 -0.252323 0.937083 -0.000000 0.000000 0.000000 0.000000 1.000000
0.845596 -0.528091 0.078019 -0.176400 0.475025 0.811059 0.341373 5.246600 -0.243554 -0.251602 0.936685 0.000000 0.000000 0.000000 0.000000 1.000000
0.843026 -0.532095 0.078627 -0.176400 0.478476 0.808651 0.342263 5.246600 -0.245698 -0.250915 0.936309 -0.000000 0.000000 0.000000 0.000000 1.000000
0.843784 -0.530918 0.078449 -0.176400 0.477462 0.809361 0.342001 5.246600 -0.245068 -0.251118 0.936419 0.000000 0.000000 0.000000 0.000000 1.000000
0.849971 -0.521178 0.076962 -0.176400 0.469061 0.815160 0.339847 5.246600 -0.239857 -0.252760 0.937327 0.000000 0.000000 0.000000 0.000000 1.000000</float_array>
        <technique_common>
          <accessor source="#mixamorig_RightHandThumb3-Matrix-animation-output-transform-array" count="63" stride="16">
            <param type="float4x4"/>
          </accessor>
        </technique_common>
      </source>
      <source id="mixamorig_RightHandThumb3-Interpolations">
        <Name_array id="mixamorig_RightHandThumb3-Interpolations-array" count="63">
 LINEAR LINEAR LINEAR LINEAR LINEAR LINEAR LINEAR LINEAR LINEAR LINEAR LINEAR
LINEAR LINEAR LINEAR LINEAR LINEAR LINEAR LINEAR LINEAR LINEAR LINEAR LINEAR LINEAR
LINEAR LINEAR LINEAR LINEAR LINEAR LINEAR LINEAR LINEAR LINEAR LINEAR LINEAR LINEAR
LINEAR LINEAR LINEAR LINEAR LINEAR LINEAR LINEAR LINEAR LINEAR LINEAR LINEAR LINEAR
LINEAR LINEAR LINEAR LINEAR LINEAR LINEAR LINEAR LINEAR LINEAR LINEAR LINEAR LINEAR
LINEAR LINEAR LINEAR LINEAR</Name_array>
        <technique_common>
          <accessor source="#mixamorig_RightHandThumb3-Interpolations-array" count="63">
            <param type="name"/>
          </accessor>
        </technique_common>
      </source>
      <sampler id="mixamorig_RightHandThumb3-Matrix-animation-transform">
        <input semantic="INPUT" source="#mixamorig_RightHandThumb3-Matrix-animation-input"/>
        <input semantic="OUTPUT" source="#mixamorig_RightHandThumb3-Matrix-animation-output-transform"/>
        <input semantic="INTERPOLATION" source="#mixamorig_RightHandThumb3-Interpolations"/>
      </sampler>
      <channel source="#mixamorig_RightHandThumb3-Matrix-animation-transform" target="mixamorig_RightHandThumb3/matrix"/>
    </animation>
    <animation id="mixamorig_RightHandIndex1-anim" name="mixamorig_RightHandIndex1">
      <source id="mixamorig_RightHandIndex1-Matrix-animation-input">
        <float_array id="mixamorig_RightHandIndex1-Matrix-animation-input-array" count="63">

0.000000 0.033333 0.066667 0.100000 0.133333 0.166667 0.200000 0.233333 0.266667 0.300000 0.333333 0.366667 0.400000 0.433333 0.466667 0.500000
0.533333 0.566667 0.600000 0.633333 0.666667 0.700000 0.733333 0.766667 0.800000 0.833333 0.866667 0.900000 0.933333 0.966667 1.000000 1.033333
1.066667 1.100000 1.133333 1.166667 1.200000 1.233333 1.266667 1.300000 1.333333 1.366667 1.400000 1.433333 1.466667 1.500000 1.533333 1.566667
1.600000 1.633333 1.666667 1.700000 1.733333 1.766667 1.800000 1.833333 1.866667 1.900000 1.933333 1.966667 2.000000 2.033333 2.066667</float_array>
        <technique_common>
          <accessor source="#mixamorig_RightHandIndex1-Matrix-animation-input-array" count="63">
            <param name="TIME" type="float"/>
          </accessor>
        </technique_common>
      </source>
      <source id="mixamorig_RightHandIndex1-Matrix-animation-output-transform">
        <float_array id="mixamorig_RightHandIndex1-Matrix-animation-output-transform-array" count="1008">

0.989662 0.126144 -0.068242 5.600900 -0.141035 0.769555 -0.622812 12.228400 -0.026047 0.625998 0.779390 0.008900 0.000000 0.000000 0.000000 1.000000
0.987266 0.144388 -0.066763 5.600900 -0.156703 0.810531 -0.564344 12.228400 -0.027371 0.567619 0.822836 0.008900 0.000000 0.000000 0.000000 1.000000
0.983479 0.169380 -0.063871 5.600900 -0.179147 0.860040 -0.477742 12.228400 -0.025989 0.481292 0.876175 0.008900 0.000000 0.000000 0.000000 1.000000
0.978373 0.198104 -0.059510 5.600900 -0.206005 0.907225 -0.366748 12.228400 -0.018665 0.371075 0.928415 0.008900 0.000000 0.000000 0.000000 1.000000
0.972339 0.227393 -0.053371 5.600900 -0.233547 0.943157 -0.236456 12.228400 -0.003431 0.242381 0.970175 0.008900 0.000000 0.000000 0.000000 1.000000
0.965758 0.255747 -0.043657 5.600900 -0.258771 0.961643 -0.091000 12.228400 0.018709 0.099181 0.994893 0.008900 0.000000 0.000000 0.000000 1.000000
0.959029 0.281841 -0.028782 5.600900 -0.279815 0.958210 0.059481 12.228400 0.044343 -0.048990 0.997814 0.008900 0.000000 0.000000 0.000000 1.000000
0.953087 0.302420 -0.012963 5.600900 -0.295178 0.938042 0.181513 12.228400 0.067052 -0.169171 0.983303 0.008900 0.000000 0.000000 0.000000 1.000000
0.949872 0.312516 -0.008759 5.600900 -0.302482 0.925733 0.226986 12.228400 0.079045 -0.212958 0.973859 0.008900 0.000000 0.000000 0.000000 1.000000
0.952277 0.303168 -0.035451 5.600900 -0.295882 0.945383 0.136763 12.228400 0.074977 -0.119747 0.989969 0.008900 0.000000 0.000000 0.000000 1.000000
0.958514 0.270310 -0.090458 5.600900 -0.277060 0.958092 -0.072779 12.228400 0.066994 0.094822 0.993237 0.008900 0.000000 0.000000 0.000000 1.000000
0.963390 0.220201 -0.152944 5.600900 -0.259034 0.911618 -0.319145 12.228400 0.069151 0.347079 0.935283 0.008900 0.000000 0.000000 0.000000 1.000000
0.964567 0.178012 -0.194735 5.600900 -0.252240 0.838615 -0.482805 12.228400 0.077363 0.514818 0.853802 0.008900 0.000000 0.000000 0.000000 1.000000
0.964298 0.157123 -0.213171 5.600900 -0.251326 0.796665 -0.549692 12.228400 0.083457 0.583642 0.807711 0.008900 0.000000 0.000000 0.000000 1.000000
0.964130 0.153518 -0.216530 5.600900 -0.251403 0.789836 -0.559424 12.228400 0.085141 0.593794 0.800100 0.008900 0.000000 0.000000 0.000000 1.000000
0.964286 0.157777 -0.212740 5.600900 -0.251547 0.797013 -0.549085 12.228400 0.082924 0.582989 0.808237 0.008900 0.000000 0.000000 0.000000 1.000000
0.964842 0.175963 -0.195235 5.600900 -0.251691 0.832539 -0.493488 12.228400 0.075705 0.525276 0.847557 0.008900 0.000000 0.000000 0.000000 1.000000
0.964020 0.217041 -0.153491 5.600900 -0.257380 0.906492 -0.334705 12.228400 0.066493 0.362168 0.929738 0.008900 0.000000 0.000000 0.000000 1.000000
0.958821 0.269520 -0.089565 5.600900 -0.275840 0.958819 -0.067664 12.228400 0.067639 0.089583 0.993680 0.008900 0.000000 0.000000 0.000000 1.000000
0.949508 0.312566 -0.027136 5.600900 -0.299233 0.928203 0.221131 12.228400 0.094306 -0.201846 0.974867 0.008900 0.000000 0.000000 0.000000 1.000000
0.941694 0.336307 0.010499 5.600900 -0.310168 0.855560 0.414502 12.228400 0.130417 -0.393591 0.909988 0.008900 0.000000 0.000000 0.000000 1.000000
0.936720 0.349622 0.017886 5.600900 -0.314562 0.818163 0.481311 12.228400 0.153643 -0.456480 0.876367 0.008900 0.000000 0.000000 0.000000 1.000000
0.932707 0.360580 0.006344 5.600900 -0.325954 0.835354 0.442649 12.228400 0.154311 -0.414930 0.896673 0.008900 0.000000 0.000000 0.000000 1.000000
0.928972 0.369890 -0.013898 5.600900 -0.343561 0.875605 0.339533 12.228400 0.137759 -0.310642 0.940492 0.008900 0.000000 0.000000 0.000000 1.000000
0.926481 0.373943 -0.042422 5.600900 -0.359371 0.912532 0.195289 12.228400 0.111738 -0.165687 0.979828 0.008900 0.000000 0.000000 0.000000 1.000000
0.925679 0.370068 -0.078530 5.600900 -0.368053 0.928975 0.039285 12.228400 0.087491 -0.007462 0.996137 0.008900 0.000000 0.000000 0.000000 1.000000
0.925923 0.359252 -0.116637 5.600900 -0.371192 0.922597 -0.105028 12.228400 0.069878 0.140542 0.987606 0.008900 0.000000 0.000000 0.000000 1.000000
0.926567 0.346424 -0.146504 5.600900 -0.371566 0.903525 -0.213498 12.228400 0.058409 0.252256 0.965896 0.008900 0.000000 0.000000 0.000000 1.000000
0.927831 0.335162 -0.163696 5.600900 -0.369735 0.884362 -0.284956 12.228400 0.049260 0.324915 0.944459 0.008900 0.000000 0.000000 0.000000 1.000000
0.930183 0.326058 -0.168657 5.600900 -0.364858 0.871813 -0.326834 12.228400 0.040470 0.365551 0.929911 0.008900 0.000000 0.000000 0.000000 1.000000
0.933760 0.316432 -0.167220 5.600900 -0.356535 0.863180 -0.357495 12.228400 0.031218 0.393434 0.918823 0.008900 0.000000 0.000000 0.000000 1.000000
0.938363 0.304515 -0.163540 5.600900 -0.344965 0.854836 -0.387626 12.228400 0.021762 0.420149 0.907194 0.008900 0.000000 0.000000 0.000000 1.000000
0.943867 0.289575 -0.158940 5.600900 -0.330083 0.845277 -0.420180 12.228400 0.012675 0.449057 0.893413 0.008900 0.000000 0.000000 0.000000 1.000000
0.949791 0.272884 -0.153072 5.600900 -0.312854 0.835137 -0.452403 12.228400 0.004383 0.477578 0.878579 0.008900 0.000000 0.000000 0.000000 1.000000
0.955880 0.255198 -0.145488 5.600900 -0.293742 0.825386 -0.482135 12.228400 -0.002956 0.503599 0.863932 0.008900 0.000000 0.000000 0.000000 1.000000
0.961861 0.237109 -0.136393 5.600900 -0.273383 0.816408 -0.508664 12.228400 -0.009257 0.526552 0.850093 0.008900 0.000000 0.000000 0.000000 1.000000
0.967507 0.218969 -0.126420 5.600900 -0.252428 0.807878 -0.532554 12.228400 -0.014481 0.547162 0.836902 0.008900 0.000000 0.000000 0.000000 1.000000
0.972653 0.201134 -0.116151 5.600900 -0.231525 0.799787 -0.553839 12.228400 -0.018500 0.565585 0.824483 0.008900 0.000000 0.000000 0.000000 1.000000
0.977189 0.184041 -0.105974 5.600900 -0.211286 0.792111 -0.572641 12.228400 -0.021447 0.581970 0.812928 0.008900 0.000000 0.000000 0.000000 1.000000
0.981061 0.168127 -0.096186 5.600900 -0.192270 0.785107 -0.588761 12.228400 -0.023471 0.596105 0.802564 0.008900 0.000000 0.000000 0.000000 1.000000
0.984204 0.154047 -0.087246 5.600900 -0.175300 0.779122 -0.601863 12.228400 -0.024740 0.607650 0.793820 0.008900 0.000000 0.000000 0.000000 1.000000
0.986643 0.142180 -0.079507 5.600900 -0.160895 0.774195 -0.612156 12.228400 -0.025482 0.616771 0.786730 0.008900 0.000000 0.000000 0.000000 1.000000
0.988319 0.133408 -0.073677 5.600900 -0.150194 0.770659 -0.619295 12.228400 -0.025839 0.623127 0.781694 0.008900 0.000000 0.000000 0.000000 1.000000
0.989305 0.127965 -0.070011 5.600900 -0.143531 0.768511 -0.623529 12.228400 -0.025986 0.626909 0.778659 0.008900 0.000000 0.000000 0.000000 1.000000
0.989748 0.125441 -0.068294 5.600900 -0.140434 0.767550 -0.625416 12.228400 -0.026034 0.628595 0.777297 0.008900 0.000000 0.000000 0.000000 1.000000
0.989819 0.125031 -0.068009 5.600900 -0.139928 0.767412 -0.625698 12.228400 -0.026041 0.628844 0.777095 0.008900 0.000000 0.000000 0.000000 1.000000
0.989778 0.125272 -0.068172 5.600900 -0.140223 0.767504 -0.625520 12.228400 -0.026037 0.628685 0.777224 0.008900 0.000000 0.000000 0.000000 1.000000
0.989742 0.125471 -0.068317 5.600900 -0.140473 0.767557 -0.625399 12.228400 -0.026032 0.628581 0.777308 0.008900 0.000000 0.000000 0.000000 1.000000
0.989745 0.125451 -0.068310 5.600900 -0.140452 0.767529 -0.625438 12.228400 -0.026032 0.628619 0.777278 0.008900 0.000000 0.000000 0.000000 1.000000
0.989760 0.125366 -0.068246 5.600900 -0.140344 0.767515 -0.625479 12.228400 -0.026034 0.628652 0.777251 0.008900 0.000000 0.000000 0.000000 1.000000
0.989764 0.125357 -0.068213 5.600900 -0.140319 0.767588 -0.625395 12.228400 -0.026038 0.628565 0.777321 0.008900 0.000000 0.000000 0.000000 1.000000
0.989759 0.125393 -0.068217 5.600900 -0.140352 0.767654 -0.625307 12.228400 -0.026042 0.628477 0.777392 0.008900 0.000000 0.000000 0.000000 1.000000
0.989760 0.125372 -0.068236 5.600900 -0.140344 0.767546 -0.625441 12.228400 -0.026039 0.628614 0.777282 0.008900 0.000000 0.000000 0.000000 1.000000
0.989775 0.125249 -0.068251 5.600900 -0.140243 0.767222 -0.625861 12.228400 -0.026025 0.629034 0.776942 0.008900 0.000000 0.000000 0.000000 1.000000
0.989785 0.125166 -0.068257 5.600900 -0.140175 0.767040 -0.626099 12.228400 -0.026011 0.629272 0.776750 0.008900 0.000000 0.000000 0.000000 1.000000
0.989757 0.125391 -0.068246 5.600900 -0.140367 0.767612 -0.625355 12.228400 -0.026027 0.628529 0.777350 0.008900 0.000000 0.000000 0.000000 1.000000
0.989702 0.125846 -0.068218 5.600900 -0.140751 0.768716 -0.623911 12.228400 -0.026077 0.627088 0.778512 0.008900 0.000000 0.000000 0.000000 1.000000
0.989699 0.125878 -0.068198 5.600900 -0.140766 0.768759 -0.623855 12.228400 -0.026101 0.627028 0.778559 0.008900 0.000000 0.000000 0.000000 1.000000
0.989908 0.124183 -0.068265 5.600900 -0.139314 0.764607 -0.629259 12.228400 -0.025947 0.632419 0.774191 0.008900 0.000000 0.000000 0.000000 1.000000
0.990323 0.120732 -0.068435 5.600900 -0.136412 0.756173 -0.639995 12.228400 -0.025519 0.643138 0.765325 0.008900 0.000000 0.000000 0.000000 1.000000
0.990724 0.117278 -0.068639 5.600900 -0.133577 0.747754 -0.650401 12.228400 -0.024953 0.653536 0.756484 0.008900 0.000000 0.000000 0.000000 1.000000
0.990633 0.118023 -0.068675 5.600900 -0.134246 0.749809 -0.647893 12.228400 -0.024973 0.651043 0.758630 0.008900 0.000000 0.000000 0.000000 1.000000
0.989662 0.126144 -0.068242 5.600900 -0.141035 0.769555 -0.622812 12.228400 -0.026047 0.625998 0.779390 0.008900 0.000000 0.000000 0.000000 1.000000</float_array>
        <technique_common>
          <accessor source="#mixamorig_RightHandIndex1-Matrix-animation-output-transform-array" count="63" stride="16">
            <param type="float4x4"/>
          </accessor>
        </technique_common>
      </source>
      <source id="mixamorig_RightHandIndex1-Interpolations">
        <Name_array id="mixamorig_RightHandIndex1-Interpolations-array" count="63">
 LINEAR LINEAR LINEAR LINEAR LINEAR LINEAR LINEAR LINEAR LINEAR LINEAR LINEAR
LINEAR LINEAR LINEAR LINEAR LINEAR LINEAR LINEAR LINEAR LINEAR LINEAR LINEAR LINEAR
LINEAR LINEAR LINEAR LINEAR LINEAR LINEAR LINEAR LINEAR LINEAR LINEAR LINEAR LINEAR
LINEAR LINEAR LINEAR LINEAR LINEAR LINEAR LINEAR LINEAR LINEAR LINEAR LINEAR LINEAR
LINEAR LINEAR LINEAR LINEAR LINEAR LINEAR LINEAR LINEAR LINEAR LINEAR LINEAR LINEAR
LINEAR LINEAR LINEAR LINEAR</Name_array>
        <technique_common>
          <accessor source="#mixamorig_RightHandIndex1-Interpolations-array" count="63">
            <param type="name"/>
          </accessor>
        </technique_common>
      </source>
      <sampler id="mixamorig_RightHandIndex1-Matrix-animation-transform">
        <input semantic="INPUT" source="#mixamorig_RightHandIndex1-Matrix-animation-input"/>
        <input semantic="OUTPUT" source="#mixamorig_RightHandIndex1-Matrix-animation-output-transform"/>
        <input semantic="INTERPOLATION" source="#mixamorig_RightHandIndex1-Interpolations"/>
      </sampler>
      <channel source="#mixamorig_RightHandIndex1-Matrix-animation-transform" target="mixamorig_RightHandIndex1/matrix"/>
    </animation>
    <animation id="mixamorig_RightHandIndex2-anim" name="mixamorig_RightHandIndex2">
      <source id="mixamorig_RightHandIndex2-Matrix-animation-input">
        <float_array id="mixamorig_RightHandIndex2-Matrix-animation-input-array" count="63">

0.000000 0.033333 0.066667 0.100000 0.133333 0.166667 0.200000 0.233333 0.266667 0.300000 0.333333 0.366667 0.400000 0.433333 0.466667 0.500000
0.533333 0.566667 0.600000 0.633333 0.666667 0.700000 0.733333 0.766667 0.800000 0.833333 0.866667 0.900000 0.933333 0.966667 1.000000 1.033333
1.066667 1.100000 1.133333 1.166667 1.200000 1.233333 1.266667 1.300000 1.333333 1.366667 1.400000 1.433333 1.466667 1.500000 1.533333 1.566667
1.600000 1.633333 1.666667 1.700000 1.733333 1.766667 1.800000 1.833333 1.866667 1.900000 1.933333 1.966667 2.000000 2.033333 2.066667</float_array>
        <technique_common>
          <accessor source="#mixamorig_RightHandIndex2-Matrix-animation-input-array" count="63">
            <param name="TIME" type="float"/>
          </accessor>
        </technique_common>
      </source>
      <source id="mixamorig_RightHandIndex2-Matrix-animation-output-transform">
        <float_array id="mixamorig_RightHandIndex2-Matrix-animation-output-transform-array" count="1008">

0.995904 -0.069852 0.057417 -0.010300 0.072915 0.244880 -0.966808 4.764000 0.053473 0.967034 0.248971 0.000000 0.000000 0.000000 0.000000 1.000000
0.996281 -0.068507 0.052260 -0.010300 0.071287 0.314680 -0.946517 4.764000 0.048398 0.946722 0.318394 0.000000 0.000000 0.000000 0.000000 1.000000
0.996795 -0.065996 0.045220 -0.010300 0.068392 0.409686 -0.909659 4.764000 0.041507 0.909836 0.412886 0.000000 0.000000 0.000000 0.000000 1.000000
0.997392 -0.061961 0.037002 -0.010300 0.063910 0.520161 -0.851674 4.764000 0.033523 0.851818 0.522765 -0.000000 0.000000 0.000000 0.000000 1.000000
0.998022 -0.056136 0.028309 -0.010300 0.057615 0.636401 -0.769203 4.764000 0.025164 0.769313 0.638377 0.000000 0.000000 0.000000 0.000000 1.000000
0.998633 -0.048371 0.019811 -0.010300 0.049392 0.749204 -0.660495 4.764000 0.017106 0.660571 0.750569 0.000000 0.000000 0.000000 0.000000 1.000000
0.999164 -0.038968 0.012359 -0.010300 0.039592 0.847086 -0.529980 4.764000 0.010183 0.530026 0.847920 -0.000000 0.000000 0.000000 0.000000 1.000000
0.999529 -0.029844 0.007171 -0.010300 0.030196 0.914190 -0.404159 4.764000 0.005506 0.404185 0.914661 -0.000000 0.000000 0.000000 0.000000 1.000000
0.999695 -0.024220 0.004766 -0.010300 0.024447 0.944741 -0.326905 4.764000 0.003415 0.326922 0.945045 0.000000 0.000000 0.000000 0.000000 1.000000
0.999651 -0.025867 0.005414 -0.010300 0.026127 0.936574 -0.349495 4.764000 0.003970 0.349514 0.936923 0.000000 0.000000 0.000000 0.000000 1.000000
0.999392 -0.033646 0.009124 -0.010300 0.034100 0.889068 -0.456504 4.764000 0.007247 0.456538 0.889675 0.000000 0.000000 0.000000 0.000000 1.000000
0.998937 -0.043396 0.015558 -0.010300 0.044190 0.805225 -0.591321 4.764000 0.013133 0.591379 0.806286 0.000000 0.000000 0.000000 0.000000 1.000000
0.998525 -0.049940 0.021323 -0.010300 0.051042 0.729209 -0.682385 4.764000 0.018529 0.682466 0.730682 0.000000 0.000000 0.000000 0.000000 1.000000
0.998320 -0.052662 0.024173 -0.010300 0.053917 0.691422 -0.720436 4.764000 0.021226 0.720529 0.693100 -0.000000 0.000000 0.000000 0.000000 1.000000
0.998290 -0.053038 0.024593 -0.010300 0.054317 0.685852 -0.725711 4.764000 0.021624 0.725806 0.687560 -0.000000 0.000000 0.000000 0.000000 1.000000
0.998325 -0.052599 0.024103 -0.010300 0.053851 0.692348 -0.719551 4.764000 0.021160 0.719644 0.694021 -0.000000 0.000000 0.000000 0.000000 1.000000
0.998487 -0.050458 0.021841 -0.010300 0.051588 0.722343 -0.689608 4.764000 0.019019 0.689692 0.723853 0.000000 0.000000 0.000000 0.000000 1.000000
0.998880 -0.044392 0.016349 -0.010300 0.045228 0.794834 -0.605140 4.764000 0.013869 0.605202 0.795951 0.000000 0.000000 0.000000 0.000000 1.000000
0.999386 -0.033800 0.009210 -0.010300 0.034258 0.887969 -0.458626 4.764000 0.007324 0.458660 0.888582 0.000000 0.000000 0.000000 0.000000 1.000000
0.999769 -0.021189 0.003692 -0.010300 0.021362 0.958183 -0.285359 4.764000 0.002509 0.285372 0.958414 0.000000 0.000000 0.000000 0.000000 1.000000
0.999933 -0.011502 0.001210 -0.010300 0.011552 0.988164 -0.152968 4.764000 0.000564 0.152972 0.988230 0.000000 0.000000 0.000000 0.000000 1.000000
0.999972 -0.007499 0.000582 -0.010300 0.007520 0.995117 -0.098413 4.764000 0.000159 0.098415 0.995145 -0.000000 0.000000 0.000000 0.000000 1.000000
0.999959 -0.009036 0.000797 -0.010300 0.009066 0.992811 -0.119345 4.764000 0.000287 0.119348 0.992852 0.000000 0.000000 0.000000 0.000000 1.000000
0.999903 -0.013845 0.001683 -0.010300 0.013918 0.982651 -0.184941 4.764000 0.000907 0.184946 0.982748 0.000000 0.000000 0.000000 0.000000 1.000000
0.999786 -0.020417 0.003442 -0.010300 0.020577 0.961286 -0.274782 4.764000 0.002302 0.274794 0.961500 0.000000 0.000000 0.000000 0.000000 1.000000
0.999611 -0.027226 0.005983 -0.010300 0.027516 0.929354 -0.368164 4.764000 0.004463 0.368186 0.929742 0.000000 0.000000 0.000000 0.000000 1.000000
0.999403 -0.033377 0.008977 -0.010300 0.033823 0.890970 -0.452800 4.764000 0.007115 0.452834 0.891567 0.000000 0.000000 0.000000 0.000000 1.000000
0.999202 -0.038151 0.011821 -0.010300 0.038747 0.854089 -0.518682 4.764000 0.009692 0.518727 0.854885 0.000000 0.000000 0.000000 0.000000 1.000000
0.999030 -0.041666 0.014248 -0.010300 0.042390 0.822401 -0.567327 4.764000 0.011921 0.567381 0.823369 0.000000 0.000000 0.000000 0.000000 1.000000
0.998884 -0.044330 0.016300 -0.010300 0.045164 0.795482 -0.604291 4.764000 0.013823 0.604353 0.796597 0.000000 0.000000 0.000000 0.000000 1.000000
0.998732 -0.046842 0.018421 -0.010300 0.047789 0.767552 -0.639203 4.764000 0.015802 0.639273 0.768817 -0.000000 0.000000 0.000000 0.000000 1.000000
0.998554 -0.049518 0.020908 -0.010300 0.050599 0.734703 -0.676499 4.764000 0.018138 0.676579 0.736146 0.000000 0.000000 0.000000 0.000000 1.000000
0.998340 -0.052400 0.023885 -0.010300 0.053640 0.695247 -0.716766 4.764000 0.020952 0.716858 0.696904 0.000000 0.000000 0.000000 0.000000 1.000000
0.998102 -0.055256 0.027201 -0.010300 0.056674 0.651157 -0.756824 4.764000 0.024106 0.756929 0.653052 0.000000 0.000000 0.000000 0.000000 1.000000
0.997846 -0.057950 0.030741 -0.010300 0.059560 0.603967 -0.794781 4.764000 0.027491 0.794900 0.606118 0.000000 0.000000 0.000000 0.000000 1.000000
0.997581 -0.060403 0.034400 -0.010300 0.062211 0.555037 -0.829496 4.764000 0.031011 0.829629 0.557453 0.000000 0.000000 0.000000 0.000000 1.000000
0.997311 -0.062585 0.038118 -0.010300 0.064595 0.505193 -0.860585 4.764000 0.034603 0.860734 0.507878 0.000000 0.000000 0.000000 0.000000 1.000000
0.997044 -0.064471 0.041800 -0.010300 0.066681 0.455728 -0.887618 4.764000 0.038176 0.887781 0.458679 -0.000000 0.000000 0.000000 0.000000 1.000000
0.996785 -0.066053 0.045358 -0.010300 0.068456 0.407836 -0.910485 4.764000 0.041641 0.910663 0.411046 -0.000000 0.000000 0.000000 0.000000 1.000000
0.996542 -0.067334 0.048688 -0.010300 0.069919 0.362931 -0.929189 4.764000 0.044896 0.929380 0.366384 0.000000 0.000000 0.000000 0.000000 1.000000
0.996326 -0.068318 0.051640 -0.010300 0.071065 0.323054 -0.943709 4.764000 0.047790 0.943911 0.326722 -0.000000 0.000000 0.000000 0.000000 1.000000
0.996144 -0.069042 0.054134 -0.010300 0.071926 0.289326 -0.954525 4.764000 0.050240 0.954738 0.293176 0.000000 0.000000 0.000000 0.000000 1.000000
0.996009 -0.069516 0.055976 -0.010300 0.072500 0.264393 -0.961686 4.764000 0.052053 0.961906 0.268377 0.000000 0.000000 0.000000 0.000000 1.000000
0.995926 -0.069785 0.057118 -0.010300 0.072831 0.248927 -0.965780 4.764000 0.053179 0.966005 0.252995 0.000000 0.000000 0.000000 0.000000 1.000000
0.995887 -0.069902 0.057645 -0.010300 0.072978 0.241776 -0.967584 4.764000 0.053699 0.967811 0.245883 0.000000 0.000000 0.000000 0.000000 1.000000
0.995881 -0.069921 0.057730 -0.010300 0.073001 0.240627 -0.967868 4.764000 0.053783 0.968096 0.244740 0.000000 0.000000 0.000000 0.000000 1.000000
0.995884 -0.069910 0.057680 -0.010300 0.072987 0.241309 -0.967700 4.764000 0.053733 0.967927 0.245419 0.000000 0.000000 0.000000 0.000000 1.000000
0.995887 -0.069901 0.057639 -0.010300 0.072976 0.241862 -0.967563 4.764000 0.053693 0.967790 0.245968 0.000000 0.000000 0.000000 0.000000 1.000000
0.995887 -0.069902 0.057644 -0.010300 0.072977 0.241793 -0.967580 4.764000 0.053698 0.967807 0.245900 0.000000 0.000000 0.000000 0.000000 1.000000
0.995886 -0.069906 0.057661 -0.010300 0.072982 0.241566 -0.967636 4.764000 0.053714 0.967863 0.245674 -0.000000 0.000000 0.000000 0.000000 1.000000
0.995886 -0.069905 0.057660 -0.010300 0.072981 0.241584 -0.967632 4.764000 0.053713 0.967859 0.245692 0.000000 0.000000 0.000000 0.000000 1.000000
0.995886 -0.069904 0.057651 -0.010300 0.072979 0.241710 -0.967600 4.764000 0.053704 0.967827 0.245818 -0.000000 0.000000 0.000000 0.000000 1.000000
0.995886 -0.069906 0.057660 -0.010300 0.072982 0.241586 -0.967631 4.764000 0.053713 0.967858 0.245694 0.000000 0.000000 0.000000 0.000000 1.000000
0.995883 -0.069914 0.057697 -0.010300 0.072992 0.241076 -0.967758 4.764000 0.053750 0.967985 0.245186 0.000000 0.000000 0.000000 0.000000 1.000000
0.995881 -0.069918 0.057719 -0.010300 0.072998 0.240780 -0.967831 4.764000 0.053771 0.968058 0.244892 0.000000 0.000000 0.000000 0.000000 1.000000
0.995887 -0.069903 0.057649 -0.010300 0.072979 0.241729 -0.967596 4.764000 0.053702 0.967823 0.245836 0.000000 0.000000 0.000000 0.000000 1.000000
0.995896 -0.069874 0.057515 -0.010300 0.072942 0.243542 -0.967144 4.764000 0.053570 0.967370 0.247640 0.000000 0.000000 0.000000 0.000000 1.000000
0.995896 -0.069873 0.057514 -0.010300 0.072942 0.243562 -0.967139 4.764000 0.053569 0.967365 0.247659 -0.000000 0.000000 0.000000 0.000000 1.000000
0.995859 -0.069984 0.058024 -0.010300 0.073081 0.236646 -0.968844 4.764000 0.054072 0.969072 0.240781 0.000000 0.000000 0.000000 0.000000 1.000000
0.995785 -0.070193 0.059037 -0.010300 0.073344 0.222919 -0.972074 4.764000 0.055072 0.972307 0.227127 -0.000000 0.000000 0.000000 0.000000 1.000000
0.995713 -0.070381 0.060019 -0.010300 0.073586 0.209591 -0.975016 4.764000 0.056043 0.975253 0.213872 0.000000 0.000000 0.000000 0.000000 1.000000
0.995731 -0.070334 0.059766 -0.010300 0.073526 0.213026 -0.974276 4.764000 0.055793 0.974512 0.217288 0.000000 0.000000 0.000000 0.000000 1.000000
0.995904 -0.069852 0.057417 -0.010300 0.072915 0.244881 -0.966808 4.764000 0.053473 0.967034 0.248971 0.000000 0.000000 0.000000 0.000000 1.000000</float_array>
        <technique_common>
          <accessor source="#mixamorig_RightHandIndex2-Matrix-animation-output-transform-array" count="63" stride="16">
            <param type="float4x4"/>
          </accessor>
        </technique_common>
      </source>
      <source id="mixamorig_RightHandIndex2-Interpolations">
        <Name_array id="mixamorig_RightHandIndex2-Interpolations-array" count="63">
 LINEAR LINEAR LINEAR LINEAR LINEAR LINEAR LINEAR LINEAR LINEAR LINEAR LINEAR
LINEAR LINEAR LINEAR LINEAR LINEAR LINEAR LINEAR LINEAR LINEAR LINEAR LINEAR LINEAR
LINEAR LINEAR LINEAR LINEAR LINEAR LINEAR LINEAR LINEAR LINEAR LINEAR LINEAR LINEAR
LINEAR LINEAR LINEAR LINEAR LINEAR LINEAR LINEAR LINEAR LINEAR LINEAR LINEAR LINEAR
LINEAR LINEAR LINEAR LINEAR LINEAR LINEAR LINEAR LINEAR LINEAR LINEAR LINEAR LINEAR
LINEAR LINEAR LINEAR LINEAR</Name_array>
        <technique_common>
          <accessor source="#mixamorig_RightHandIndex2-Interpolations-array" count="63">
            <param type="name"/>
          </accessor>
        </technique_common>
      </source>
      <sampler id="mixamorig_RightHandIndex2-Matrix-animation-transform">
        <input semantic="INPUT" source="#mixamorig_RightHandIndex2-Matrix-animation-input"/>
        <input semantic="OUTPUT" source="#mixamorig_RightHandIndex2-Matrix-animation-output-transform"/>
        <input semantic="INTERPOLATION" source="#mixamorig_RightHandIndex2-Interpolations"/>
      </sampler>
      <channel source="#mixamorig_RightHandIndex2-Matrix-animation-transform" target="mixamorig_RightHandIndex2/matrix"/>
    </animation>
    <animation id="mixamorig_RightHandIndex3-anim" name="mixamorig_RightHandIndex3">
      <source id="mixamorig_RightHandIndex3-Matrix-animation-input">
        <float_array id="mixamorig_RightHandIndex3-Matrix-animation-input-array" count="63">

0.000000 0.033333 0.066667 0.100000 0.133333 0.166667 0.200000 0.233333 0.266667 0.300000 0.333333 0.366667 0.400000 0.433333 0.466667 0.500000
0.533333 0.566667 0.600000 0.633333 0.666667 0.700000 0.733333 0.766667 0.800000 0.833333 0.866667 0.900000 0.933333 0.966667 1.000000 1.033333
1.066667 1.100000 1.133333 1.166667 1.200000 1.233333 1.266667 1.300000 1.333333 1.366667 1.400000 1.433333 1.466667 1.500000 1.533333 1.566667
1.600000 1.633333 1.666667 1.700000 1.733333 1.766667 1.800000 1.833333 1.866667 1.900000 1.933333 1.966667 2.000000 2.033333 2.066667</float_array>
        <technique_common>
          <accessor source="#mixamorig_RightHandIndex3-Matrix-animation-input-array" count="63">
            <param name="TIME" type="float"/>
          </accessor>
        </technique_common>
      </source>
      <source id="mixamorig_RightHandIndex3-Matrix-animation-output-transform">
        <float_array id="mixamorig_RightHandIndex3-Matrix-animation-output-transform-array" count="1008">

0.999430 -0.033335 0.005380 -0.008400 0.033036 0.932397 -0.359924 4.419800 0.006982 0.359896 0.932966 0.000000 0.000000 0.000000 0.000000 1.000000
0.999469 -0.032200 0.004919 -0.008400 0.031923 0.938294 -0.344362 4.419800 0.006473 0.344336 0.938824 0.000000 0.000000 0.000000 0.000000 1.000000
0.999523 -0.030585 0.004300 -0.008400 0.030338 0.946175 -0.322230 4.419800 0.005787 0.322207 0.946652 0.000000 0.000000 0.000000 0.000000 1.000000
0.999586 -0.028544 0.003580 -0.008400 0.028333 0.955297 -0.294286 4.419800 0.004980 0.294265 0.955711 0.000000 0.000000 0.000000 0.000000 1.000000
0.999655 -0.026124 0.002812 -0.008400 0.025951 0.964940 -0.261183 4.419800 0.004110 0.261166 0.965285 0.000000 0.000000 0.000000 0.000000 1.000000
0.999724 -0.023418 0.002060 -0.008400 0.023284 0.974262 -0.224211 4.419800 0.003244 0.224197 0.974538 0.000000 0.000000 0.000000 0.000000 1.000000
0.999786 -0.020631 0.001400 -0.008400 0.020531 0.982304 -0.186165 4.419800 0.002466 0.186154 0.982517 0.000000 0.000000 0.000000 0.000000 1.000000
0.999835 -0.018162 0.000909 -0.008400 0.018088 0.988140 -0.152487 4.419800 0.001871 0.152478 0.988305 0.000000 0.000000 0.000000 0.000000 1.000000
0.999866 -0.016361 0.000607 -0.008400 0.016304 0.991647 -0.127947 4.419800 0.001492 0.127940 0.991781 0.000000 0.000000 0.000000 0.000000 1.000000
0.999881 -0.015445 0.000470 -0.008400 0.015396 0.993191 -0.115478 4.419800 0.001316 0.115472 0.993310 0.000000 0.000000 0.000000 0.000000 1.000000
0.999885 -0.015158 0.000430 -0.008400 0.015112 0.993642 -0.111569 4.419800 0.001264 0.111563 0.993757 0.000000 0.000000 0.000000 0.000000 1.000000
0.999884 -0.015211 0.000437 -0.008400 0.015164 0.993560 -0.112292 4.419800 0.001274 0.112286 0.993675 0.000000 0.000000 0.000000 0.000000 1.000000
0.999883 -0.015292 0.000449 -0.008400 0.015244 0.993434 -0.113391 4.419800 0.001288 0.113384 0.993550 0.000000 0.000000 0.000000 0.000000 1.000000
0.999883 -0.015309 0.000451 -0.008400 0.015261 0.993407 -0.113619 4.419800 0.001291 0.113613 0.993524 0.000000 0.000000 0.000000 0.000000 1.000000
0.999883 -0.015280 0.000447 -0.008400 0.015233 0.993452 -0.113231 4.419800 0.001286 0.113225 0.993569 0.000000 0.000000 0.000000 0.000000 1.000000
0.999883 -0.015258 0.000444 -0.008400 0.015211 0.993487 -0.112928 4.419800 0.001282 0.112922 0.993603 0.000000 0.000000 0.000000 0.000000 1.000000
0.999883 -0.015258 0.000444 -0.008400 0.015210 0.993487 -0.112925 4.419800 0.001282 0.112919 0.993603 0.000000 0.000000 0.000000 0.000000 1.000000
0.999883 -0.015269 0.000445 -0.008400 0.015221 0.993470 -0.113073 4.419800 0.001284 0.113066 0.993587 0.000000 0.000000 0.000000 0.000000 1.000000
0.999883 -0.015275 0.000446 -0.008400 0.015228 0.993460 -0.113163 4.419800 0.001285 0.113157 0.993576 0.000000 0.000000 0.000000 0.000000 1.000000
0.999883 -0.015265 0.000445 -0.008400 0.015217 0.993476 -0.113020 4.419800 0.001283 0.113013 0.993593 0.000000 0.000000 0.000000 0.000000 1.000000
0.999884 -0.015236 0.000441 -0.008400 0.015189 0.993521 -0.112628 4.419800 0.001278 0.112622 0.993637 -0.000000 0.000000 0.000000 0.000000 1.000000
0.999884 -0.015195 0.000435 -0.008400 0.015148 0.993585 -0.112067 4.419800 0.001270 0.112060 0.993701 -0.000000 0.000000 0.000000 0.000000 1.000000
0.999885 -0.015161 0.000431 -0.008400 0.015114 0.993638 -0.111603 4.419800 0.001264 0.111596 0.993753 0.000000 0.000000 0.000000 0.000000 1.000000
0.999885 -0.015157 0.000430 -0.008400 0.015110 0.993644 -0.111551 4.419800 0.001263 0.111545 0.993759 -0.000000 0.000000 0.000000 0.000000 1.000000
0.999884 -0.015215 0.000438 -0.008400 0.015168 0.993554 -0.112343 4.419800 0.001274 0.112336 0.993669 0.000000 0.000000 0.000000 0.000000 1.000000
0.999882 -0.015355 0.000458 -0.008400 0.015307 0.993334 -0.114251 4.419800 0.001300 0.114245 0.993452 0.000000 0.000000 0.000000 0.000000 1.000000
0.999878 -0.015597 0.000492 -0.008400 0.015547 0.992946 -0.117547 4.419800 0.001345 0.117540 0.993067 0.000000 0.000000 0.000000 0.000000 1.000000
0.999872 -0.015984 0.000549 -0.008400 0.015930 0.992302 -0.122813 4.419800 0.001418 0.122806 0.992430 0.000000 0.000000 0.000000 0.000000 1.000000
0.999863 -0.016531 0.000633 -0.008400 0.016472 0.991343 -0.130260 4.419800 0.001525 0.130253 0.991480 0.000000 0.000000 0.000000 0.000000 1.000000
0.999850 -0.017279 0.000755 -0.008400 0.017214 0.989937 -0.140458 4.419800 0.001679 0.140450 0.990086 0.000000 0.000000 0.000000 0.000000 1.000000
0.999833 -0.018230 0.000922 -0.008400 0.018155 0.987995 -0.153413 4.419800 0.001886 0.153404 0.988162 -0.000000 0.000000 0.000000 0.000000 1.000000
0.999812 -0.019350 0.001134 -0.008400 0.019264 0.985480 -0.168695 4.419800 0.002147 0.168685 0.985668 0.000000 0.000000 0.000000 0.000000 1.000000
0.999786 -0.020625 0.001398 -0.008400 0.020525 0.982320 -0.186083 4.419800 0.002464 0.186072 0.982533 0.000000 0.000000 0.000000 0.000000 1.000000
0.999757 -0.021991 0.001707 -0.008400 0.021875 0.978576 -0.204720 4.419800 0.002831 0.204708 0.978819 0.000000 0.000000 0.000000 0.000000 1.000000
0.999724 -0.023418 0.002060 -0.008400 0.023283 0.974264 -0.224204 4.419800 0.003244 0.224190 0.974540 0.000000 0.000000 0.000000 0.000000 1.000000
0.999688 -0.024868 0.002449 -0.008400 0.024714 0.969455 -0.244023 4.419800 0.003694 0.244007 0.969766 0.000000 0.000000 0.000000 0.000000 1.000000
0.999650 -0.026308 0.002867 -0.008400 0.026133 0.964251 -0.263699 4.419800 0.004173 0.263682 0.964601 0.000000 0.000000 0.000000 0.000000 1.000000
0.999611 -0.027698 0.003301 -0.008400 0.027501 0.958811 -0.282711 4.419800 0.004666 0.282691 0.959200 0.000000 0.000000 0.000000 0.000000 1.000000
0.999572 -0.029009 0.003738 -0.008400 0.028791 0.953298 -0.300657 4.419800 0.005158 0.300636 0.953725 0.000000 0.000000 0.000000 0.000000 1.000000
0.999535 -0.030214 0.004164 -0.008400 0.029975 0.947899 -0.317157 4.419800 0.005635 0.317134 0.948364 0.000000 0.000000 0.000000 0.000000 1.000000
0.999501 -0.031270 0.004557 -0.008400 0.031011 0.942905 -0.331614 4.419800 0.006072 0.331590 0.943404 0.000000 0.000000 0.000000 0.000000 1.000000
0.999471 -0.032153 0.004900 -0.008400 0.031878 0.938534 -0.343713 4.419800 0.006452 0.343687 0.939062 0.000000 0.000000 0.000000 0.000000 1.000000
0.999449 -0.032801 0.005160 -0.008400 0.032513 0.935210 -0.352597 4.419800 0.006739 0.352571 0.935761 0.000000 0.000000 0.000000 0.000000 1.000000
0.999435 -0.033200 0.005325 -0.008400 0.032905 0.933109 -0.358085 4.419800 0.006920 0.358058 0.933674 0.000000 0.000000 0.000000 0.000000 1.000000
0.999428 -0.033385 0.005401 -0.008400 0.033086 0.932125 -0.360621 4.419800 0.007005 0.360594 0.932697 -0.000000 0.000000 0.000000 0.000000 1.000000
0.999427 -0.033416 0.005414 -0.008400 0.033116 0.931965 -0.361032 4.419800 0.007019 0.361004 0.932538 -0.000000 0.000000 0.000000 0.000000 1.000000
0.999428 -0.033398 0.005406 -0.008400 0.033098 0.932059 -0.360791 4.419800 0.007010 0.360763 0.932631 -0.000000 0.000000 0.000000 0.000000 1.000000
0.999428 -0.033383 0.005401 -0.008400 0.033084 0.932138 -0.360589 4.419800 0.007004 0.360561 0.932709 0.000000 0.000000 0.000000 0.000000 1.000000
0.999428 -0.033385 0.005401 -0.008400 0.033085 0.932131 -0.360608 4.419800 0.007005 0.360580 0.932702 0.000000 0.000000 0.000000 0.000000 1.000000
0.999428 -0.033391 0.005403 -0.008400 0.033091 0.932097 -0.360693 4.419800 0.007008 0.360666 0.932669 -0.000000 0.000000 0.000000 0.000000 1.000000
0.999428 -0.033392 0.005404 -0.008400 0.033093 0.932092 -0.360706 4.419800 0.007008 0.360679 0.932664 0.000000 0.000000 0.000000 0.000000 1.000000
0.999428 -0.033389 0.005403 -0.008400 0.033090 0.932104 -0.360675 4.419800 0.007007 0.360648 0.932676 0.000000 0.000000 0.000000 0.000000 1.000000
0.999428 -0.033391 0.005403 -0.008400 0.033092 0.932097 -0.360695 4.419800 0.007008 0.360668 0.932668 0.000000 0.000000 0.000000 0.000000 1.000000
0.999427 -0.033399 0.005407 -0.008400 0.033100 0.932054 -0.360805 4.419800 0.007011 0.360778 0.932625 0.000000 0.000000 0.000000 0.000000 1.000000
0.999427 -0.033404 0.005409 -0.008400 0.033104 0.932029 -0.360869 4.419800 0.007013 0.360841 0.932601 0.000000 0.000000 0.000000 0.000000 1.000000
0.999428 -0.033388 0.005402 -0.008400 0.033088 0.932113 -0.360653 4.419800 0.007006 0.360625 0.932685 -0.000000 0.000000 0.000000 0.000000 1.000000
0.999429 -0.033358 0.005390 -0.008400 0.033060 0.932270 -0.360249 4.419800 0.006992 0.360221 0.932841 0.000000 0.000000 0.000000 0.000000 1.000000
0.999429 -0.033359 0.005390 -0.008400 0.033060 0.932266 -0.360260 4.419800 0.006993 0.360233 0.932836 0.000000 0.000000 0.000000 0.000000 1.000000
0.999425 -0.033474 0.005438 -0.008400 0.033173 0.931654 -0.361830 4.419800 0.007045 0.361802 0.932228 0.000000 0.000000 0.000000 0.000000 1.000000
0.999417 -0.033696 0.005532 -0.008400 0.033391 0.930453 -0.364886 4.419800 0.007148 0.364858 0.931036 0.000000 0.000000 0.000000 0.000000 1.000000
0.999409 -0.033908 0.005621 -0.008400 0.033598 0.929304 -0.367784 4.419800 0.007247 0.367755 0.929894 0.000000 0.000000 0.000000 0.000000 1.000000
0.999411 -0.033848 0.005596 -0.008400 0.033539 0.929631 -0.366963 4.419800 0.007219 0.366934 0.930219 0.000000 0.000000 0.000000 0.000000 1.000000
0.999430 -0.033335 0.005380 -0.008400 0.033036 0.932397 -0.359924 4.419800 0.006982 0.359896 0.932966 0.000000 0.000000 0.000000 0.000000 1.000000</float_array>
        <technique_common>
          <accessor source="#mixamorig_RightHandIndex3-Matrix-animation-output-transform-array" count="63" stride="16">
            <param type="float4x4"/>
          </accessor>
        </technique_common>
      </source>
      <source id="mixamorig_RightHandIndex3-Interpolations">
        <Name_array id="mixamorig_RightHandIndex3-Interpolations-array" count="63">
 LINEAR LINEAR LINEAR LINEAR LINEAR LINEAR LINEAR LINEAR LINEAR LINEAR LINEAR
LINEAR LINEAR LINEAR LINEAR LINEAR LINEAR LINEAR LINEAR LINEAR LINEAR LINEAR LINEAR
LINEAR LINEAR LINEAR LINEAR LINEAR LINEAR LINEAR LINEAR LINEAR LINEAR LINEAR LINEAR
LINEAR LINEAR LINEAR LINEAR LINEAR LINEAR LINEAR LINEAR LINEAR LINEAR LINEAR LINEAR
LINEAR LINEAR LINEAR LINEAR LINEAR LINEAR LINEAR LINEAR LINEAR LINEAR LINEAR LINEAR
LINEAR LINEAR LINEAR LINEAR</Name_array>
        <technique_common>
          <accessor source="#mixamorig_RightHandIndex3-Interpolations-array" count="63">
            <param type="name"/>
          </accessor>
        </technique_common>
      </source>
      <sampler id="mixamorig_RightHandIndex3-Matrix-animation-transform">
        <input semantic="INPUT" source="#mixamorig_RightHandIndex3-Matrix-animation-input"/>
        <input semantic="OUTPUT" source="#mixamorig_RightHandIndex3-Matrix-animation-output-transform"/>
        <input semantic="INTERPOLATION" source="#mixamorig_RightHandIndex3-Interpolations"/>
      </sampler>
      <channel source="#mixamorig_RightHandIndex3-Matrix-animation-transform" target="mixamorig_RightHandIndex3/matrix"/>
    </animation>
    <animation id="mixamorig_RightHandMiddle1-anim" name="mixamorig_RightHandMiddle1">
      <source id="mixamorig_RightHandMiddle1-Matrix-animation-input">
        <float_array id="mixamorig_RightHandMiddle1-Matrix-animation-input-array" count="63">

0.000000 0.033333 0.066667 0.100000 0.133333 0.166667 0.200000 0.233333 0.266667 0.300000 0.333333 0.366667 0.400000 0.433333 0.466667 0.500000
0.533333 0.566667 0.600000 0.633333 0.666667 0.700000 0.733333 0.766667 0.800000 0.833333 0.866667 0.900000 0.933333 0.966667 1.000000 1.033333
1.066667 1.100000 1.133333 1.166667 1.200000 1.233333 1.266667 1.300000 1.333333 1.366667 1.400000 1.433333 1.466667 1.500000 1.533333 1.566667
1.600000 1.633333 1.666667 1.700000 1.733333 1.766667 1.800000 1.833333 1.866667 1.900000 1.933333 1.966667 2.000000 2.033333 2.066667</float_array>
        <technique_common>
          <accessor source="#mixamorig_RightHandMiddle1-Matrix-animation-input-array" count="63">
            <param name="TIME" type="float"/>
          </accessor>
        </technique_common>
      </source>
      <source id="mixamorig_RightHandMiddle1-Matrix-animation-output-transform">
        <float_array id="mixamorig_RightHandMiddle1-Matrix-animation-output-transform-array" count="1008">

0.997967 0.010172 -0.062915 1.826300 -0.055838 0.615417 -0.786221 12.030300 0.030721 0.788136 0.614734 -0.078200 0.000000 0.000000 0.000000 1.000000
0.997908 0.019926 -0.061495 1.826300 -0.058873 0.673024 -0.737274 12.030300 0.026697 0.739353 0.672789 -0.078200 0.000000 0.000000 0.000000 1.000000
0.997744 0.033309 -0.058283 1.826300 -0.063599 0.746883 -0.661907 12.030300 0.021483 0.664121 0.747316 -0.078200 0.000000 0.000000 0.000000 1.000000
0.997421 0.048882 -0.052553 1.826300 -0.069988 0.824678 -0.561256 12.030300 0.015903 0.563486 0.825972 -0.078200 0.000000 0.000000 0.000000 1.000000
0.996906 0.065217 -0.043882 1.826300 -0.077874 0.895404 -0.438393 12.030300 0.010701 0.440453 0.897712 -0.078200 0.000000 0.000000 0.000000 1.000000
0.996179 0.081245 -0.032034 1.826300 -0.087097 0.951172 -0.296120 12.030300 0.006412 0.297778 0.954613 -0.078200 0.000000 0.000000 0.000000 1.000000
0.995272 0.095531 -0.017548 1.826300 -0.097065 0.984837 -0.143785 12.030300 0.003545 0.144808 0.989453 -0.078200 0.000000 0.000000 0.000000 1.000000
0.994419 0.105423 -0.004135 1.826300 -0.105477 0.994288 -0.016333 12.030300 0.002389 0.016678 0.999858 -0.078200 0.000000 0.000000 0.000000 1.000000
0.994069 0.108748 0.001312 1.826300 -0.108733 0.993537 0.032573 12.030300 0.002238 -0.032522 0.999469 -0.078200 0.000000 0.000000 0.000000 1.000000
0.994728 0.102150 -0.009034 1.826300 -0.102514 0.992824 -0.061576 12.030300 0.002679 0.062177 0.998062 -0.078200 0.000000 0.000000 0.000000 1.000000
0.996056 0.083467 -0.030090 1.826300 -0.088529 0.957507 -0.274488 12.030300 0.005901 0.276069 0.961120 -0.078200 0.000000 0.000000 0.000000 1.000000
0.997236 0.055550 -0.049348 1.826300 -0.073031 0.855161 -0.513193 12.030300 0.013693 0.515378 0.856853 -0.078200 0.000000 0.000000 0.000000 1.000000
0.997754 0.032872 -0.058363 1.826300 -0.063386 0.745067 -0.663971 12.030300 0.021658 0.666179 0.745477 -0.078200 0.000000 0.000000 0.000000 1.000000
0.997887 0.022441 -0.060976 1.826300 -0.059675 0.687748 -0.723492 12.030300 0.025700 0.725602 0.687634 -0.078200 0.000000 0.000000 0.000000 1.000000
0.997895 0.021046 -0.061341 1.826300 -0.059313 0.678658 -0.732056 12.030300 0.026222 0.734153 0.678478 -0.078200 0.000000 0.000000 0.000000 1.000000
0.997871 0.022943 -0.061046 1.826300 -0.060051 0.688335 -0.722903 12.030300 0.025434 0.725030 0.688248 -0.078200 0.000000 0.000000 0.000000 1.000000
0.997769 0.031505 -0.058866 1.826300 -0.062986 0.736625 -0.673362 12.030300 0.022148 0.675568 0.736965 -0.078200 0.000000 0.000000 0.000000 1.000000
0.997331 0.053015 -0.050199 1.826300 -0.071554 0.846411 -0.527701 12.030300 0.014513 0.529885 0.847945 -0.078200 0.000000 0.000000 0.000000 1.000000
0.996108 0.083076 -0.029441 1.826300 -0.087946 0.958944 -0.269616 12.030300 0.005834 0.271156 0.962518 -0.078200 0.000000 0.000000 0.000000 1.000000
0.993886 0.110412 -0.000009 1.826300 -0.110375 0.993554 0.025861 12.030300 0.002864 -0.025702 0.999666 -0.078200 0.000000 0.000000 0.000000 1.000000
0.991217 0.130255 0.022869 1.826300 -0.131981 0.963336 0.233590 12.030300 0.008396 -0.234557 0.972066 -0.078200 0.000000 0.000000 0.000000 1.000000
0.988464 0.148702 0.028761 1.826300 -0.150304 0.939682 0.307257 12.030300 0.018663 -0.308035 0.951192 -0.078200 0.000000 0.000000 0.000000 1.000000
0.985399 0.169312 0.017923 1.826300 -0.167976 0.949613 0.264611 12.030300 0.027782 -0.263759 0.964189 -0.078200 0.000000 0.000000 0.000000 1.000000
0.981800 0.189904 -0.002444 1.826300 -0.187316 0.970380 0.152565 12.030300 0.031344 -0.149330 0.988290 -0.078200 0.000000 0.000000 0.000000 1.000000
0.977895 0.207381 -0.026717 1.826300 -0.207482 0.978238 -0.001025 12.030300 0.025923 0.006546 0.999643 -0.078200 0.000000 0.000000 0.000000 1.000000
0.974283 0.219726 -0.049929 1.826300 -0.225002 0.960583 -0.163258 12.030300 0.012089 0.170294 0.985319 -0.078200 0.000000 0.000000 0.000000 1.000000
0.971485 0.226839 -0.069001 1.826300 -0.237008 0.920885 -0.309512 12.030300 -0.006667 0.317040 0.948389 -0.078200 0.000000 0.000000 0.000000 1.000000
0.969867 0.229571 -0.081584 1.826300 -0.242434 0.876130 -0.416679 12.030300 -0.024179 0.423902 0.905385 -0.078200 0.000000 0.000000 0.000000 1.000000
0.969315 0.229198 -0.088866 1.826300 -0.243075 0.839760 -0.485508 12.030300 -0.036652 0.492211 0.869704 -0.078200 0.000000 0.000000 0.000000 1.000000
0.969863 0.225614 -0.091998 1.826300 -0.239787 0.816849 -0.524653 12.030300 -0.043220 0.530901 0.846331 -0.078200 0.000000 0.000000 0.000000 1.000000
0.971413 0.218423 -0.092994 1.826300 -0.232848 0.800355 -0.552461 12.030300 -0.046242 0.558321 0.828335 -0.078200 0.000000 0.000000 0.000000 1.000000
0.973759 0.207733 -0.092954 1.826300 -0.222575 0.784073 -0.579387 12.030300 -0.047475 0.584873 0.809735 -0.078200 0.000000 0.000000 0.000000 1.000000
0.976763 0.193480 -0.092193 1.826300 -0.209082 0.765670 -0.608305 12.030300 -0.047105 0.613446 0.788331 -0.078200 0.000000 0.000000 0.000000 1.000000
0.980044 0.176872 -0.090720 1.826300 -0.193643 0.746400 -0.636702 12.030300 -0.044902 0.641564 0.765755 -0.078200 0.000000 0.000000 0.000000 1.000000
0.983394 0.158431 -0.088521 1.826300 -0.176891 0.727711 -0.662681 12.030300 -0.040572 0.667335 0.743652 -0.078200 0.000000 0.000000 0.000000 1.000000
0.986602 0.138795 -0.085745 1.826300 -0.159502 0.710169 -0.685726 12.030300 -0.034282 0.690215 0.722792 -0.078200 0.000000 0.000000 0.000000 1.000000
0.989504 0.118594 -0.082571 1.826300 -0.142053 0.693375 -0.706436 12.030300 -0.026527 0.710750 0.702944 -0.078200 0.000000 0.000000 0.000000 1.000000
0.991989 0.098392 -0.079227 1.826300 -0.125084 0.677365 -0.724935 12.030300 -0.017662 0.729037 0.684246 -0.078200 0.000000 0.000000 0.000000 1.000000
0.994002 0.078801 -0.075830 1.826300 -0.109052 0.662204 -0.741346 12.030300 -0.008204 0.745169 0.666826 -0.078200 0.000000 0.000000 0.000000 1.000000
0.995539 0.060357 -0.072516 1.826300 -0.094337 0.648313 -0.755507 12.030300 0.001412 0.758978 0.651115 -0.078200 0.000000 0.000000 0.000000 1.000000
0.996619 0.043857 -0.069478 1.826300 -0.081480 0.636308 -0.767120 12.030300 0.010566 0.770187 0.637730 -0.078200 0.000000 0.000000 0.000000 1.000000
0.997318 0.029825 -0.066831 1.826300 -0.070753 0.626352 -0.776323 12.030300 0.018706 0.778969 0.626783 -0.078200 0.000000 0.000000 0.000000 1.000000
0.997708 0.019375 -0.064835 1.826300 -0.062890 0.619130 -0.782766 12.030300 0.024975 0.785049 0.618929 -0.078200 0.000000 0.000000 0.000000 1.000000
0.997894 0.012853 -0.063574 1.826300 -0.058032 0.614708 -0.786617 12.030300 0.028969 0.788650 0.614160 -0.078200 0.000000 0.000000 0.000000 1.000000
0.997966 0.009813 -0.062983 1.826300 -0.055778 0.612697 -0.788347 12.030300 0.030853 0.790257 0.611999 -0.078200 0.000000 0.000000 0.000000 1.000000
0.997977 0.009311 -0.062884 1.826300 -0.055405 0.612391 -0.788611 12.030300 0.031167 0.790500 0.611668 -0.078200 0.000000 0.000000 0.000000 1.000000
0.997971 0.009600 -0.062940 1.826300 -0.055618 0.612582 -0.788448 12.030300 0.030987 0.790349 0.611873 -0.078200 0.000000 0.000000 0.000000 1.000000
0.997966 0.009849 -0.062990 1.826300 -0.055805 0.612714 -0.788332 12.030300 0.030831 0.790244 0.612017 -0.078200 0.000000 0.000000 0.000000 1.000000
0.997966 0.009832 -0.062988 1.826300 -0.055795 0.612674 -0.788364 12.030300 0.030840 0.790275 0.611976 -0.078200 0.000000 0.000000 0.000000 1.000000
0.997968 0.009724 -0.062966 1.826300 -0.055712 0.612629 -0.788404 12.030300 0.030908 0.790311 0.611926 -0.078200 0.000000 0.000000 0.000000 1.000000
0.997969 0.009688 -0.062953 1.826300 -0.055677 0.612716 -0.788339 12.030300 0.030935 0.790244 0.612012 -0.078200 0.000000 0.000000 0.000000 1.000000
0.997969 0.009713 -0.062953 1.826300 -0.055689 0.612809 -0.788267 12.030300 0.030922 0.790172 0.612105 -0.078200 0.000000 0.000000 0.000000 1.000000
0.997969 0.009719 -0.062963 1.826300 -0.055706 0.612668 -0.788375 12.030300 0.030913 0.790281 0.611965 -0.078200 0.000000 0.000000 0.000000 1.000000
0.997969 0.009658 -0.062972 1.826300 -0.055693 0.612227 -0.788718 12.030300 0.030936 0.790623 0.611521 -0.078200 0.000000 0.000000 0.000000 1.000000
0.997969 0.009613 -0.062976 1.826300 -0.055678 0.611976 -0.788914 12.030300 0.030956 0.790818 0.611268 -0.078200 0.000000 0.000000 0.000000 1.000000
0.997969 0.009734 -0.062961 1.826300 -0.055710 0.612759 -0.788304 12.030300 0.030907 0.790210 0.612056 -0.078200 0.000000 0.000000 0.000000 1.000000
0.997968 0.009981 -0.062934 1.826300 -0.055781 0.614273 -0.787120 12.030300 0.030803 0.789030 0.613581 -0.078200 0.000000 0.000000 0.000000 1.000000
0.997968 0.009992 -0.062934 1.826300 -0.055785 0.614333 -0.787072 12.030300 0.030798 0.788984 0.613642 -0.078200 0.000000 0.000000 0.000000 1.000000
0.997971 0.009058 -0.063029 1.826300 -0.055514 0.608641 -0.791502 12.030300 0.031193 0.793394 0.607908 -0.078200 0.000000 0.000000 0.000000 1.000000
0.997975 0.007182 -0.063200 1.826300 -0.054976 0.597138 -0.800252 12.030300 0.031991 0.802106 0.596324 -0.078200 0.000000 0.000000 0.000000 1.000000
0.997978 0.005339 -0.063341 1.826300 -0.054460 0.585735 -0.808671 12.030300 0.032783 0.810485 0.584841 -0.078200 0.000000 0.000000 0.000000 1.000000
0.997977 0.005784 -0.063309 1.826300 -0.054583 0.588501 -0.806652 12.030300 0.032592 0.808476 0.587626 -0.078200 0.000000 0.000000 0.000000 1.000000
0.997967 0.010172 -0.062915 1.826300 -0.055838 0.615418 -0.786221 12.030300 0.030722 0.788136 0.614735 -0.078200 0.000000 0.000000 0.000000 1.000000</float_array>
        <technique_common>
          <accessor source="#mixamorig_RightHandMiddle1-Matrix-animation-output-transform-array" count="63" stride="16">
            <param type="float4x4"/>
          </accessor>
        </technique_common>
      </source>
      <source id="mixamorig_RightHandMiddle1-Interpolations">
        <Name_array id="mixamorig_RightHandMiddle1-Interpolations-array" count="63">
 LINEAR LINEAR LINEAR LINEAR LINEAR LINEAR LINEAR LINEAR LINEAR LINEAR LINEAR
LINEAR LINEAR LINEAR LINEAR LINEAR LINEAR LINEAR LINEAR LINEAR LINEAR LINEAR LINEAR
LINEAR LINEAR LINEAR LINEAR LINEAR LINEAR LINEAR LINEAR LINEAR LINEAR LINEAR LINEAR
LINEAR LINEAR LINEAR LINEAR LINEAR LINEAR LINEAR LINEAR LINEAR LINEAR LINEAR LINEAR
LINEAR LINEAR LINEAR LINEAR LINEAR LINEAR LINEAR LINEAR LINEAR LINEAR LINEAR LINEAR
LINEAR LINEAR LINEAR LINEAR</Name_array>
        <technique_common>
          <accessor source="#mixamorig_RightHandMiddle1-Interpolations-array" count="63">
            <param type="name"/>
          </accessor>
        </technique_common>
      </source>
      <sampler id="mixamorig_RightHandMiddle1-Matrix-animation-transform">
        <input semantic="INPUT" source="#mixamorig_RightHandMiddle1-Matrix-animation-input"/>
        <input semantic="OUTPUT" source="#mixamorig_RightHandMiddle1-Matrix-animation-output-transform"/>
        <input semantic="INTERPOLATION" source="#mixamorig_RightHandMiddle1-Interpolations"/>
      </sampler>
      <channel source="#mixamorig_RightHandMiddle1-Matrix-animation-transform" target="mixamorig_RightHandMiddle1/matrix"/>
    </animation>
    <animation id="mixamorig_RightHandMiddle2-anim" name="mixamorig_RightHandMiddle2">
      <source id="mixamorig_RightHandMiddle2-Matrix-animation-input">
        <float_array id="mixamorig_RightHandMiddle2-Matrix-animation-input-array" count="63">

0.000000 0.033333 0.066667 0.100000 0.133333 0.166667 0.200000 0.233333 0.266667 0.300000 0.333333 0.366667 0.400000 0.433333 0.466667 0.500000
0.533333 0.566667 0.600000 0.633333 0.666667 0.700000 0.733333 0.766667 0.800000 0.833333 0.866667 0.900000 0.933333 0.966667 1.000000 1.033333
1.066667 1.100000 1.133333 1.166667 1.200000 1.233333 1.266667 1.300000 1.333333 1.366667 1.400000 1.433333 1.466667 1.500000 1.533333 1.566667
1.600000 1.633333 1.666667 1.700000 1.733333 1.766667 1.800000 1.833333 1.866667 1.900000 1.933333 1.966667 2.000000 2.033333 2.066667</float_array>
        <technique_common>
          <accessor source="#mixamorig_RightHandMiddle2-Matrix-animation-input-array" count="63">
            <param name="TIME" type="float"/>
          </accessor>
        </technique_common>
      </source>
      <source id="mixamorig_RightHandMiddle2-Matrix-animation-output-transform">
        <float_array id="mixamorig_RightHandMiddle2-Matrix-animation-output-transform-array" count="1008">

0.997018 -0.061661 0.046400 0.019600 0.060212 0.245535 -0.967516 5.385800 0.048265 0.967425 0.248515 -0.000000 0.000000 0.000000 0.000000 1.000000
0.997345 -0.059884 0.041430 0.019600 0.058590 0.322098 -0.944892 5.385800 0.043239 0.944811 0.324751 -0.000000 0.000000 0.000000 0.000000 1.000000
0.997785 -0.056733 0.034728 0.019600 0.055649 0.425948 -0.903034 5.385800 0.036439 0.902967 0.428162 0.000000 0.000000 0.000000 0.000000 1.000000
0.998287 -0.051872 0.027051 0.019600 0.051029 0.545954 -0.836260 5.385800 0.028609 0.836208 0.547666 0.000000 0.000000 0.000000 0.000000 1.000000
0.998800 -0.045061 0.019163 0.019600 0.044466 0.670772 -0.740330 5.385800 0.020506 0.740294 0.671971 0.000000 0.000000 0.000000 0.000000 1.000000
0.999275 -0.036199 0.011809 0.019600 0.035834 0.789187 -0.613107 5.385800 0.012874 0.613085 0.789912 0.000000 0.000000 0.000000 0.000000 1.000000
0.999653 -0.025664 0.005858 0.019600 0.025485 0.887791 -0.459540 5.385800 0.006593 0.459530 0.888138 0.000000 0.000000 0.000000 0.000000 1.000000
0.999877 -0.015504 0.002249 0.019600 0.015438 0.950716 -0.309678 5.385800 0.002663 0.309675 0.950839 0.000000 0.000000 0.000000 0.000000 1.000000
0.999960 -0.008930 0.000852 0.019600 0.008907 0.977243 -0.211935 5.385800 0.001060 0.211934 0.977283 -0.000000 0.000000 0.000000 0.000000 1.000000
0.999953 -0.009651 0.000971 0.019600 0.009625 0.974842 -0.222689 5.385800 0.001203 0.222688 0.974889 0.000000 0.000000 0.000000 0.000000 1.000000
0.999856 -0.016785 0.002603 0.019600 0.016708 0.944297 -0.328670 5.385800 0.003059 0.328666 0.944441 -0.000000 0.000000 0.000000 0.000000 1.000000
0.999627 -0.026583 0.006281 0.019600 0.026392 0.880654 -0.473024 5.385800 0.007043 0.473013 0.881027 0.000000 0.000000 0.000000 0.000000 1.000000
0.999385 -0.033576 0.010083 0.019600 0.033265 0.817423 -0.575076 5.385800 0.011067 0.575058 0.818038 0.000000 0.000000 0.000000 0.000000 1.000000
0.999256 -0.036622 0.012104 0.019600 0.036248 0.784379 -0.619221 5.385800 0.013183 0.619199 0.785123 -0.000000 0.000000 0.000000 0.000000 1.000000
0.999236 -0.037062 0.012416 0.019600 0.036678 0.779301 -0.625575 5.385800 0.013509 0.625552 0.780065 -0.000000 0.000000 0.000000 0.000000 1.000000
0.999259 -0.036551 0.012054 0.019600 0.036178 0.785197 -0.618189 5.385800 0.013130 0.618167 0.785937 -0.000000 0.000000 0.000000 0.000000 1.000000
0.999362 -0.034147 0.010444 0.019600 0.033825 0.811512 -0.583356 5.385800 0.011445 0.583337 0.812149 -0.000000 0.000000 0.000000 0.000000 1.000000
0.999594 -0.027663 0.006798 0.019600 0.027455 0.871943 -0.488837 5.385800 0.007595 0.488825 0.872349 0.000000 0.000000 0.000000 0.000000 1.000000
0.999852 -0.017017 0.002670 0.019600 0.016938 0.943092 -0.332099 5.385800 0.003133 0.332095 0.943241 -0.000000 0.000000 0.000000 0.000000 1.000000
0.999986 -0.005238 0.000366 0.019600 0.005231 0.987615 -0.156807 5.385800 0.000460 0.156806 0.987629 -0.000000 0.000000 0.000000 0.000000 1.000000
0.999995 0.003217 0.000038 0.019600 -0.003215 0.999549 -0.029874 5.385800 -0.000135 0.029874 0.999554 0.000000 0.000000 0.000000 0.000000 1.000000
0.999986 0.005199 0.000117 0.019600 -0.005199 0.999986 -0.000001 5.385800 -0.000117 0.000001 1.000000 0.000000 0.000000 0.000000 0.000000 1.000000
0.999986 0.005199 0.000117 0.019600 -0.005199 0.999986 -0.000003 5.385800 -0.000117 0.000003 1.000000 0.000000 0.000000 0.000000 0.000000 1.000000
0.999999 0.001440 0.000018 0.019600 -0.001436 0.998394 -0.056636 5.385800 -0.000099 0.056636 0.998395 0.000000 0.000000 0.000000 0.000000 1.000000
0.999991 -0.004193 0.000267 0.019600 0.004189 0.989976 -0.141174 5.385800 0.000327 0.141174 0.989985 -0.000000 0.000000 0.000000 0.000000 1.000000
0.999944 -0.010504 0.001122 0.019600 0.010473 0.971843 -0.235396 5.385800 0.001382 0.235394 0.971899 0.000000 0.000000 0.000000 0.000000 1.000000
0.999859 -0.016608 0.002552 0.019600 0.016533 0.945209 -0.326047 5.385800 0.003003 0.326043 0.945350 0.000000 0.000000 0.000000 0.000000 1.000000
0.999758 -0.021609 0.004193 0.019600 0.021482 0.916300 -0.399915 5.385800 0.004800 0.399908 0.916543 -0.000000 0.000000 0.000000 0.000000 1.000000
0.999659 -0.025453 0.005764 0.019600 0.025277 0.889398 -0.456435 5.385800 0.006491 0.456425 0.889738 0.000000 0.000000 0.000000 0.000000 1.000000
0.999567 -0.028513 0.007223 0.019600 0.028291 0.864830 -0.501267 5.385800 0.008046 0.501254 0.865263 0.000000 0.000000 0.000000 0.000000 1.000000
0.999464 -0.031517 0.008849 0.019600 0.031245 0.837781 -0.545112 5.385800 0.009767 0.545097 0.838316 -0.000000 0.000000 0.000000 0.000000 1.000000
0.999336 -0.034793 0.010862 0.019600 0.034458 0.804664 -0.592730 5.385800 0.011883 0.592710 0.805328 0.000000 0.000000 0.000000 0.000000 1.000000
0.999174 -0.038374 0.013381 0.019600 0.037960 0.763642 -0.644524 5.385800 0.014515 0.644499 0.764467 0.000000 0.000000 0.000000 0.000000 1.000000
0.998985 -0.041979 0.016303 0.019600 0.041473 0.716524 -0.696328 5.385800 0.017550 0.696298 0.717538 0.000000 0.000000 0.000000 0.000000 1.000000
0.998776 -0.045437 0.019537 0.019600 0.044830 0.664797 -0.745677 5.385800 0.020893 0.745641 0.666021 0.000000 0.000000 0.000000 0.000000 1.000000
0.998552 -0.048639 0.022992 0.019600 0.047923 0.609959 -0.790983 5.385800 0.024448 0.790939 0.611406 0.000000 0.000000 0.000000 0.000000 1.000000
0.998317 -0.051535 0.026597 0.019600 0.050707 0.553093 -0.831575 5.385800 0.028145 0.831524 0.554775 0.000000 0.000000 0.000000 0.000000 1.000000
0.998079 -0.054076 0.030247 0.019600 0.053134 0.495852 -0.866780 5.385800 0.031874 0.866722 0.497772 0.000000 0.000000 0.000000 0.000000 1.000000
0.997844 -0.056242 0.033837 0.019600 0.055186 0.439825 -0.896386 5.385800 0.035532 0.896321 0.441980 0.000000 0.000000 0.000000 0.000000 1.000000
0.997620 -0.058025 0.037246 0.019600 0.056863 0.386838 -0.920393 5.385800 0.038998 0.920320 0.389217 0.000000 0.000000 0.000000 0.000000 1.000000
0.997419 -0.059419 0.040306 0.019600 0.058160 0.339463 -0.938820 5.385800 0.042101 0.938741 0.342043 0.000000 0.000000 0.000000 0.000000 1.000000
0.997248 -0.060462 0.042914 0.019600 0.059122 0.299197 -0.952358 5.385800 0.044742 0.952274 0.301948 0.000000 0.000000 0.000000 0.000000 1.000000
0.997120 -0.061156 0.044853 0.019600 0.059755 0.269327 -0.961193 5.385800 0.046702 0.961105 0.272206 0.000000 0.000000 0.000000 0.000000 1.000000
0.997040 -0.061554 0.046060 0.019600 0.060115 0.250759 -0.966181 5.385800 0.047922 0.966091 0.253717 0.000000 0.000000 0.000000 0.000000 1.000000
0.997004 -0.061729 0.046619 0.019600 0.060273 0.242162 -0.968362 5.385800 0.048487 0.968270 0.245157 0.000000 0.000000 0.000000 0.000000 1.000000
0.996998 -0.061757 0.046709 0.019600 0.060298 0.240777 -0.968706 5.385800 0.048578 0.968614 0.243778 0.000000 0.000000 0.000000 0.000000 1.000000
0.997001 -0.061741 0.046656 0.019600 0.060283 0.241598 -0.968502 5.385800 0.048524 0.968410 0.244595 0.000000 0.000000 0.000000 0.000000 1.000000
0.997004 -0.061727 0.046612 0.019600 0.060271 0.242267 -0.968336 5.385800 0.048480 0.968244 0.245262 0.000000 0.000000 0.000000 0.000000 1.000000
0.997004 -0.061729 0.046617 0.019600 0.060272 0.242189 -0.968355 5.385800 0.048485 0.968263 0.245184 -0.000000 0.000000 0.000000 0.000000 1.000000
0.997003 -0.061734 0.046635 0.019600 0.060278 0.241911 -0.968424 5.385800 0.048503 0.968333 0.244907 0.000000 0.000000 0.000000 0.000000 1.000000
0.997003 -0.061735 0.046635 0.019600 0.060278 0.241917 -0.968423 5.385800 0.048503 0.968331 0.244913 0.000000 0.000000 0.000000 0.000000 1.000000
0.997003 -0.061732 0.046626 0.019600 0.060275 0.242058 -0.968388 5.385800 0.048494 0.968296 0.245054 0.000000 0.000000 0.000000 0.000000 1.000000
0.997003 -0.061734 0.046635 0.019600 0.060278 0.241928 -0.968420 5.385800 0.048502 0.968328 0.244924 0.000000 0.000000 0.000000 0.000000 1.000000
0.997000 -0.061745 0.046671 0.019600 0.060287 0.241370 -0.968559 5.385800 0.048539 0.968467 0.244368 0.000000 0.000000 0.000000 0.000000 1.000000
0.996999 -0.061752 0.046692 0.019600 0.060293 0.241046 -0.968639 5.385800 0.048560 0.968547 0.244045 0.000000 0.000000 0.000000 0.000000 1.000000
0.997003 -0.061731 0.046623 0.019600 0.060274 0.242091 -0.968380 5.385800 0.048492 0.968288 0.245086 0.000000 0.000000 0.000000 0.000000 1.000000
0.997012 -0.061691 0.046494 0.019600 0.060238 0.244085 -0.967881 5.385800 0.048361 0.967790 0.247072 0.000000 0.000000 0.000000 0.000000 1.000000
0.997012 -0.061691 0.046493 0.019600 0.060238 0.244098 -0.967878 5.385800 0.048360 0.967786 0.247085 0.000000 0.000000 0.000000 0.000000 1.000000
0.996979 -0.061843 0.046989 0.019600 0.060375 0.236479 -0.969759 5.385800 0.048861 0.969667 0.239498 0.000000 0.000000 0.000000 0.000000 1.000000
0.996914 -0.062133 0.047973 0.019600 0.060634 0.221369 -0.973303 5.385800 0.049854 0.973209 0.224453 0.000000 0.000000 0.000000 0.000000 1.000000
0.996851 -0.062398 0.048929 0.019600 0.060869 0.206714 -0.976506 5.385800 0.050818 0.976410 0.209862 0.000000 0.000000 0.000000 0.000000 1.000000
0.996868 -0.062331 0.048681 0.019600 0.060809 0.210513 -0.975698 5.385800 0.050568 0.975602 0.213643 -0.000000 0.000000 0.000000 0.000000 1.000000
0.997018 -0.061661 0.046400 0.019600 0.060212 0.245535 -0.967516 5.385800 0.048265 0.967425 0.248516 -0.000000 0.000000 0.000000 0.000000 1.000000</float_array>
        <technique_common>
          <accessor source="#mixamorig_RightHandMiddle2-Matrix-animation-output-transform-array" count="63" stride="16">
            <param type="float4x4"/>
          </accessor>
        </technique_common>
      </source>
      <source id="mixamorig_RightHandMiddle2-Interpolations">
        <Name_array id="mixamorig_RightHandMiddle2-Interpolations-array" count="63">
 LINEAR LINEAR LINEAR LINEAR LINEAR LINEAR LINEAR LINEAR LINEAR LINEAR LINEAR
LINEAR LINEAR LINEAR LINEAR LINEAR LINEAR LINEAR LINEAR LINEAR LINEAR LINEAR LINEAR
LINEAR LINEAR LINEAR LINEAR LINEAR LINEAR LINEAR LINEAR LINEAR LINEAR LINEAR LINEAR
LINEAR LINEAR LINEAR LINEAR LINEAR LINEAR LINEAR LINEAR LINEAR LINEAR LINEAR LINEAR
LINEAR LINEAR LINEAR LINEAR LINEAR LINEAR LINEAR LINEAR LINEAR LINEAR LINEAR LINEAR
LINEAR LINEAR LINEAR LINEAR</Name_array>
        <technique_common>
          <accessor source="#mixamorig_RightHandMiddle2-Interpolations-array" count="63">
            <param type="name"/>
          </accessor>
        </technique_common>
      </source>
      <sampler id="mixamorig_RightHandMiddle2-Matrix-animation-transform">
        <input semantic="INPUT" source="#mixamorig_RightHandMiddle2-Matrix-animation-input"/>
        <input semantic="OUTPUT" source="#mixamorig_RightHandMiddle2-Matrix-animation-output-transform"/>
        <input semantic="INTERPOLATION" source="#mixamorig_RightHandMiddle2-Interpolations"/>
      </sampler>
      <channel source="#mixamorig_RightHandMiddle2-Matrix-animation-transform" target="mixamorig_RightHandMiddle2/matrix"/>
    </animation>
    <animation id="mixamorig_RightHandMiddle3-anim" name="mixamorig_RightHandMiddle3">
      <source id="mixamorig_RightHandMiddle3-Matrix-animation-input">
        <float_array id="mixamorig_RightHandMiddle3-Matrix-animation-input-array" count="63">

0.000000 0.033333 0.066667 0.100000 0.133333 0.166667 0.200000 0.233333 0.266667 0.300000 0.333333 0.366667 0.400000 0.433333 0.466667 0.500000
0.533333 0.566667 0.600000 0.633333 0.666667 0.700000 0.733333 0.766667 0.800000 0.833333 0.866667 0.900000 0.933333 0.966667 1.000000 1.033333
1.066667 1.100000 1.133333 1.166667 1.200000 1.233333 1.266667 1.300000 1.333333 1.366667 1.400000 1.433333 1.466667 1.500000 1.533333 1.566667
1.600000 1.633333 1.666667 1.700000 1.733333 1.766667 1.800000 1.833333 1.866667 1.900000 1.933333 1.966667 2.000000 2.033333 2.066667</float_array>
        <technique_common>
          <accessor source="#mixamorig_RightHandMiddle3-Matrix-animation-input-array" count="63">
            <param name="TIME" type="float"/>
          </accessor>
        </technique_common>
      </source>
      <source id="mixamorig_RightHandMiddle3-Matrix-animation-output-transform">
        <float_array id="mixamorig_RightHandMiddle3-Matrix-animation-output-transform-array" count="1008">

0.999726 -0.022873 0.004986 -0.008300 0.023133 0.932503 -0.360422 5.321600 0.003595 0.360438 0.932776 0.000000 0.000000 0.000000 0.000000 1.000000
0.999741 -0.022272 0.004740 -0.008300 0.022517 0.936001 -0.351277 5.321600 0.003387 0.351293 0.936259 0.000000 0.000000 0.000000 0.000000 1.000000
0.999761 -0.021418 0.004404 -0.008300 0.021645 0.940786 -0.338310 5.321600 0.003103 0.338325 0.941024 -0.000000 0.000000 0.000000 0.000000 1.000000
0.999785 -0.020343 0.003999 -0.008300 0.020547 0.946521 -0.321986 5.321600 0.002765 0.321999 0.946736 0.000000 0.000000 0.000000 0.000000 1.000000
0.999812 -0.019073 0.003548 -0.008300 0.019252 0.952891 -0.302702 5.321600 0.002393 0.302713 0.953079 0.000000 0.000000 0.000000 0.000000 1.000000
0.999839 -0.017657 0.003079 -0.008300 0.017810 0.959479 -0.281218 5.321600 0.002012 0.281228 0.959639 0.000000 0.000000 0.000000 0.000000 1.000000
0.999865 -0.016202 0.002633 -0.008300 0.016331 0.965697 -0.259159 5.321600 0.001656 0.259167 0.965831 0.000000 0.000000 0.000000 0.000000 1.000000
0.999886 -0.014915 0.002269 -0.008300 0.015024 0.970740 -0.239662 5.321600 0.001372 0.239669 0.970854 -0.000000 0.000000 0.000000 0.000000 1.000000
0.999900 -0.013978 0.002022 -0.008300 0.014074 0.974148 -0.225470 5.321600 0.001182 0.225476 0.974248 0.000000 0.000000 0.000000 0.000000 1.000000
0.999907 -0.013502 0.001902 -0.008300 0.013592 0.975794 -0.218267 5.321600 0.001091 0.218273 0.975887 0.000000 0.000000 0.000000 0.000000 1.000000
0.999909 -0.013354 0.001865 -0.008300 0.013441 0.976298 -0.216013 5.321600 0.001064 0.216018 0.976389 0.000000 0.000000 0.000000 0.000000 1.000000
0.999909 -0.013382 0.001872 -0.008300 0.013470 0.976204 -0.216433 5.321600 0.001069 0.216439 0.976296 -0.000000 0.000000 0.000000 0.000000 1.000000
0.999908 -0.013423 0.001882 -0.008300 0.013512 0.976063 -0.217067 5.321600 0.001077 0.217073 0.976155 -0.000000 0.000000 0.000000 0.000000 1.000000
0.999908 -0.013432 0.001884 -0.008300 0.013520 0.976034 -0.217197 5.321600 0.001079 0.217203 0.976126 0.000000 0.000000 0.000000 0.000000 1.000000
0.999908 -0.013417 0.001881 -0.008300 0.013505 0.976084 -0.216972 5.321600 0.001075 0.216978 0.976176 0.000000 0.000000 0.000000 0.000000 1.000000
0.999908 -0.013406 0.001878 -0.008300 0.013494 0.976123 -0.216798 5.321600 0.001073 0.216804 0.976215 0.000000 0.000000 0.000000 0.000000 1.000000
0.999908 -0.013406 0.001878 -0.008300 0.013494 0.976123 -0.216800 5.321600 0.001073 0.216805 0.976214 0.000000 0.000000 0.000000 0.000000 1.000000
0.999908 -0.013412 0.001879 -0.008300 0.013500 0.976103 -0.216887 5.321600 0.001075 0.216892 0.976195 0.000000 0.000000 0.000000 0.000000 1.000000
0.999908 -0.013415 0.001880 -0.008300 0.013503 0.976093 -0.216933 5.321600 0.001075 0.216938 0.976185 0.000000 0.000000 0.000000 0.000000 1.000000
0.999908 -0.013408 0.001879 -0.008300 0.013496 0.976116 -0.216830 5.321600 0.001073 0.216836 0.976208 -0.000000 0.000000 0.000000 0.000000 1.000000
0.999909 -0.013391 0.001874 -0.008300 0.013479 0.976172 -0.216580 5.321600 0.001071 0.216585 0.976263 0.000000 0.000000 0.000000 0.000000 1.000000
0.999909 -0.013369 0.001869 -0.008300 0.013457 0.976247 -0.216243 5.321600 0.001067 0.216249 0.976338 0.000000 0.000000 0.000000 0.000000 1.000000
0.999909 -0.013352 0.001865 -0.008300 0.013439 0.976304 -0.215984 5.321600 0.001063 0.215990 0.976395 -0.000000 0.000000 0.000000 0.000000 1.000000
0.999909 -0.013352 0.001864 -0.008300 0.013439 0.976306 -0.215978 5.321600 0.001064 0.215983 0.976396 0.000000 0.000000 0.000000 0.000000 1.000000
0.999909 -0.013383 0.001872 -0.008300 0.013471 0.976199 -0.216458 5.321600 0.001069 0.216463 0.976290 -0.000000 0.000000 0.000000 0.000000 1.000000
0.999908 -0.013457 0.001891 -0.008300 0.013546 0.975950 -0.217573 5.321600 0.001083 0.217578 0.976042 0.000000 0.000000 0.000000 0.000000 1.000000
0.999906 -0.013582 0.001922 -0.008300 0.013673 0.975521 -0.219480 5.321600 0.001106 0.219486 0.975615 0.000000 0.000000 0.000000 0.000000 1.000000
0.999903 -0.013784 0.001972 -0.008300 0.013877 0.974828 -0.222525 5.321600 0.001145 0.222530 0.974925 0.000000 0.000000 0.000000 0.000000 1.000000
0.999899 -0.014068 0.002045 -0.008300 0.014165 0.973831 -0.226831 5.321600 0.001200 0.226837 0.973932 0.000000 0.000000 0.000000 0.000000 1.000000
0.999893 -0.014458 0.002147 -0.008300 0.014560 0.972432 -0.232731 5.321600 0.001277 0.232738 0.972539 0.000000 0.000000 0.000000 0.000000 1.000000
0.999886 -0.014952 0.002279 -0.008300 0.015062 0.970600 -0.240226 5.321600 0.001380 0.240233 0.970714 0.000000 0.000000 0.000000 0.000000 1.000000
0.999876 -0.015536 0.002441 -0.008300 0.015655 0.968360 -0.249068 5.321600 0.001506 0.249075 0.968483 -0.000000 0.000000 0.000000 0.000000 1.000000
0.999865 -0.016200 0.002633 -0.008300 0.016329 0.965704 -0.259130 5.321600 0.001656 0.259138 0.965839 0.000000 0.000000 0.000000 0.000000 1.000000
0.999853 -0.016912 0.002846 -0.008300 0.017052 0.962731 -0.269922 5.321600 0.001825 0.269931 0.962878 0.000000 0.000000 0.000000 0.000000 1.000000
0.999839 -0.017657 0.003079 -0.008300 0.017810 0.959480 -0.281215 5.321600 0.002011 0.281224 0.959640 0.000000 0.000000 0.000000 0.000000 1.000000
0.999825 -0.018415 0.003325 -0.008300 0.018581 0.956019 -0.292714 5.321600 0.002211 0.292725 0.956194 0.000000 0.000000 0.000000 0.000000 1.000000
0.999810 -0.019168 0.003581 -0.008300 0.019349 0.952428 -0.304148 5.321600 0.002420 0.304160 0.952618 -0.000000 0.000000 0.000000 0.000000 1.000000
0.999795 -0.019898 0.003837 -0.008300 0.020093 0.948808 -0.315215 5.321600 0.002631 0.315227 0.949013 -0.000000 0.000000 0.000000 0.000000 1.000000
0.999780 -0.020587 0.004089 -0.008300 0.020796 0.945251 -0.325681 5.321600 0.002840 0.325694 0.945471 0.000000 0.000000 0.000000 0.000000 1.000000
0.999765 -0.021222 0.004328 -0.008300 0.021444 0.941859 -0.335324 5.321600 0.003040 0.335338 0.942093 0.000000 0.000000 0.000000 0.000000 1.000000
0.999752 -0.021779 0.004544 -0.008300 0.022014 0.938789 -0.343790 5.321600 0.003221 0.343805 0.939036 0.000000 0.000000 0.000000 0.000000 1.000000
0.999741 -0.022246 0.004730 -0.008300 0.022491 0.936147 -0.350889 5.321600 0.003378 0.350904 0.936405 0.000000 0.000000 0.000000 0.000000 1.000000
0.999733 -0.022590 0.004869 -0.008300 0.022843 0.934165 -0.356110 5.321600 0.003496 0.356126 0.934431 -0.000000 0.000000 0.000000 0.000000 1.000000
0.999728 -0.022802 0.004956 -0.008300 0.023060 0.932922 -0.359339 5.321600 0.003570 0.359356 0.933194 0.000000 0.000000 0.000000 0.000000 1.000000
0.999725 -0.022901 0.004997 -0.008300 0.023160 0.932343 -0.360832 5.321600 0.003605 0.360849 0.932617 -0.000000 0.000000 0.000000 0.000000 1.000000
0.999725 -0.022916 0.005003 -0.008300 0.023177 0.932249 -0.361074 5.321600 0.003610 0.361091 0.932524 0.000000 0.000000 0.000000 0.000000 1.000000
0.999725 -0.022907 0.005000 -0.008300 0.023167 0.932304 -0.360932 5.321600 0.003607 0.360948 0.932579 0.000000 0.000000 0.000000 0.000000 1.000000
0.999725 -0.022899 0.004996 -0.008300 0.023159 0.932351 -0.360813 5.321600 0.003605 0.360830 0.932625 -0.000000 0.000000 0.000000 0.000000 1.000000
0.999725 -0.022900 0.004997 -0.008300 0.023160 0.932346 -0.360825 5.321600 0.003604 0.360841 0.932620 0.000000 0.000000 0.000000 0.000000 1.000000
0.999725 -0.022904 0.004998 -0.008300 0.023164 0.932327 -0.360875 5.321600 0.003606 0.360891 0.932601 0.000000 0.000000 0.000000 0.000000 1.000000
0.999725 -0.022904 0.004998 -0.008300 0.023164 0.932324 -0.360882 5.321600 0.003606 0.360899 0.932598 -0.000000 0.000000 0.000000 0.000000 1.000000
0.999725 -0.022903 0.004998 -0.008300 0.023163 0.932331 -0.360864 5.321600 0.003605 0.360881 0.932605 0.000000 0.000000 0.000000 0.000000 1.000000
0.999725 -0.022904 0.004998 -0.008300 0.023164 0.932326 -0.360876 5.321600 0.003606 0.360892 0.932601 -0.000000 0.000000 0.000000 0.000000 1.000000
0.999725 -0.022908 0.005000 -0.008300 0.023168 0.932301 -0.360941 5.321600 0.003607 0.360957 0.932575 0.000000 0.000000 0.000000 0.000000 1.000000
0.999725 -0.022910 0.005001 -0.008300 0.023170 0.932286 -0.360978 5.321600 0.003608 0.360995 0.932561 0.000000 0.000000 0.000000 0.000000 1.000000
0.999725 -0.022902 0.004997 -0.008300 0.023162 0.932336 -0.360851 5.321600 0.003605 0.360867 0.932610 0.000000 0.000000 0.000000 0.000000 1.000000
0.999726 -0.022886 0.004991 -0.008300 0.023146 0.932428 -0.360613 5.321600 0.003599 0.360629 0.932702 0.000000 0.000000 0.000000 0.000000 1.000000
0.999726 -0.022887 0.004991 -0.008300 0.023146 0.932426 -0.360620 5.321600 0.003600 0.360636 0.932700 0.000000 0.000000 0.000000 0.000000 1.000000
0.999724 -0.022947 0.005016 -0.008300 0.023208 0.932066 -0.361544 5.321600 0.003621 0.361561 0.932342 -0.000000 0.000000 0.000000 0.000000 1.000000
0.999721 -0.023066 0.005065 -0.008300 0.023330 0.931363 -0.363344 5.321600 0.003663 0.363361 0.931641 0.000000 0.000000 0.000000 0.000000 1.000000
0.999718 -0.023178 0.005113 -0.008300 0.023445 0.930692 -0.365051 5.321600 0.003703 0.365068 0.930973 0.000000 0.000000 0.000000 0.000000 1.000000
0.999719 -0.023146 0.005099 -0.008300 0.023412 0.930883 -0.364567 5.321600 0.003691 0.364584 0.931163 0.000000 0.000000 0.000000 0.000000 1.000000
0.999726 -0.022873 0.004986 -0.008300 0.023133 0.932503 -0.360421 5.321600 0.003595 0.360438 0.932776 0.000000 0.000000 0.000000 0.000000 1.000000</float_array>
        <technique_common>
          <accessor source="#mixamorig_RightHandMiddle3-Matrix-animation-output-transform-array" count="63" stride="16">
            <param type="float4x4"/>
          </accessor>
        </technique_common>
      </source>
      <source id="mixamorig_RightHandMiddle3-Interpolations">
        <Name_array id="mixamorig_RightHandMiddle3-Interpolations-array" count="63">
 LINEAR LINEAR LINEAR LINEAR LINEAR LINEAR LINEAR LINEAR LINEAR LINEAR LINEAR
LINEAR LINEAR LINEAR LINEAR LINEAR LINEAR LINEAR LINEAR LINEAR LINEAR LINEAR LINEAR
LINEAR LINEAR LINEAR LINEAR LINEAR LINEAR LINEAR LINEAR LINEAR LINEAR LINEAR LINEAR
LINEAR LINEAR LINEAR LINEAR LINEAR LINEAR LINEAR LINEAR LINEAR LINEAR LINEAR LINEAR
LINEAR LINEAR LINEAR LINEAR LINEAR LINEAR LINEAR LINEAR LINEAR LINEAR LINEAR LINEAR
LINEAR LINEAR LINEAR LINEAR</Name_array>
        <technique_common>
          <accessor source="#mixamorig_RightHandMiddle3-Interpolations-array" count="63">
            <param type="name"/>
          </accessor>
        </technique_common>
      </source>
      <sampler id="mixamorig_RightHandMiddle3-Matrix-animation-transform">
        <input semantic="INPUT" source="#mixamorig_RightHandMiddle3-Matrix-animation-input"/>
        <input semantic="OUTPUT" source="#mixamorig_RightHandMiddle3-Matrix-animation-output-transform"/>
        <input semantic="INTERPOLATION" source="#mixamorig_RightHandMiddle3-Interpolations"/>
      </sampler>
      <channel source="#mixamorig_RightHandMiddle3-Matrix-animation-transform" target="mixamorig_RightHandMiddle3/matrix"/>
    </animation>
    <animation id="mixamorig_RightHandRing1-anim" name="mixamorig_RightHandRing1">
      <source id="mixamorig_RightHandRing1-Matrix-animation-input">
        <float_array id="mixamorig_RightHandRing1-Matrix-animation-input-array" count="63">

0.000000 0.033333 0.066667 0.100000 0.133333 0.166667 0.200000 0.233333 0.266667 0.300000 0.333333 0.366667 0.400000 0.433333 0.466667 0.500000
0.533333 0.566667 0.600000 0.633333 0.666667 0.700000 0.733333 0.766667 0.800000 0.833333 0.866667 0.900000 0.933333 0.966667 1.000000 1.033333
1.066667 1.100000 1.133333 1.166667 1.200000 1.233333 1.266667 1.300000 1.333333 1.366667 1.400000 1.433333 1.466667 1.500000 1.533333 1.566667
1.600000 1.633333 1.666667 1.700000 1.733333 1.766667 1.800000 1.833333 1.866667 1.900000 1.933333 1.966667 2.000000 2.033333 2.066667</float_array>
        <technique_common>
          <accessor source="#mixamorig_RightHandRing1-Matrix-animation-input-array" count="63">
            <param name="TIME" type="float"/>
          </accessor>
        </technique_common>
      </source>
      <source id="mixamorig_RightHandRing1-Matrix-animation-output-transform">
        <float_array id="mixamorig_RightHandRing1-Matrix-animation-output-transform-array" count="1008">

0.996417 -0.071725 -0.044819 -2.091900 -0.003161 0.497965 -0.867191 12.266300 0.084518 0.864226 0.495954 -0.326200 0.000000 0.000000 0.000000 1.000000
0.996625 -0.069995 -0.042888 -2.091900 0.003949 0.562729 -0.826632 12.266300 0.081995 0.823672 0.561107 -0.326200 0.000000 0.000000 0.000000 1.000000
0.996942 -0.067744 -0.038942 -2.091900 0.014237 0.647509 -0.761925 12.266300 0.076831 0.759041 0.646493 -0.326200 0.000000 0.000000 0.000000 1.000000
0.997355 -0.065118 -0.032303 -2.091900 0.026530 0.739832 -0.672269 12.266300 0.067675 0.669633 0.739602 -0.326200 0.000000 0.000000 0.000000 1.000000
0.997823 -0.061971 -0.022574 -2.091900 0.038799 0.828306 -0.558931 12.266300 0.053336 0.556838 0.828907 -0.326200 0.000000 0.000000 0.000000 1.000000
0.998235 -0.058586 -0.009715 -2.091900 0.048968 0.904586 -0.423470 12.266300 0.033597 0.422247 0.905858 -0.326200 0.000000 0.000000 0.000000 1.000000
0.998423 -0.055815 0.006091 -2.091900 0.055344 0.960061 -0.274263 12.266300 0.009460 0.274168 0.961635 -0.326200 0.000000 0.000000 0.000000 1.000000
0.998230 -0.055656 0.020953 -2.091900 0.058128 0.987557 -0.146122 12.266300 -0.012560 0.147082 0.989045 -0.326200 0.000000 0.000000 0.000000 1.000000
0.997892 -0.058635 0.027819 -2.091900 0.061021 0.993652 -0.094507 12.266300 -0.022101 0.096005 0.995135 -0.326200 0.000000 0.000000 0.000000 1.000000
0.997717 -0.064982 0.018404 -2.091900 0.067269 0.980434 -0.184999 12.266300 -0.006022 0.185815 0.982566 -0.326200 0.000000 0.000000 0.000000 1.000000
0.997084 -0.076282 -0.002122 -2.091900 0.069429 0.918346 -0.389642 12.266300 0.031672 0.388358 0.920964 -0.326200 0.000000 0.000000 0.000000 1.000000
0.995572 -0.091635 -0.020972 -2.091900 0.059616 0.787959 -0.612835 12.266300 0.072682 0.608871 0.789932 -0.326200 0.000000 0.000000 0.000000 1.000000
0.994206 -0.103233 -0.029947 -2.091900 0.046106 0.661244 -0.748752 12.266300 0.097098 0.743033 0.662173 -0.326200 0.000000 0.000000 0.000000 1.000000
0.993649 -0.107661 -0.032727 -2.091900 0.038380 0.597661 -0.800830 12.266300 0.105778 0.794488 0.597997 -0.326200 0.000000 0.000000 0.000000 1.000000
0.993616 -0.107821 -0.033181 -2.091900 0.036788 0.587739 -0.808214 12.266300 0.106644 0.801834 0.587953 -0.326200 0.000000 0.000000 0.000000 1.000000
0.993690 -0.107263 -0.032779 -2.091900 0.038189 0.598358 -0.800318 12.266300 0.105458 0.794017 0.598679 -0.326200 0.000000 0.000000 0.000000 1.000000
0.994114 -0.103972 -0.030437 -2.091900 0.044979 0.651706 -0.757137 12.266300 0.098557 0.751312 0.652546 -0.326200 0.000000 0.000000 0.000000 1.000000
0.995412 -0.093162 -0.021822 -2.091900 0.059013 0.777261 -0.626404 12.266300 0.075318 0.622242 0.779193 -0.326200 0.000000 0.000000 0.000000 1.000000
0.997080 -0.076347 -0.001693 -2.091900 0.069805 0.920185 -0.385209 12.266300 0.030967 0.383966 0.922828 -0.326200 0.000000 0.000000 0.000000 1.000000
0.997874 -0.059073 0.027542 -2.091900 0.061513 0.993256 -0.098274 12.266300 -0.021551 0.099759 0.994778 -0.326200 0.000000 0.000000 0.000000 1.000000
0.997782 -0.043598 0.050298 -2.091900 0.037890 0.993284 0.109325 12.266300 -0.054726 -0.107177 0.992733 -0.326200 0.000000 0.000000 0.000000 1.000000
0.998131 -0.024535 0.055960 -2.091900 0.013887 0.982963 0.183279 12.266300 -0.059504 -0.182159 0.981467 -0.326200 0.000000 0.000000 0.000000 1.000000
0.999004 -0.000418 0.044624 -2.091900 -0.005746 0.990426 0.137924 12.266300 -0.044255 -0.138043 0.989437 -0.326200 0.000000 0.000000 0.000000 1.000000
0.999402 0.025113 0.023758 -2.091900 -0.025652 0.999414 0.022676 12.266300 -0.023175 -0.023272 0.999461 -0.326200 0.000000 0.000000 0.000000 1.000000
0.998800 0.048966 -0.000775 -2.091900 -0.048643 0.990117 -0.131538 12.266300 -0.005673 0.131418 0.991311 -0.326200 0.000000 0.000000 0.000000 1.000000
0.997319 0.069074 -0.024138 -2.091900 -0.073110 0.954115 -0.290377 12.266300 0.002973 0.291363 0.956608 -0.326200 0.000000 0.000000 0.000000 1.000000
0.995460 0.084705 -0.043418 -2.091900 -0.095150 0.897766 -0.430073 12.266300 0.002550 0.432251 0.901750 -0.326200 0.000000 0.000000 0.000000 1.000000
0.993862 0.095247 -0.056267 -2.091900 -0.110579 0.840568 -0.530300 12.266300 -0.003213 0.533267 0.845941 -0.326200 0.000000 0.000000 0.000000 1.000000
0.992824 0.101042 -0.063966 -2.091900 -0.119241 0.795740 -0.593784 12.266300 -0.009097 0.597150 0.802078 -0.326200 0.000000 0.000000 0.000000 1.000000
0.992501 0.101869 -0.067561 -2.091900 -0.121613 0.767183 -0.629794 12.266300 -0.012325 0.633288 0.773818 -0.326200 0.000000 0.000000 0.000000 1.000000
0.992761 0.098271 -0.069048 -2.091900 -0.119406 0.745704 -0.655490 12.266300 -0.012926 0.658990 0.752041 -0.326200 0.000000 0.000000 0.000000 1.000000
0.993410 0.091116 -0.069527 -2.091900 -0.114019 0.723978 -0.680334 12.266300 -0.011653 0.683779 0.729597 -0.326200 0.000000 0.000000 0.000000 1.000000
0.994331 0.080649 -0.069301 -2.091900 -0.105990 0.699385 -0.706842 12.266300 -0.008538 0.710180 0.703968 -0.326200 0.000000 0.000000 0.000000 1.000000
0.995344 0.067920 -0.068388 -2.091900 -0.096314 0.673682 -0.732718 12.266300 -0.003694 0.735894 0.677087 -0.326200 0.000000 0.000000 0.000000 1.000000
0.996345 0.053283 -0.066760 -2.091900 -0.085364 0.648625 -0.756306 12.266300 0.003003 0.759241 0.650803 -0.326200 0.000000 0.000000 0.000000 1.000000
0.997218 0.037287 -0.064547 -2.091900 -0.073672 0.624946 -0.777184 12.266300 0.011359 0.779777 0.625954 -0.326200 0.000000 0.000000 0.000000 1.000000
0.997869 0.020575 -0.061926 -2.091900 -0.061809 0.602287 -0.795883 12.266300 0.020922 0.798015 0.602275 -0.326200 0.000000 0.000000 0.000000 1.000000
0.998245 0.003675 -0.059100 -2.091900 -0.050242 0.580763 -0.812521 12.266300 0.031337 0.814064 0.579928 -0.326200 0.000000 0.000000 0.000000 1.000000
0.998338 -0.012824 -0.056185 -2.091900 -0.039354 0.560517 -0.827207 12.266300 0.042100 0.828043 0.559081 -0.326200 0.000000 0.000000 0.000000 1.000000
0.998173 -0.028449 -0.053309 -2.091900 -0.029403 0.542060 -0.839825 12.266300 0.052789 0.839858 0.540233 -0.326200 0.000000 0.000000 0.000000 1.000000
0.997811 -0.042513 -0.050650 -2.091900 -0.020737 0.526144 -0.850142 12.266300 0.062791 0.849332 0.524111 -0.326200 0.000000 0.000000 0.000000 1.000000
0.997343 -0.054526 -0.048315 -2.091900 -0.013534 0.512980 -0.858294 12.266300 0.071584 0.856667 0.510879 -0.326200 0.000000 0.000000 0.000000 1.000000
0.996895 -0.063511 -0.046545 -2.091900 -0.008266 0.503439 -0.863991 12.266300 0.078306 0.861693 0.501351 -0.326200 0.000000 0.000000 0.000000 1.000000
0.996573 -0.069137 -0.045424 -2.091900 -0.005015 0.497600 -0.867392 12.266300 0.082572 0.864647 0.495548 -0.326200 0.000000 0.000000 0.000000 1.000000
0.996410 -0.071769 -0.044895 -2.091900 -0.003502 0.494938 -0.868921 12.266300 0.084582 0.865959 0.492910 -0.326200 0.000000 0.000000 0.000000 1.000000
0.996383 -0.072208 -0.044806 -2.091900 -0.003247 0.494527 -0.869156 12.266300 0.084918 0.866157 0.492504 -0.326200 0.000000 0.000000 0.000000 1.000000
0.996398 -0.071958 -0.044856 -2.091900 -0.003390 0.494780 -0.869012 12.266300 0.084726 0.866034 0.492754 -0.326200 0.000000 0.000000 0.000000 1.000000
0.996412 -0.071738 -0.044902 -2.091900 -0.003521 0.494962 -0.868907 12.266300 0.084559 0.865948 0.492934 -0.326200 0.000000 0.000000 0.000000 1.000000
0.996412 -0.071749 -0.044900 -2.091900 -0.003518 0.494915 -0.868934 12.266300 0.084567 0.865974 0.492887 -0.326200 0.000000 0.000000 0.000000 1.000000
0.996406 -0.071846 -0.044880 -2.091900 -0.003459 0.494851 -0.868971 12.266300 0.084641 0.866003 0.492824 -0.326200 0.000000 0.000000 0.000000 1.000000
0.996403 -0.071891 -0.044867 -2.091900 -0.003417 0.494941 -0.868920 12.266300 0.084674 0.865948 0.492915 -0.326200 0.000000 0.000000 0.000000 1.000000
0.996404 -0.071878 -0.044867 -2.091900 -0.003413 0.495045 -0.868861 12.266300 0.084663 0.865889 0.493019 -0.326200 0.000000 0.000000 0.000000 1.000000
0.996405 -0.071856 -0.044877 -2.091900 -0.003447 0.494892 -0.868948 12.266300 0.084649 0.865979 0.492865 -0.326200 0.000000 0.000000 0.000000 1.000000
0.996404 -0.071861 -0.044889 -2.091900 -0.003504 0.494401 -0.869227 12.266300 0.084657 0.866258 0.492371 -0.326200 0.000000 0.000000 0.000000 1.000000
0.996403 -0.071872 -0.044895 -2.091900 -0.003530 0.494121 -0.869386 12.266300 0.084668 0.866417 0.492090 -0.326200 0.000000 0.000000 0.000000 1.000000
0.996406 -0.071848 -0.044876 -2.091900 -0.003440 0.494996 -0.868889 12.266300 0.084641 0.865920 0.492969 -0.326200 0.000000 0.000000 0.000000 1.000000
0.996411 -0.071798 -0.044839 -2.091900 -0.003267 0.496686 -0.867924 12.266300 0.084586 0.864955 0.494669 -0.326200 0.000000 0.000000 0.000000 1.000000
0.996411 -0.071801 -0.044837 -2.091900 -0.003258 0.496749 -0.867888 12.266300 0.084588 0.864919 0.494733 -0.326200 0.000000 0.000000 0.000000 1.000000
0.996390 -0.072004 -0.044967 -2.091900 -0.003892 0.490390 -0.871495 12.266300 0.084802 0.868524 0.488339 -0.326200 0.000000 0.000000 0.000000 1.000000
0.996351 -0.072386 -0.045213 -2.091900 -0.005172 0.477580 -0.878573 12.266300 0.085189 0.875601 0.475463 -0.326200 0.000000 0.000000 0.000000 1.000000
0.996317 -0.072722 -0.045436 -2.091900 -0.006438 0.464930 -0.885324 12.266300 0.085507 0.882356 0.462749 -0.326200 0.000000 0.000000 0.000000 1.000000
0.996329 -0.072584 -0.045396 -2.091900 -0.006169 0.468014 -0.883700 12.266300 0.085388 0.880735 0.465848 -0.326200 0.000000 0.000000 0.000000 1.000000
0.996417 -0.071726 -0.044819 -2.091900 -0.003161 0.497965 -0.867191 12.266300 0.084518 0.864226 0.495954 -0.326200 0.000000 0.000000 0.000000 1.000000</float_array>
        <technique_common>
          <accessor source="#mixamorig_RightHandRing1-Matrix-animation-output-transform-array" count="63" stride="16">
            <param type="float4x4"/>
          </accessor>
        </technique_common>
      </source>
      <source id="mixamorig_RightHandRing1-Interpolations">
        <Name_array id="mixamorig_RightHandRing1-Interpolations-array" count="63">
 LINEAR LINEAR LINEAR LINEAR LINEAR LINEAR LINEAR LINEAR LINEAR LINEAR LINEAR
LINEAR LINEAR LINEAR LINEAR LINEAR LINEAR LINEAR LINEAR LINEAR LINEAR LINEAR LINEAR
LINEAR LINEAR LINEAR LINEAR LINEAR LINEAR LINEAR LINEAR LINEAR LINEAR LINEAR LINEAR
LINEAR LINEAR LINEAR LINEAR LINEAR LINEAR LINEAR LINEAR LINEAR LINEAR LINEAR LINEAR
LINEAR LINEAR LINEAR LINEAR LINEAR LINEAR LINEAR LINEAR LINEAR LINEAR LINEAR LINEAR
LINEAR LINEAR LINEAR LINEAR</Name_array>
        <technique_common>
          <accessor source="#mixamorig_RightHandRing1-Interpolations-array" count="63">
            <param type="name"/>
          </accessor>
        </technique_common>
      </source>
      <sampler id="mixamorig_RightHandRing1-Matrix-animation-transform">
        <input semantic="INPUT" source="#mixamorig_RightHandRing1-Matrix-animation-input"/>
        <input semantic="OUTPUT" source="#mixamorig_RightHandRing1-Matrix-animation-output-transform"/>
        <input semantic="INTERPOLATION" source="#mixamorig_RightHandRing1-Interpolations"/>
      </sampler>
      <channel source="#mixamorig_RightHandRing1-Matrix-animation-transform" target="mixamorig_RightHandRing1/matrix"/>
    </animation>
    <animation id="mixamorig_RightHandRing2-anim" name="mixamorig_RightHandRing2">
      <source id="mixamorig_RightHandRing2-Matrix-animation-input">
        <float_array id="mixamorig_RightHandRing2-Matrix-animation-input-array" count="63">

0.000000 0.033333 0.066667 0.100000 0.133333 0.166667 0.200000 0.233333 0.266667 0.300000 0.333333 0.366667 0.400000 0.433333 0.466667 0.500000
0.533333 0.566667 0.600000 0.633333 0.666667 0.700000 0.733333 0.766667 0.800000 0.833333 0.866667 0.900000 0.933333 0.966667 1.000000 1.033333
1.066667 1.100000 1.133333 1.166667 1.200000 1.233333 1.266667 1.300000 1.333333 1.366667 1.400000 1.433333 1.466667 1.500000 1.533333 1.566667
1.600000 1.633333 1.666667 1.700000 1.733333 1.766667 1.800000 1.833333 1.866667 1.900000 1.933333 1.966667 2.000000 2.033333 2.066667</float_array>
        <technique_common>
          <accessor source="#mixamorig_RightHandRing2-Matrix-animation-input-array" count="63">
            <param name="TIME" type="float"/>
          </accessor>
        </technique_common>
      </source>
      <source id="mixamorig_RightHandRing2-Matrix-animation-output-transform">
        <float_array id="mixamorig_RightHandRing2-Matrix-animation-output-transform-array" count="1008">

0.995583 -0.071124 0.061279 0.008400 0.067853 0.094032 -0.993254 4.583300 0.064882 0.993025 0.098443 0.000000 0.000000 0.000000 0.000000 1.000000
0.995976 -0.070215 0.055694 0.008400 0.067235 0.174514 -0.982356 4.583300 0.059257 0.982148 0.178533 0.000000 0.000000 0.000000 0.000000 1.000000
0.996517 -0.068181 0.048021 0.008400 0.065602 0.285369 -0.956170 4.583300 0.051489 0.955989 0.288848 0.000000 0.000000 0.000000 0.000000 1.000000
0.997154 -0.064515 0.039004 0.008400 0.062407 0.416132 -0.907160 4.583300 0.042294 0.907013 0.418974 0.000000 0.000000 0.000000 0.000000 1.000000
0.997835 -0.058814 0.029418 0.008400 0.057211 0.555816 -0.829334 4.583300 0.032425 0.829222 0.557978 0.000000 0.000000 0.000000 0.000000 1.000000
0.998506 -0.050838 0.020045 0.008400 0.049732 0.693304 -0.718927 4.583300 0.022651 0.718850 0.694796 0.000000 0.000000 0.000000 0.000000 1.000000
0.999095 -0.040832 0.011877 0.008400 0.040162 0.814274 -0.579090 4.583300 0.013974 0.579043 0.815177 0.000000 0.000000 0.000000 0.000000 1.000000
0.999506 -0.030805 0.006273 0.008400 0.030439 0.898459 -0.438002 4.583300 0.007857 0.437976 0.898952 -0.000000 0.000000 0.000000 0.000000 1.000000
0.999700 -0.024203 0.003661 0.008400 0.023981 0.938403 -0.344709 4.583300 0.004907 0.344694 0.938702 0.000000 0.000000 0.000000 0.000000 1.000000
0.999677 -0.025104 0.003973 0.008400 0.024865 0.933598 -0.357459 4.583300 0.005265 0.357443 0.933920 0.000000 0.000000 0.000000 0.000000 1.000000
0.999445 -0.032544 0.007094 0.008400 0.032134 0.886020 -0.462532 4.583300 0.008767 0.462503 0.886574 -0.000000 0.000000 0.000000 0.000000 1.000000
0.999018 -0.042376 0.012946 0.008400 0.041649 0.798356 -0.600744 4.583300 0.015121 0.600693 0.799337 0.000000 0.000000 0.000000 0.000000 1.000000
0.998623 -0.049122 0.018413 0.008400 0.048102 0.717371 -0.695029 4.583300 0.020932 0.694958 0.718746 0.000000 0.000000 0.000000 0.000000 1.000000
0.998424 -0.051971 0.021187 0.008400 0.050804 0.676504 -0.734685 4.583300 0.023850 0.734603 0.678078 -0.000000 0.000000 0.000000 0.000000 1.000000
0.998394 -0.052370 0.021601 0.008400 0.051181 0.670412 -0.740221 4.583300 0.024284 0.740138 0.672016 0.000000 0.000000 0.000000 0.000000 1.000000
0.998430 -0.051894 0.021107 0.008400 0.050731 0.677668 -0.733616 4.583300 0.023766 0.733535 0.679236 0.000000 0.000000 0.000000 0.000000 1.000000
0.998587 -0.049661 0.018915 0.008400 0.048615 0.709974 -0.702548 4.583300 0.021461 0.702475 0.711385 0.000000 0.000000 0.000000 0.000000 1.000000
0.998961 -0.043463 0.013736 0.008400 0.042694 0.786614 -0.615968 4.583300 0.015967 0.615914 0.787652 0.000000 0.000000 0.000000 0.000000 1.000000
0.999435 -0.032815 0.007227 0.008400 0.032397 0.884006 -0.466352 4.583300 0.008915 0.466323 0.884570 0.000000 0.000000 0.000000 0.000000 1.000000
0.999789 -0.020402 0.002497 0.008400 0.020246 0.956550 -0.290866 4.583300 0.003546 0.290855 0.956761 -0.000000 0.000000 0.000000 0.000000 1.000000
0.999939 -0.011071 0.000596 0.008400 0.011026 0.987324 -0.158337 4.583300 0.001165 0.158334 0.987385 0.000000 0.000000 0.000000 0.000000 1.000000
0.999973 -0.007312 0.000197 0.008400 0.007292 0.994466 -0.104806 4.583300 0.000571 0.104805 0.994493 0.000000 0.000000 0.000000 0.000000 1.000000
0.999961 -0.008795 0.000330 0.008400 0.008767 0.991998 -0.125948 4.583300 0.000781 0.125946 0.992037 0.000000 0.000000 0.000000 0.000000 1.000000
0.999910 -0.013357 0.000940 0.008400 0.013291 0.981527 -0.190859 4.583300 0.001627 0.190855 0.981617 -0.000000 0.000000 0.000000 0.000000 1.000000
0.999804 -0.019684 0.002302 0.008400 0.019539 0.959600 -0.280690 4.583300 0.003316 0.280680 0.959796 0.000000 0.000000 0.000000 0.000000 1.000000
0.999641 -0.026427 0.004455 0.008400 0.026161 0.926181 -0.376172 4.583300 0.005815 0.376153 0.926539 0.000000 0.000000 0.000000 0.000000 1.000000
0.999439 -0.032700 0.007171 0.008400 0.032286 0.884859 -0.464738 4.583300 0.008852 0.464709 0.885419 0.000000 0.000000 0.000000 0.000000 1.000000
0.999240 -0.037707 0.009894 0.008400 0.037144 0.843905 -0.535205 4.583300 0.011831 0.535166 0.844664 -0.000000 0.000000 0.000000 0.000000 1.000000
0.999063 -0.041482 0.012320 0.008400 0.040789 0.807674 -0.588216 4.583300 0.014450 0.588168 0.808610 -0.000000 0.000000 0.000000 0.000000 1.000000
0.998908 -0.044426 0.014463 0.008400 0.043618 0.775810 -0.629457 4.583300 0.016744 0.629400 0.776901 0.000000 0.000000 0.000000 0.000000 1.000000
0.998743 -0.047247 0.016751 0.008400 0.046316 0.741926 -0.668880 4.583300 0.019174 0.668815 0.743182 0.000000 0.000000 0.000000 0.000000 1.000000
0.998546 -0.050255 0.019479 0.008400 0.049179 0.701647 -0.710825 4.583300 0.022055 0.710750 0.703099 0.000000 0.000000 0.000000 0.000000 1.000000
0.998309 -0.053474 0.022785 0.008400 0.052222 0.653010 -0.755547 4.583300 0.025523 0.755459 0.654699 0.000000 0.000000 0.000000 0.000000 1.000000
0.998043 -0.056634 0.026507 0.008400 0.055185 0.598409 -0.799288 4.583300 0.029405 0.799187 0.600363 0.000000 0.000000 0.000000 0.000000 1.000000
0.997757 -0.059579 0.030520 0.008400 0.057918 0.539720 -0.839850 4.583300 0.033565 0.839734 0.541960 0.000000 0.000000 0.000000 0.000000 1.000000
0.997459 -0.062213 0.034705 0.008400 0.060332 0.478692 -0.875908 4.583300 0.037880 0.875776 0.481229 -0.000000 0.000000 0.000000 0.000000 1.000000
0.997156 -0.064502 0.038979 0.008400 0.062396 0.416488 -0.906997 4.583300 0.042269 0.906850 0.419329 0.000000 0.000000 0.000000 0.000000 1.000000
0.996855 -0.066415 0.043227 0.008400 0.064086 0.354826 -0.932733 4.583300 0.046610 0.932570 0.357966 0.000000 0.000000 0.000000 0.000000 1.000000
0.996565 -0.067954 0.047337 0.008400 0.065410 0.295271 -0.953172 4.583300 0.050795 0.952994 0.298701 0.000000 0.000000 0.000000 0.000000 1.000000
0.996293 -0.069134 0.051186 0.008400 0.066390 0.239603 -0.968598 4.583300 0.054699 0.968406 0.243305 -0.000000 0.000000 0.000000 0.000000 1.000000
0.996053 -0.069982 0.054597 0.008400 0.067058 0.190332 -0.979427 4.583300 0.058150 0.979222 0.194274 0.000000 0.000000 0.000000 0.000000 1.000000
0.995850 -0.070557 0.057477 0.008400 0.067484 0.148803 -0.986561 4.583300 0.061056 0.986346 0.152947 0.000000 0.000000 0.000000 0.000000 1.000000
0.995701 -0.070900 0.059600 0.008400 0.067716 0.118198 -0.990678 4.583300 0.063194 0.990456 0.122491 0.000000 0.000000 0.000000 0.000000 1.000000
0.995609 -0.071079 0.060916 0.008400 0.067827 0.099256 -0.992748 4.583300 0.064517 0.992520 0.103641 0.000000 0.000000 0.000000 0.000000 1.000000
0.995566 -0.071153 0.061523 0.008400 0.067869 0.090509 -0.993580 4.583300 0.065128 0.993351 0.094937 0.000000 0.000000 0.000000 0.000000 1.000000
0.995559 -0.071165 0.061621 0.008400 0.067876 0.089102 -0.993707 4.583300 0.065226 0.993477 0.093537 0.000000 0.000000 0.000000 0.000000 1.000000
0.995563 -0.071158 0.061563 0.008400 0.067872 0.089936 -0.993632 4.583300 0.065168 0.993402 0.094367 0.000000 0.000000 0.000000 0.000000 1.000000
0.995567 -0.071152 0.061516 0.008400 0.067869 0.090615 -0.993571 4.583300 0.065121 0.993341 0.095042 0.000000 0.000000 0.000000 0.000000 1.000000
0.995566 -0.071153 0.061522 0.008400 0.067869 0.090534 -0.993578 4.583300 0.065127 0.993348 0.094962 0.000000 0.000000 0.000000 0.000000 1.000000
0.995565 -0.071156 0.061541 0.008400 0.067870 0.090253 -0.993604 4.583300 0.065146 0.993374 0.094682 0.000000 0.000000 0.000000 0.000000 1.000000
0.995565 -0.071155 0.061540 0.008400 0.067870 0.090264 -0.993603 4.583300 0.065145 0.993373 0.094693 -0.000000 0.000000 0.000000 0.000000 1.000000
0.995566 -0.071155 0.061530 0.008400 0.067870 0.090410 -0.993589 4.583300 0.065135 0.993359 0.094839 0.000000 0.000000 0.000000 0.000000 1.000000
0.995565 -0.071155 0.061540 0.008400 0.067871 0.090272 -0.993602 4.583300 0.065145 0.993372 0.094701 -0.000000 0.000000 0.000000 0.000000 1.000000
0.995562 -0.071160 0.061580 0.008400 0.067873 0.089689 -0.993654 4.583300 0.065185 0.993424 0.094121 -0.000000 0.000000 0.000000 0.000000 1.000000
0.995561 -0.071163 0.061604 0.008400 0.067875 0.089350 -0.993685 4.583300 0.065209 0.993455 0.093784 0.000000 0.000000 0.000000 0.000000 1.000000
0.995566 -0.071154 0.061528 0.008400 0.067870 0.090440 -0.993587 4.583300 0.065133 0.993357 0.094868 0.000000 0.000000 0.000000 0.000000 1.000000
0.995576 -0.071137 0.061384 0.008400 0.067860 0.092522 -0.993396 4.583300 0.064988 0.993166 0.096940 0.000000 0.000000 0.000000 0.000000 1.000000
0.995576 -0.071137 0.061383 0.008400 0.067860 0.092538 -0.993394 4.583300 0.064987 0.993165 0.096956 -0.000000 0.000000 0.000000 0.000000 1.000000
0.995537 -0.071201 0.061935 0.008400 0.067895 0.084593 -0.994100 4.583300 0.065541 0.993868 0.089050 0.000000 0.000000 0.000000 0.000000 1.000000
0.995461 -0.071314 0.063028 0.008400 0.067951 0.068862 -0.995309 4.583300 0.066639 0.995074 0.073395 0.000000 0.000000 0.000000 0.000000 1.000000
0.995386 -0.071407 0.064087 0.008400 0.067990 0.053635 -0.996243 4.583300 0.067701 0.996004 0.058242 0.000000 0.000000 0.000000 0.000000 1.000000
0.995406 -0.071384 0.063813 0.008400 0.067981 0.057567 -0.996024 4.583300 0.067427 0.995786 0.062156 0.000000 0.000000 0.000000 0.000000 1.000000
0.995583 -0.071124 0.061279 0.008400 0.067853 0.094032 -0.993254 4.583300 0.064882 0.993025 0.098443 -0.000000 0.000000 0.000000 0.000000 1.000000</float_array>
        <technique_common>
          <accessor source="#mixamorig_RightHandRing2-Matrix-animation-output-transform-array" count="63" stride="16">
            <param type="float4x4"/>
          </accessor>
        </technique_common>
      </source>
      <source id="mixamorig_RightHandRing2-Interpolations">
        <Name_array id="mixamorig_RightHandRing2-Interpolations-array" count="63">
 LINEAR LINEAR LINEAR LINEAR LINEAR LINEAR LINEAR LINEAR LINEAR LINEAR LINEAR
LINEAR LINEAR LINEAR LINEAR LINEAR LINEAR LINEAR LINEAR LINEAR LINEAR LINEAR LINEAR
LINEAR LINEAR LINEAR LINEAR LINEAR LINEAR LINEAR LINEAR LINEAR LINEAR LINEAR LINEAR
LINEAR LINEAR LINEAR LINEAR LINEAR LINEAR LINEAR LINEAR LINEAR LINEAR LINEAR LINEAR
LINEAR LINEAR LINEAR LINEAR LINEAR LINEAR LINEAR LINEAR LINEAR LINEAR LINEAR LINEAR
LINEAR LINEAR LINEAR LINEAR</Name_array>
        <technique_common>
          <accessor source="#mixamorig_RightHandRing2-Interpolations-array" count="63">
            <param type="name"/>
          </accessor>
        </technique_common>
      </source>
      <sampler id="mixamorig_RightHandRing2-Matrix-animation-transform">
        <input semantic="INPUT" source="#mixamorig_RightHandRing2-Matrix-animation-input"/>
        <input semantic="OUTPUT" source="#mixamorig_RightHandRing2-Matrix-animation-output-transform"/>
        <input semantic="INTERPOLATION" source="#mixamorig_RightHandRing2-Interpolations"/>
      </sampler>
      <channel source="#mixamorig_RightHandRing2-Matrix-animation-transform" target="mixamorig_RightHandRing2/matrix"/>
    </animation>
    <animation id="mixamorig_RightHandRing3-anim" name="mixamorig_RightHandRing3">
      <source id="mixamorig_RightHandRing3-Matrix-animation-input">
        <float_array id="mixamorig_RightHandRing3-Matrix-animation-input-array" count="63">

0.000000 0.033333 0.066667 0.100000 0.133333 0.166667 0.200000 0.233333 0.266667 0.300000 0.333333 0.366667 0.400000 0.433333 0.466667 0.500000
0.533333 0.566667 0.600000 0.633333 0.666667 0.700000 0.733333 0.766667 0.800000 0.833333 0.866667 0.900000 0.933333 0.966667 1.000000 1.033333
1.066667 1.100000 1.133333 1.166667 1.200000 1.233333 1.266667 1.300000 1.333333 1.366667 1.400000 1.433333 1.466667 1.500000 1.533333 1.566667
1.600000 1.633333 1.666667 1.700000 1.733333 1.766667 1.800000 1.833333 1.866667 1.900000 1.933333 1.966667 2.000000 2.033333 2.066667</float_array>
        <technique_common>
          <accessor source="#mixamorig_RightHandRing3-Matrix-animation-input-array" count="63">
            <param name="TIME" type="float"/>
          </accessor>
        </technique_common>
      </source>
      <source id="mixamorig_RightHandRing3-Matrix-animation-output-transform">
        <float_array id="mixamorig_RightHandRing3-Matrix-animation-output-transform-array" count="1008">

0.999669 -0.024930 0.006429 0.008300 0.025153 0.892374 -0.450595 4.612900 0.005496 0.450607 0.892705 0.000000 0.000000 0.000000 0.000000 1.000000
0.999707 -0.023498 0.005772 0.008300 0.023694 0.902330 -0.430394 4.612900 0.004905 0.430405 0.902623 0.000000 0.000000 0.000000 0.000000 1.000000
0.999758 -0.021452 0.004898 0.008300 0.021613 0.915605 -0.401498 4.612900 0.004128 0.401507 0.915847 0.000000 0.000000 0.000000 0.000000 1.000000
0.999815 -0.018844 0.003894 0.008300 0.018966 0.930957 -0.364636 4.612900 0.003246 0.364642 0.931142 -0.000000 0.000000 0.000000 0.000000 1.000000
0.999873 -0.015695 0.002837 0.008300 0.015777 0.947268 -0.320055 4.612900 0.002336 0.320059 0.947395 0.000000 0.000000 0.000000 0.000000 1.000000
0.999926 -0.012056 0.001818 0.008300 0.012102 0.963207 -0.268487 4.612900 0.001486 0.268489 0.963282 0.000000 0.000000 0.000000 0.000000 1.000000
0.999967 -0.008053 0.000936 0.008300 0.008069 0.977310 -0.211659 4.612900 0.000790 0.211659 0.977343 -0.000000 0.000000 0.000000 0.000000 1.000000
0.999991 -0.004130 0.000306 0.008300 0.004128 0.987769 -0.155870 4.612900 0.000341 0.155870 0.987777 -0.000000 0.000000 0.000000 0.000000 1.000000
1.000000 -0.000787 -0.000052 0.008300 0.000776 0.994121 -0.108270 4.612900 0.000137 0.108270 0.994122 0.000000 0.000000 0.000000 0.000000 1.000000
0.999999 0.001407 -0.000200 0.008300 -0.001418 0.997030 -0.076997 4.612900 0.000091 0.076998 0.997031 0.000000 0.000000 0.000000 0.000000 1.000000
0.999997 0.002446 -0.000245 0.008300 -0.002456 0.998062 -0.062180 4.612900 0.000093 0.062180 0.998065 -0.000000 0.000000 0.000000 0.000000 1.000000
0.999997 0.002518 -0.000248 0.008300 -0.002528 0.998126 -0.061148 4.612900 0.000094 0.061148 0.998129 0.000000 0.000000 0.000000 0.000000 1.000000
0.999997 0.002252 -0.000238 0.008300 -0.002263 0.997887 -0.064940 4.612900 0.000091 0.064941 0.997889 0.000000 0.000000 0.000000 0.000000 1.000000
0.999998 0.002043 -0.000230 0.008300 -0.002054 0.997689 -0.067918 4.612900 0.000090 0.067918 0.997691 0.000000 0.000000 0.000000 0.000000 1.000000
0.999998 0.002028 -0.000229 0.008300 -0.002039 0.997674 -0.068136 4.612900 0.000090 0.068136 0.997676 0.000000 0.000000 0.000000 0.000000 1.000000
0.999998 0.002087 -0.000231 0.008300 -0.002098 0.997731 -0.067291 4.612900 0.000090 0.067291 0.997733 0.000000 0.000000 0.000000 0.000000 1.000000
0.999998 0.002126 -0.000233 0.008300 -0.002137 0.997769 -0.066732 4.612900 0.000090 0.066732 0.997771 0.000000 0.000000 0.000000 0.000000 1.000000
0.999998 0.002120 -0.000233 0.008300 -0.002131 0.997762 -0.066827 4.612900 0.000091 0.066828 0.997765 -0.000000 0.000000 0.000000 0.000000 1.000000
0.999998 0.002101 -0.000232 0.008300 -0.002111 0.997744 -0.067102 4.612900 0.000091 0.067102 0.997746 -0.000000 0.000000 0.000000 0.000000 1.000000
0.999998 0.002109 -0.000233 0.008300 -0.002120 0.997752 -0.066981 4.612900 0.000091 0.066981 0.997754 -0.000000 0.000000 0.000000 0.000000 1.000000
0.999998 0.002154 -0.000234 0.008300 -0.002165 0.997795 -0.066339 4.612900 0.000091 0.066340 0.997797 0.000000 0.000000 0.000000 0.000000 1.000000
0.999998 0.002221 -0.000237 0.008300 -0.002232 0.997858 -0.065379 4.612900 0.000091 0.065379 0.997860 -0.000000 0.000000 0.000000 0.000000 1.000000
0.999997 0.002273 -0.000239 0.008300 -0.002284 0.997907 -0.064631 4.612900 0.000091 0.064631 0.997909 0.000000 0.000000 0.000000 0.000000 1.000000
0.999997 0.002276 -0.000239 0.008300 -0.002286 0.997909 -0.064596 4.612900 0.000092 0.064596 0.997911 0.000000 0.000000 0.000000 0.000000 1.000000
0.999998 0.002185 -0.000235 0.008300 -0.002195 0.997824 -0.065900 4.612900 0.000091 0.065900 0.997826 0.000000 0.000000 0.000000 0.000000 1.000000
0.999998 0.001972 -0.000226 0.008300 -0.001983 0.997619 -0.068931 4.612900 0.000090 0.068931 0.997621 0.000000 0.000000 0.000000 0.000000 1.000000
0.999999 0.001609 -0.000210 0.008300 -0.001620 0.997248 -0.074116 4.612900 0.000090 0.074116 0.997250 0.000000 0.000000 0.000000 0.000000 1.000000
0.999999 0.001028 -0.000179 0.008300 -0.001039 0.996599 -0.082399 4.612900 0.000094 0.082399 0.996599 0.000000 0.000000 0.000000 0.000000 1.000000
1.000000 0.000205 -0.000128 0.008300 -0.000216 0.995560 -0.094128 4.612900 0.000108 0.094128 0.995560 0.000000 0.000000 0.000000 0.000000 1.000000
1.000000 -0.000923 -0.000041 0.008300 0.000913 0.993909 -0.110200 4.612900 0.000142 0.110199 0.993909 0.000000 0.000000 0.000000 0.000000 1.000000
0.999997 -0.002356 0.000096 0.008300 0.002348 0.991431 -0.130613 4.612900 0.000213 0.130613 0.991433 0.000000 0.000000 0.000000 0.000000 1.000000
0.999992 -0.004046 0.000295 0.008300 0.004043 0.987957 -0.154673 4.612900 0.000334 0.154673 0.987966 -0.000000 0.000000 0.000000 0.000000 1.000000
0.999982 -0.005968 0.000572 0.008300 0.005973 0.983278 -0.182012 4.612900 0.000523 0.182012 0.983296 -0.000000 0.000000 0.000000 0.000000 1.000000
0.999967 -0.008026 0.000930 0.008300 0.008041 0.977397 -0.211261 4.612900 0.000786 0.211261 0.977429 0.000000 0.000000 0.000000 0.000000 1.000000
0.999947 -0.010173 0.001372 0.008300 0.010203 0.970282 -0.241762 4.612900 0.001128 0.241763 0.970335 0.000000 0.000000 0.000000 0.000000 1.000000
0.999922 -0.012353 0.001893 0.008300 0.012401 0.962023 -0.272687 4.612900 0.001547 0.272689 0.962101 0.000000 0.000000 0.000000 0.000000 1.000000
0.999892 -0.014510 0.002482 0.008300 0.014579 0.952793 -0.303269 4.612900 0.002036 0.303273 0.952902 0.000000 0.000000 0.000000 0.000000 1.000000
0.999858 -0.016586 0.003120 0.008300 0.016679 0.942891 -0.332684 4.612900 0.002577 0.332689 0.943033 0.000000 0.000000 0.000000 0.000000 1.000000
0.999821 -0.018538 0.003784 0.008300 0.018656 0.932646 -0.360311 4.612900 0.003150 0.360317 0.932825 0.000000 0.000000 0.000000 0.000000 1.000000
0.999784 -0.020325 0.004450 0.008300 0.020469 0.922447 -0.385580 4.612900 0.003732 0.385588 0.922664 0.000000 0.000000 0.000000 0.000000 1.000000
0.999748 -0.021884 0.005076 0.008300 0.022052 0.912893 -0.407604 4.612900 0.004286 0.407613 0.913145 0.000000 0.000000 0.000000 0.000000 1.000000
0.999715 -0.023183 0.005633 0.008300 0.023374 0.904447 -0.425946 4.612900 0.004780 0.425956 0.904731 0.000000 0.000000 0.000000 0.000000 1.000000
0.999690 -0.024134 0.006059 0.008300 0.024341 0.897982 -0.439357 4.612900 0.005162 0.439369 0.898292 0.000000 0.000000 0.000000 0.000000 1.000000
0.999674 -0.024719 0.006330 0.008300 0.024937 0.893877 -0.447618 4.612900 0.005406 0.447630 0.894203 0.000000 0.000000 0.000000 0.000000 1.000000
0.999667 -0.024989 0.006458 0.008300 0.025213 0.891951 -0.451428 4.612900 0.005521 0.451441 0.892284 0.000000 0.000000 0.000000 0.000000 1.000000
0.999666 -0.025033 0.006479 0.008300 0.025257 0.891637 -0.452046 4.612900 0.005540 0.452058 0.891971 0.000000 0.000000 0.000000 0.000000 1.000000
0.999666 -0.025007 0.006466 0.008300 0.025231 0.891822 -0.451683 4.612900 0.005528 0.451695 0.892155 0.000000 0.000000 0.000000 0.000000 1.000000
0.999667 -0.024986 0.006456 0.008300 0.025209 0.891976 -0.451378 4.612900 0.005519 0.451391 0.892309 0.000000 0.000000 0.000000 0.000000 1.000000
0.999667 -0.024988 0.006457 0.008300 0.025211 0.891962 -0.451406 4.612900 0.005520 0.451418 0.892295 0.000000 0.000000 0.000000 0.000000 1.000000
0.999667 -0.024997 0.006461 0.008300 0.025220 0.891897 -0.451535 4.612900 0.005524 0.451548 0.892230 -0.000000 0.000000 0.000000 0.000000 1.000000
0.999667 -0.024999 0.006462 0.008300 0.025222 0.891883 -0.451562 4.612900 0.005525 0.451574 0.892216 0.000000 0.000000 0.000000 0.000000 1.000000
0.999667 -0.024995 0.006461 0.008300 0.025219 0.891905 -0.451519 4.612900 0.005524 0.451532 0.892238 0.000000 0.000000 0.000000 0.000000 1.000000
0.999667 -0.024997 0.006461 0.008300 0.025221 0.891894 -0.451540 4.612900 0.005524 0.451553 0.892227 -0.000000 0.000000 0.000000 0.000000 1.000000
0.999666 -0.025007 0.006466 0.008300 0.025231 0.891822 -0.451682 4.612900 0.005528 0.451694 0.892156 -0.000000 0.000000 0.000000 0.000000 1.000000
0.999666 -0.025013 0.006469 0.008300 0.025237 0.891780 -0.451765 4.612900 0.005531 0.451777 0.892114 0.000000 0.000000 0.000000 0.000000 1.000000
0.999667 -0.024993 0.006459 0.008300 0.025217 0.891924 -0.451483 4.612900 0.005523 0.451495 0.892257 0.000000 0.000000 0.000000 0.000000 1.000000
0.999668 -0.024956 0.006442 0.008300 0.025179 0.892191 -0.450956 4.612900 0.005507 0.450969 0.892523 0.000000 0.000000 0.000000 0.000000 1.000000
0.999668 -0.024958 0.006443 0.008300 0.025180 0.892181 -0.450976 4.612900 0.005507 0.450989 0.892513 -0.000000 0.000000 0.000000 0.000000 1.000000
0.999664 -0.025103 0.006512 0.008300 0.025329 0.891135 -0.453030 4.612900 0.005569 0.453043 0.891471 0.000000 0.000000 0.000000 0.000000 1.000000
0.999656 -0.025385 0.006647 0.008300 0.025616 0.889091 -0.457013 4.612900 0.005692 0.457026 0.889435 -0.000000 0.000000 0.000000 0.000000 1.000000
0.999648 -0.025652 0.006776 0.008300 0.025889 0.887138 -0.460778 4.612900 0.005809 0.460791 0.887489 0.000000 0.000000 0.000000 0.000000 1.000000
0.999650 -0.025577 0.006740 0.008300 0.025812 0.887692 -0.459715 4.612900 0.005775 0.459728 0.888041 0.000000 0.000000 0.000000 0.000000 1.000000
0.999669 -0.024930 0.006429 0.008300 0.025153 0.892374 -0.450595 4.612900 0.005496 0.450607 0.892705 0.000000 0.000000 0.000000 0.000000 1.000000</float_array>
        <technique_common>
          <accessor source="#mixamorig_RightHandRing3-Matrix-animation-output-transform-array" count="63" stride="16">
            <param type="float4x4"/>
          </accessor>
        </technique_common>
      </source>
      <source id="mixamorig_RightHandRing3-Interpolations">
        <Name_array id="mixamorig_RightHandRing3-Interpolations-array" count="63">
 LINEAR LINEAR LINEAR LINEAR LINEAR LINEAR LINEAR LINEAR LINEAR LINEAR LINEAR
LINEAR LINEAR LINEAR LINEAR LINEAR LINEAR LINEAR LINEAR LINEAR LINEAR LINEAR LINEAR
LINEAR LINEAR LINEAR LINEAR LINEAR LINEAR LINEAR LINEAR LINEAR LINEAR LINEAR LINEAR
LINEAR LINEAR LINEAR LINEAR LINEAR LINEAR LINEAR LINEAR LINEAR LINEAR LINEAR LINEAR
LINEAR LINEAR LINEAR LINEAR LINEAR LINEAR LINEAR LINEAR LINEAR LINEAR LINEAR LINEAR
LINEAR LINEAR LINEAR LINEAR</Name_array>
        <technique_common>
          <accessor source="#mixamorig_RightHandRing3-Interpolations-array" count="63">
            <param type="name"/>
          </accessor>
        </technique_common>
      </source>
      <sampler id="mixamorig_RightHandRing3-Matrix-animation-transform">
        <input semantic="INPUT" source="#mixamorig_RightHandRing3-Matrix-animation-input"/>
        <input semantic="OUTPUT" source="#mixamorig_RightHandRing3-Matrix-animation-output-transform"/>
        <input semantic="INTERPOLATION" source="#mixamorig_RightHandRing3-Interpolations"/>
      </sampler>
      <channel source="#mixamorig_RightHandRing3-Matrix-animation-transform" target="mixamorig_RightHandRing3/matrix"/>
    </animation>
    <animation id="mixamorig_RightHandPinky1-anim" name="mixamorig_RightHandPinky1">
      <source id="mixamorig_RightHandPinky1-Matrix-animation-input">
        <float_array id="mixamorig_RightHandPinky1-Matrix-animation-input-array" count="63">

0.000000 0.033333 0.066667 0.100000 0.133333 0.166667 0.200000 0.233333 0.266667 0.300000 0.333333 0.366667 0.400000 0.433333 0.466667 0.500000
0.533333 0.566667 0.600000 0.633333 0.666667 0.700000 0.733333 0.766667 0.800000 0.833333 0.866667 0.900000 0.933333 0.966667 1.000000 1.033333
1.066667 1.100000 1.133333 1.166667 1.200000 1.233333 1.266667 1.300000 1.333333 1.366667 1.400000 1.433333 1.466667 1.500000 1.533333 1.566667
1.600000 1.633333 1.666667 1.700000 1.733333 1.766667 1.800000 1.833333 1.866667 1.900000 1.933333 1.966667 2.000000 2.033333 2.066667</float_array>
        <technique_common>
          <accessor source="#mixamorig_RightHandPinky1-Matrix-animation-input-array" count="63">
            <param name="TIME" type="float"/>
          </accessor>
        </technique_common>
      </source>
      <source id="mixamorig_RightHandPinky1-Matrix-animation-output-transform">
        <float_array id="mixamorig_RightHandPinky1-Matrix-animation-output-transform-array" count="1008">

0.976733 -0.213551 -0.019737 -5.335200 0.050473 0.318346 -0.946630 11.443900 0.208437 0.923608 0.321718 0.289400 0.000000 0.000000 0.000000 1.000000
0.974553 -0.223413 -0.018253 -5.335200 0.072216 0.390012 -0.917974 11.443900 0.212206 0.893296 0.396221 0.289400 0.000000 0.000000 0.000000 1.000000
0.971371 -0.237104 -0.014849 -5.335200 0.105113 0.485003 -0.868173 11.443900 0.213049 0.841757 0.496040 0.289400 0.000000 0.000000 0.000000 1.000000
0.967698 -0.251994 -0.007716 -5.335200 0.147515 0.590768 -0.793242 11.443900 0.204451 0.766480 0.608858 0.289400 0.000000 0.000000 0.000000 1.000000
0.964431 -0.264281 0.005373 -5.335200 0.194614 0.696147 -0.691017 11.443900 0.178882 0.667484 0.722818 0.289400 0.000000 0.000000 0.000000 1.000000
0.961755 -0.272772 0.024938 -5.335200 0.239396 0.792835 -0.560449 11.443900 0.133103 0.544985 0.827814 0.289400 0.000000 0.000000 0.000000 1.000000
0.959430 -0.277161 0.051727 -5.335200 0.273618 0.871021 -0.407990 11.443900 0.068023 0.405591 0.911520 0.289400 0.000000 0.000000 0.000000 1.000000
0.956883 -0.278551 0.082369 -5.335200 0.290474 0.918078 -0.269736 11.443900 -0.000486 0.282032 0.959405 0.289400 0.000000 0.000000 0.000000 1.000000
0.955339 -0.272865 0.113451 -5.335200 0.291289 0.934192 -0.206000 11.443900 -0.049775 0.229847 0.971953 0.289400 0.000000 0.000000 0.000000 1.000000
0.957139 -0.252018 0.142732 -5.335200 0.283668 0.915175 -0.286335 11.443900 -0.058463 0.314551 0.947439 0.289400 0.000000 0.000000 0.000000 1.000000
0.960649 -0.218088 0.172022 -5.335200 0.274978 0.834204 -0.478007 11.443900 -0.039254 0.506499 0.861346 0.289400 0.000000 0.000000 0.000000 1.000000
0.962162 -0.181575 0.203160 -5.335200 0.272068 0.681028 -0.679838 11.443900 -0.014916 0.709388 0.704660 0.289400 0.000000 0.000000 0.000000 1.000000
0.961420 -0.154420 0.227654 -5.335200 0.275085 0.540353 -0.795202 11.443900 -0.000218 0.827148 0.561985 0.289400 0.000000 0.000000 0.000000 1.000000
0.960627 -0.140412 0.239749 -5.335200 0.277804 0.471451 -0.836994 11.443900 0.004494 0.870642 0.491896 0.289400 0.000000 0.000000 0.000000 1.000000
0.960508 -0.137061 0.242155 -5.335200 0.278226 0.460884 -0.842719 11.443900 0.003898 0.876812 0.480817 0.289400 0.000000 0.000000 0.000000 1.000000
0.960627 -0.140053 0.239961 -5.335200 0.277816 0.472569 -0.836359 11.443900 0.003736 0.870094 0.492871 0.289400 0.000000 0.000000 0.000000 1.000000
0.961499 -0.153690 0.227814 -5.335200 0.274796 0.529936 -0.802281 11.443900 0.002576 0.833995 0.551767 0.289400 0.000000 0.000000 0.000000 1.000000
0.962428 -0.182585 0.200986 -5.335200 0.271428 0.667921 -0.692971 11.443900 -0.007716 0.721488 0.692384 0.289400 0.000000 0.000000 0.000000 1.000000
0.960821 -0.220260 0.168251 -5.335200 0.274841 0.835653 -0.475549 11.443900 -0.035855 0.503160 0.863449 0.289400 0.000000 0.000000 0.000000 1.000000
0.955582 -0.255054 0.147686 -5.335200 0.281391 0.938563 -0.199795 11.443900 -0.087654 0.232478 0.968644 0.289400 0.000000 0.000000 0.000000 1.000000
0.951999 -0.272514 0.139410 -5.335200 0.274182 0.961649 0.007470 11.443900 -0.136099 0.031112 0.990207 0.289400 0.000000 0.000000 0.000000 1.000000
0.953986 -0.266046 0.138310 -5.335200 0.256536 0.962975 0.082881 11.443900 -0.155239 -0.043586 0.986915 0.289400 0.000000 0.000000 0.000000 1.000000
0.961092 -0.239348 0.137893 -5.335200 0.236384 0.970927 0.037728 11.443900 -0.142914 -0.003665 0.989728 0.289400 0.000000 0.000000 0.000000 1.000000
0.969643 -0.202962 0.136381 -5.335200 0.214625 0.973662 -0.076937 11.443900 -0.117174 0.103872 0.987664 0.289400 0.000000 0.000000 0.000000 1.000000
0.977292 -0.162566 0.135917 -5.335200 0.190644 0.954556 -0.229081 11.443900 -0.092500 0.249791 0.963872 0.289400 0.000000 0.000000 0.000000 1.000000
0.982843 -0.122371 0.138004 -5.335200 0.167004 0.908012 -0.384219 11.443900 -0.078292 0.400674 0.912869 0.289400 0.000000 0.000000 0.000000 1.000000
0.986119 -0.085890 0.142101 -5.335200 0.148101 0.841919 -0.518881 11.443900 -0.075071 0.532724 0.842953 0.289400 0.000000 0.000000 0.000000 1.000000
0.987624 -0.058802 0.145398 -5.335200 0.136701 0.777193 -0.614234 11.443900 -0.076884 0.626508 0.775613 0.289400 0.000000 0.000000 0.000000 1.000000
0.988572 -0.042731 0.144564 -5.335200 0.130042 0.726797 -0.674430 11.443900 -0.076250 0.685522 0.724048 0.289400 0.000000 0.000000 0.000000 1.000000
0.989615 -0.038031 0.138623 -5.335200 0.126010 0.693556 -0.709297 11.443900 -0.069168 0.719399 0.691145 0.289400 0.000000 0.000000 0.000000 1.000000
0.990791 -0.040906 0.129075 -5.335200 0.123274 0.666844 -0.734931 11.443900 -0.056009 0.744074 0.665745 0.289400 0.000000 0.000000 0.000000 1.000000
0.991883 -0.048055 0.117720 -5.335200 0.121127 0.638690 -0.759870 11.443900 -0.038671 0.767962 0.639327 0.289400 0.000000 0.000000 0.000000 1.000000
0.992735 -0.058186 0.105312 -5.335200 0.118950 0.606214 -0.786356 11.443900 -0.018087 0.793170 0.608731 0.289400 0.000000 0.000000 0.000000 1.000000
0.993233 -0.070581 0.092231 -5.335200 0.116048 0.571728 -0.812195 11.443900 0.004595 0.817402 0.576050 0.289400 0.000000 0.000000 0.000000 1.000000
0.993271 -0.085194 0.078450 -5.335200 0.112107 0.537312 -0.835900 11.443900 0.029062 0.839070 0.543247 0.289400 0.000000 0.000000 0.000000 1.000000
0.992760 -0.101509 0.064219 -5.335200 0.106974 0.503999 -0.857054 11.443900 0.054632 0.857719 0.511208 0.289400 0.000000 0.000000 0.000000 1.000000
0.991666 -0.118724 0.050034 -5.335200 0.100668 0.471672 -0.876009 11.443900 0.080403 0.873745 0.479693 0.289400 0.000000 0.000000 0.000000 1.000000
0.990033 -0.136074 0.036301 -5.335200 0.093302 0.440657 -0.892814 11.443900 0.105492 0.887302 0.448961 0.289400 0.000000 0.000000 0.000000 1.000000
0.987954 -0.152968 0.023391 -5.335200 0.085176 0.411347 -0.907491 11.443900 0.129196 0.898551 0.419421 0.289400 0.000000 0.000000 0.000000 1.000000
0.985559 -0.168938 0.011538 -5.335200 0.076675 0.384480 -0.919944 11.443900 0.150977 0.907543 0.391881 0.289400 0.000000 0.000000 0.000000 1.000000
0.983059 -0.183288 0.001125 -5.335200 0.068399 0.361149 -0.929996 11.443900 0.170051 0.914318 0.367568 0.289400 0.000000 0.000000 0.000000 1.000000
0.980663 -0.195558 -0.007585 -5.335200 0.060901 0.341777 -0.937806 11.443900 0.185988 0.919209 0.347078 0.289400 0.000000 0.000000 0.000000 1.000000
0.978719 -0.204729 -0.013995 -5.335200 0.055056 0.327671 -0.943187 11.443900 0.197683 0.922344 0.331969 0.289400 0.000000 0.000000 0.000000 1.000000
0.977434 -0.210475 -0.017952 -5.335200 0.051311 0.319006 -0.946363 11.443900 0.204913 0.924086 0.322607 0.289400 0.000000 0.000000 0.000000 1.000000
0.976815 -0.213168 -0.019782 -5.335200 0.049553 0.315028 -0.947788 11.443900 0.208270 0.924833 0.318287 0.289400 0.000000 0.000000 0.000000 1.000000
0.976710 -0.213620 -0.020080 -5.335200 0.049273 0.314397 -0.948012 11.443900 0.208828 0.924944 0.317600 0.289400 0.000000 0.000000 0.000000 1.000000
0.976770 -0.213365 -0.019905 -5.335200 0.049443 0.314774 -0.947878 11.443900 0.208509 0.924875 0.318011 0.289400 0.000000 0.000000 0.000000 1.000000
0.976823 -0.213135 -0.019754 -5.335200 0.049577 0.315063 -0.947775 11.443900 0.208227 0.924829 0.318328 0.289400 0.000000 0.000000 0.000000 1.000000
0.976822 -0.213140 -0.019764 -5.335200 0.049558 0.315010 -0.947794 11.443900 0.208238 0.924846 0.318271 0.289400 0.000000 0.000000 0.000000 1.000000
0.976798 -0.213243 -0.019830 -5.335200 0.049503 0.314900 -0.947833 11.443900 0.208363 0.924860 0.318150 0.289400 0.000000 0.000000 0.000000 1.000000
0.976783 -0.213310 -0.019860 -5.335200 0.049515 0.314980 -0.947806 11.443900 0.208431 0.924817 0.318230 0.289400 0.000000 0.000000 0.000000 1.000000
0.976782 -0.213314 -0.019852 -5.335200 0.049551 0.315098 -0.947765 11.443900 0.208427 0.924776 0.318352 0.289400 0.000000 0.000000 0.000000 1.000000
0.976792 -0.213268 -0.019840 -5.335200 0.049511 0.314938 -0.947820 11.443900 0.208388 0.924841 0.318188 0.289400 0.000000 0.000000 0.000000 1.000000
0.976808 -0.213194 -0.019845 -5.335200 0.049359 0.314398 -0.948007 11.443900 0.208349 0.925042 0.317630 0.289400 0.000000 0.000000 0.000000 1.000000
0.976817 -0.213152 -0.019848 -5.335200 0.049273 0.314091 -0.948114 11.443900 0.208326 0.925156 0.317312 0.289400 0.000000 0.000000 0.000000 1.000000
0.976797 -0.213249 -0.019819 -5.335200 0.049553 0.315064 -0.947776 11.443900 0.208357 0.924802 0.318321 0.289400 0.000000 0.000000 0.000000 1.000000
0.976750 -0.213466 -0.019779 -5.335200 0.050087 0.316938 -0.947123 11.443900 0.208447 0.924112 0.320262 0.289400 0.000000 0.000000 0.000000 1.000000
0.976738 -0.213520 -0.019807 -5.335200 0.050090 0.316991 -0.947105 11.443900 0.208504 0.924081 0.320312 0.289400 0.000000 0.000000 0.000000 1.000000
0.976895 -0.212780 -0.020002 -5.335200 0.048061 0.309914 -0.949549 11.443900 0.208244 0.926649 0.312980 0.289400 0.000000 0.000000 0.000000 1.000000
0.977246 -0.211135 -0.020284 -5.335200 0.044089 0.295741 -0.954250 11.443900 0.207475 0.931643 0.298320 0.289400 0.000000 0.000000 0.000000 1.000000
0.977634 -0.209318 -0.020431 -5.335200 0.040311 0.281841 -0.958614 11.443900 0.206414 0.936350 0.283975 0.289400 0.000000 0.000000 0.000000 1.000000
0.977603 -0.209480 -0.020262 -5.335200 0.041291 0.285313 -0.957545 11.443900 0.206368 0.935262 0.287572 0.289400 0.000000 0.000000 0.000000 1.000000
0.976733 -0.213550 -0.019737 -5.335200 0.050474 0.318346 -0.946630 11.443900 0.208437 0.923608 0.321718 0.289400 0.000000 0.000000 0.000000 1.000000</float_array>
        <technique_common>
          <accessor source="#mixamorig_RightHandPinky1-Matrix-animation-output-transform-array" count="63" stride="16">
            <param type="float4x4"/>
          </accessor>
        </technique_common>
      </source>
      <source id="mixamorig_RightHandPinky1-Interpolations">
        <Name_array id="mixamorig_RightHandPinky1-Interpolations-array" count="63">
 LINEAR LINEAR LINEAR LINEAR LINEAR LINEAR LINEAR LINEAR LINEAR LINEAR LINEAR
LINEAR LINEAR LINEAR LINEAR LINEAR LINEAR LINEAR LINEAR LINEAR LINEAR LINEAR LINEAR
LINEAR LINEAR LINEAR LINEAR LINEAR LINEAR LINEAR LINEAR LINEAR LINEAR LINEAR LINEAR
LINEAR LINEAR LINEAR LINEAR LINEAR LINEAR LINEAR LINEAR LINEAR LINEAR LINEAR LINEAR
LINEAR LINEAR LINEAR LINEAR LINEAR LINEAR LINEAR LINEAR LINEAR LINEAR LINEAR LINEAR
LINEAR LINEAR LINEAR LINEAR</Name_array>
        <technique_common>
          <accessor source="#mixamorig_RightHandPinky1-Interpolations-array" count="63">
            <param type="name"/>
          </accessor>
        </technique_common>
      </source>
      <sampler id="mixamorig_RightHandPinky1-Matrix-animation-transform">
        <input semantic="INPUT" source="#mixamorig_RightHandPinky1-Matrix-animation-input"/>
        <input semantic="OUTPUT" source="#mixamorig_RightHandPinky1-Matrix-animation-output-transform"/>
        <input semantic="INTERPOLATION" source="#mixamorig_RightHandPinky1-Interpolations"/>
      </sampler>
      <channel source="#mixamorig_RightHandPinky1-Matrix-animation-transform" target="mixamorig_RightHandPinky1/matrix"/>
    </animation>
    <animation id="mixamorig_RightHandPinky2-anim" name="mixamorig_RightHandPinky2">
      <source id="mixamorig_RightHandPinky2-Matrix-animation-input">
        <float_array id="mixamorig_RightHandPinky2-Matrix-animation-input-array" count="63">

0.000000 0.033333 0.066667 0.100000 0.133333 0.166667 0.200000 0.233333 0.266667 0.300000 0.333333 0.366667 0.400000 0.433333 0.466667 0.500000
0.533333 0.566667 0.600000 0.633333 0.666667 0.700000 0.733333 0.766667 0.800000 0.833333 0.866667 0.900000 0.933333 0.966667 1.000000 1.033333
1.066667 1.100000 1.133333 1.166667 1.200000 1.233333 1.266667 1.300000 1.333333 1.366667 1.400000 1.433333 1.466667 1.500000 1.533333 1.566667
1.600000 1.633333 1.666667 1.700000 1.733333 1.766667 1.800000 1.833333 1.866667 1.900000 1.933333 1.966667 2.000000 2.033333 2.066667</float_array>
        <technique_common>
          <accessor source="#mixamorig_RightHandPinky2-Matrix-animation-input-array" count="63">
            <param name="TIME" type="float"/>
          </accessor>
        </technique_common>
      </source>
      <source id="mixamorig_RightHandPinky2-Matrix-animation-output-transform">
        <float_array id="mixamorig_RightHandPinky2-Matrix-animation-output-transform-array" count="1008">

0.996384 -0.063384 0.056587 0.006100 0.063145 0.106759 -0.992278 4.477500 0.056853 0.992263 0.110375 0.000000 0.000000 0.000000 0.000000 1.000000
0.996718 -0.062507 0.051435 0.006100 0.062291 0.186463 -0.980485 4.477500 0.051697 0.980471 0.189745 -0.000000 0.000000 0.000000 0.000000 1.000000
0.997177 -0.060584 0.044361 0.006100 0.060397 0.296120 -0.953239 4.477500 0.044615 0.953228 0.298943 0.000000 0.000000 0.000000 0.000000 1.000000
0.997714 -0.057153 0.036052 0.006100 0.057002 0.425305 -0.903253 4.477500 0.036291 0.903244 0.427591 0.000000 0.000000 0.000000 0.000000 1.000000
0.998284 -0.051852 0.027218 0.006100 0.051737 0.563161 -0.824726 4.477500 0.027435 0.824719 0.564877 0.000000 0.000000 0.000000 0.000000 1.000000
0.998839 -0.044457 0.018577 0.006100 0.044379 0.698733 -0.714005 4.477500 0.018762 0.714000 0.699894 0.000000 0.000000 0.000000 0.000000 1.000000
0.999319 -0.035196 0.011038 0.006100 0.035150 0.817907 -0.574275 4.477500 0.011184 0.574272 0.818588 0.000000 0.000000 0.000000 0.000000 1.000000
0.999647 -0.025925 0.005859 0.006100 0.025901 0.900711 -0.433646 4.477500 0.005965 0.433644 0.901064 0.000000 0.000000 0.000000 0.000000 1.000000
0.999797 -0.019832 0.003444 0.006100 0.019818 0.939892 -0.340896 4.477500 0.003524 0.340895 0.940095 0.000000 0.000000 0.000000 0.000000 1.000000
0.999779 -0.020686 0.003740 0.006100 0.020670 0.935054 -0.353902 4.477500 0.003824 0.353902 0.935275 0.000000 0.000000 0.000000 0.000000 1.000000
0.999597 -0.027587 0.006645 0.006100 0.027559 0.888064 -0.458894 4.477500 0.006758 0.458892 0.888466 0.000000 0.000000 0.000000 0.000000 1.000000
0.999254 -0.036692 0.012074 0.006100 0.036642 0.801464 -0.596919 4.477500 0.012226 0.596916 0.802211 -0.000000 0.000000 0.000000 0.000000 1.000000
0.998931 -0.042937 0.017135 0.006100 0.042865 0.721451 -0.691137 4.477500 0.017313 0.691133 0.722521 0.000000 0.000000 0.000000 0.000000 1.000000
0.998767 -0.045572 0.019697 0.006100 0.045490 0.681110 -0.730766 4.477500 0.019887 0.730761 0.682343 0.000000 0.000000 0.000000 0.000000 1.000000
0.998742 -0.045940 0.020079 0.006100 0.045856 0.675114 -0.736286 4.477500 0.020269 0.736281 0.676372 -0.000000 0.000000 0.000000 0.000000 1.000000
0.998771 -0.045502 0.019625 0.006100 0.045420 0.682248 -0.729708 4.477500 0.019814 0.729703 0.683477 0.000000 0.000000 0.000000 0.000000 1.000000
0.998901 -0.043439 0.017601 0.006100 0.043365 0.714112 -0.698687 4.477500 0.017781 0.698682 0.715211 0.000000 0.000000 0.000000 0.000000 1.000000
0.999207 -0.037699 0.012806 0.006100 0.037646 0.789855 -0.612137 4.477500 0.012962 0.612134 0.790648 0.000000 0.000000 0.000000 0.000000 1.000000
0.999590 -0.027832 0.006766 0.006100 0.027804 0.886122 -0.462618 4.477500 0.006880 0.462616 0.886532 -0.000000 0.000000 0.000000 0.000000 1.000000
0.999864 -0.016315 0.002361 0.006100 0.016305 0.957715 -0.287256 4.477500 0.002426 0.287256 0.957851 -0.000000 0.000000 0.000000 0.000000 1.000000
0.999971 -0.007651 0.000582 0.006100 0.007649 0.987908 -0.154850 4.477500 0.000610 0.154850 0.987938 0.000000 0.000000 0.000000 0.000000 1.000000
0.999991 -0.004168 0.000205 0.006100 0.004167 0.994827 -0.101499 4.477500 0.000219 0.101499 0.994836 -0.000000 0.000000 0.000000 0.000000 1.000000
0.999984 -0.005571 0.000334 0.006100 0.005570 0.992392 -0.122989 4.477500 0.000354 0.122989 0.992408 0.000000 0.000000 0.000000 0.000000 1.000000
0.999951 -0.009839 0.000916 0.006100 0.009836 0.982057 -0.188328 4.477500 0.000953 0.188328 0.982106 -0.000000 0.000000 0.000000 0.000000 1.000000
0.999874 -0.015739 0.002204 0.006100 0.015730 0.960316 -0.278469 4.477500 0.002267 0.278469 0.960443 0.000000 0.000000 0.000000 0.000000 1.000000
0.999749 -0.022008 0.004225 0.006100 0.021991 0.927151 -0.374042 4.477500 0.004314 0.374041 0.927402 0.000000 0.000000 0.000000 0.000000 1.000000
0.999590 -0.027826 0.006763 0.006100 0.027798 0.886165 -0.462536 4.477500 0.006877 0.462534 0.886575 0.000000 0.000000 0.000000 0.000000 1.000000
0.999430 -0.032461 0.009300 0.006100 0.032423 0.845579 -0.532865 4.477500 0.009434 0.532863 0.846149 0.000000 0.000000 0.000000 0.000000 1.000000
0.999287 -0.035953 0.011555 0.006100 0.035905 0.809708 -0.585734 4.477500 0.011703 0.585731 0.810421 -0.000000 0.000000 0.000000 0.000000 1.000000
0.999160 -0.038671 0.013541 0.006100 0.038614 0.778214 -0.626811 4.477500 0.013701 0.626807 0.779054 0.000000 0.000000 0.000000 0.000000 1.000000
0.999025 -0.041270 0.015656 0.006100 0.041205 0.744784 -0.666033 4.477500 0.015827 0.666029 0.745758 0.000000 0.000000 0.000000 0.000000 1.000000
0.998864 -0.044042 0.018174 0.006100 0.043966 0.705085 -0.707759 4.477500 0.018357 0.707754 0.706220 0.000000 0.000000 0.000000 0.000000 1.000000
0.998669 -0.047006 0.021220 0.006100 0.046917 0.657177 -0.752274 4.477500 0.021416 0.752269 0.658508 0.000000 0.000000 0.000000 0.000000 1.000000
0.998449 -0.049918 0.024648 0.006100 0.049815 0.603415 -0.795870 4.477500 0.024856 0.795863 0.604966 0.000000 0.000000 0.000000 0.000000 1.000000
0.998212 -0.052634 0.028339 0.006100 0.052515 0.545645 -0.836369 4.477500 0.028558 0.836362 0.547433 0.000000 0.000000 0.000000 0.000000 1.000000
0.997964 -0.055066 0.032185 0.006100 0.054931 0.485584 -0.872463 4.477500 0.032415 0.872454 0.487620 0.000000 0.000000 0.000000 0.000000 1.000000
0.997710 -0.057183 0.036112 0.006100 0.057031 0.424365 -0.903693 4.477500 0.036351 0.903684 0.426655 -0.000000 0.000000 0.000000 0.000000 1.000000
0.997458 -0.058957 0.040013 0.006100 0.058789 0.363671 -0.929671 4.477500 0.040260 0.929660 0.366212 0.000000 0.000000 0.000000 0.000000 1.000000
0.997214 -0.060390 0.043787 0.006100 0.060205 0.305035 -0.950436 4.477500 0.044040 0.950424 0.307821 0.000000 0.000000 0.000000 0.000000 1.000000
0.996985 -0.061494 0.047320 0.006100 0.061294 0.250210 -0.966250 4.477500 0.047578 0.966237 0.253224 0.000000 0.000000 0.000000 0.000000 1.000000
0.996782 -0.062292 0.050453 0.006100 0.062079 0.201668 -0.977485 4.477500 0.050714 0.977471 0.204886 0.000000 0.000000 0.000000 0.000000 1.000000
0.996610 -0.062837 0.053097 0.006100 0.062614 0.160738 -0.985009 4.477500 0.053361 0.984995 0.164128 0.000000 0.000000 0.000000 0.000000 1.000000
0.996484 -0.063167 0.055048 0.006100 0.062935 0.130566 -0.989440 4.477500 0.055312 0.989425 0.134082 0.000000 0.000000 0.000000 0.000000 1.000000
0.996405 -0.063340 0.056256 0.006100 0.063103 0.111888 -0.991715 4.477500 0.056521 0.991700 0.115483 0.000000 0.000000 0.000000 0.000000 1.000000
0.996369 -0.063412 0.056814 0.006100 0.063173 0.103262 -0.992646 4.477500 0.057079 0.992631 0.106893 0.000000 0.000000 0.000000 0.000000 1.000000
0.996363 -0.063424 0.056903 0.006100 0.063184 0.101875 -0.992789 4.477500 0.057169 0.992773 0.105512 -0.000000 0.000000 0.000000 0.000000 1.000000
0.996367 -0.063417 0.056850 0.006100 0.063178 0.102697 -0.992704 4.477500 0.057116 0.992689 0.106330 0.000000 0.000000 0.000000 0.000000 1.000000
0.996369 -0.063412 0.056807 0.006100 0.063172 0.103367 -0.992635 4.477500 0.057073 0.992620 0.106997 0.000000 0.000000 0.000000 0.000000 1.000000
0.996369 -0.063412 0.056812 0.006100 0.063173 0.103286 -0.992643 4.477500 0.057078 0.992628 0.106917 0.000000 0.000000 0.000000 0.000000 1.000000
0.996368 -0.063415 0.056830 0.006100 0.063175 0.103010 -0.992672 4.477500 0.057096 0.992657 0.106642 -0.000000 0.000000 0.000000 0.000000 1.000000
0.996368 -0.063415 0.056829 0.006100 0.063175 0.103021 -0.992671 4.477500 0.057096 0.992656 0.106653 0.000000 0.000000 0.000000 0.000000 1.000000
0.996369 -0.063414 0.056819 0.006100 0.063174 0.103166 -0.992656 4.477500 0.057086 0.992641 0.106797 -0.000000 0.000000 0.000000 0.000000 1.000000
0.996368 -0.063415 0.056828 0.006100 0.063175 0.103029 -0.992670 4.477500 0.057095 0.992655 0.106661 -0.000000 0.000000 0.000000 0.000000 1.000000
0.996366 -0.063419 0.056866 0.006100 0.063180 0.102451 -0.992730 4.477500 0.057132 0.992714 0.106085 0.000000 0.000000 0.000000 0.000000 1.000000
0.996364 -0.063422 0.056888 0.006100 0.063182 0.102115 -0.992764 4.477500 0.057154 0.992749 0.105751 0.000000 0.000000 0.000000 0.000000 1.000000
0.996369 -0.063413 0.056818 0.006100 0.063174 0.103195 -0.992653 4.477500 0.057084 0.992638 0.106826 0.000000 0.000000 0.000000 0.000000 1.000000
0.996377 -0.063396 0.056684 0.006100 0.063157 0.105258 -0.992437 4.477500 0.056950 0.992422 0.108880 -0.000000 0.000000 0.000000 0.000000 1.000000
0.996377 -0.063396 0.056683 0.006100 0.063157 0.105274 -0.992436 4.477500 0.056949 0.992420 0.108897 -0.000000 0.000000 0.000000 0.000000 1.000000
0.996344 -0.063459 0.057192 0.006100 0.063218 0.097402 -0.993235 4.477500 0.057459 0.993220 0.101057 0.000000 0.000000 0.000000 0.000000 1.000000
0.996279 -0.063572 0.058202 0.006100 0.063326 0.081809 -0.994634 4.477500 0.058469 0.994619 0.085530 -0.000000 0.000000 0.000000 0.000000 1.000000
0.996215 -0.063665 0.059179 0.006100 0.063416 0.066714 -0.995755 4.477500 0.059447 0.995739 0.070499 0.000000 0.000000 0.000000 0.000000 1.000000
0.996232 -0.063642 0.058927 0.006100 0.063394 0.070616 -0.995487 4.477500 0.059194 0.995471 0.074384 0.000000 0.000000 0.000000 0.000000 1.000000
0.996384 -0.063384 0.056587 0.006100 0.063145 0.106759 -0.992278 4.477500 0.056853 0.992263 0.110376 -0.000000 0.000000 0.000000 0.000000 1.000000</float_array>
        <technique_common>
          <accessor source="#mixamorig_RightHandPinky2-Matrix-animation-output-transform-array" count="63" stride="16">
            <param type="float4x4"/>
          </accessor>
        </technique_common>
      </source>
      <source id="mixamorig_RightHandPinky2-Interpolations">
        <Name_array id="mixamorig_RightHandPinky2-Interpolations-array" count="63">
 LINEAR LINEAR LINEAR LINEAR LINEAR LINEAR LINEAR LINEAR LINEAR LINEAR LINEAR
LINEAR LINEAR LINEAR LINEAR LINEAR LINEAR LINEAR LINEAR LINEAR LINEAR LINEAR LINEAR
LINEAR LINEAR LINEAR LINEAR LINEAR LINEAR LINEAR LINEAR LINEAR LINEAR LINEAR LINEAR
LINEAR LINEAR LINEAR LINEAR LINEAR LINEAR LINEAR LINEAR LINEAR LINEAR LINEAR LINEAR
LINEAR LINEAR LINEAR LINEAR LINEAR LINEAR LINEAR LINEAR LINEAR LINEAR LINEAR LINEAR
LINEAR LINEAR LINEAR LINEAR</Name_array>
        <technique_common>
          <accessor source="#mixamorig_RightHandPinky2-Interpolations-array" count="63">
            <param type="name"/>
          </accessor>
        </technique_common>
      </source>
      <sampler id="mixamorig_RightHandPinky2-Matrix-animation-transform">
        <input semantic="INPUT" source="#mixamorig_RightHandPinky2-Matrix-animation-input"/>
        <input semantic="OUTPUT" source="#mixamorig_RightHandPinky2-Matrix-animation-output-transform"/>
        <input semantic="INTERPOLATION" source="#mixamorig_RightHandPinky2-Interpolations"/>
      </sampler>
      <channel source="#mixamorig_RightHandPinky2-Matrix-animation-transform" target="mixamorig_RightHandPinky2/matrix"/>
    </animation>
    <animation id="mixamorig_RightHandPinky3-anim" name="mixamorig_RightHandPinky3">
      <source id="mixamorig_RightHandPinky3-Matrix-animation-input">
        <float_array id="mixamorig_RightHandPinky3-Matrix-animation-input-array" count="63">

0.000000 0.033333 0.066667 0.100000 0.133333 0.166667 0.200000 0.233333 0.266667 0.300000 0.333333 0.366667 0.400000 0.433333 0.466667 0.500000
0.533333 0.566667 0.600000 0.633333 0.666667 0.700000 0.733333 0.766667 0.800000 0.833333 0.866667 0.900000 0.933333 0.966667 1.000000 1.033333
1.066667 1.100000 1.133333 1.166667 1.200000 1.233333 1.266667 1.300000 1.333333 1.366667 1.400000 1.433333 1.466667 1.500000 1.533333 1.566667
1.600000 1.633333 1.666667 1.700000 1.733333 1.766667 1.800000 1.833333 1.866667 1.900000 1.933333 1.966667 2.000000 2.033333 2.066667</float_array>
        <technique_common>
          <accessor source="#mixamorig_RightHandPinky3-Matrix-animation-input-array" count="63">
            <param name="TIME" type="float"/>
          </accessor>
        </technique_common>
      </source>
      <source id="mixamorig_RightHandPinky3-Matrix-animation-output-transform">
        <float_array id="mixamorig_RightHandPinky3-Matrix-animation-output-transform-array" count="1008">

0.999178 -0.038374 0.013090 -0.003800 0.038735 0.808083 -0.587794 3.497900 0.011978 0.587818 0.808905 0.000000 0.000000 0.000000 0.000000 1.000000
0.999255 -0.036714 0.011879 -0.003800 0.037041 0.826312 -0.561993 3.497900 0.010817 0.562014 0.827057 -0.000000 0.000000 0.000000 0.000000 1.000000
0.999359 -0.034305 0.010262 -0.003800 0.034587 0.850640 -0.524610 3.497900 0.009268 0.524628 0.851281 -0.000000 0.000000 0.000000 0.000000 1.000000
0.999479 -0.031182 0.008383 -0.003800 0.031410 0.878782 -0.476188 3.497900 0.007481 0.476203 0.879304 0.000000 0.000000 0.000000 0.000000 1.000000
0.999606 -0.027338 0.006383 -0.003800 0.027511 0.908637 -0.416681 3.497900 0.005591 0.416692 0.909031 0.000000 0.000000 0.000000 0.000000 1.000000
0.999730 -0.022817 0.004425 -0.003800 0.022936 0.937667 -0.346778 3.497900 0.003764 0.346786 0.937937 0.000000 0.000000 0.000000 0.000000 1.000000
0.999839 -0.017760 0.002693 -0.003800 0.017830 0.963059 -0.268701 3.497900 0.002179 0.268706 0.963220 0.000000 0.000000 0.000000 0.000000 1.000000
0.999918 -0.012737 0.001416 -0.003800 0.012773 0.981454 -0.191271 3.497900 0.001046 0.191274 0.981536 0.000000 0.000000 0.000000 0.000000 1.000000
0.999964 -0.008419 0.000650 -0.003800 0.008435 0.992147 -0.124794 3.497900 0.000405 0.124795 0.992182 0.000000 0.000000 0.000000 0.000000 1.000000
0.999984 -0.005572 0.000308 -0.003800 0.005578 0.996698 -0.081001 3.497900 0.000144 0.081002 0.996714 0.000000 0.000000 0.000000 0.000000 1.000000
0.999991 -0.004221 0.000190 -0.003800 0.004225 0.998175 -0.060240 3.497900 0.000065 0.060241 0.998184 0.000000 0.000000 0.000000 0.000000 1.000000
0.999991 -0.004128 0.000182 -0.003800 0.004132 0.998261 -0.058809 3.497900 0.000061 0.058809 0.998269 -0.000000 0.000000 0.000000 0.000000 1.000000
0.999990 -0.004475 0.000210 -0.003800 0.004479 0.997931 -0.064137 3.497900 0.000078 0.064138 0.997941 0.000000 0.000000 0.000000 0.000000 1.000000
0.999989 -0.004747 0.000232 -0.003800 0.004752 0.997652 -0.068318 3.497900 0.000093 0.068318 0.997664 0.000000 0.000000 0.000000 0.000000 1.000000
0.999989 -0.004767 0.000234 -0.003800 0.004771 0.997631 -0.068623 3.497900 0.000094 0.068624 0.997643 0.000000 0.000000 0.000000 0.000000 1.000000
0.999989 -0.004689 0.000227 -0.003800 0.004694 0.997712 -0.067438 3.497900 0.000090 0.067439 0.997723 -0.000000 0.000000 0.000000 0.000000 1.000000
0.999989 -0.004638 0.000223 -0.003800 0.004643 0.997766 -0.066651 3.497900 0.000086 0.066651 0.997776 0.000000 0.000000 0.000000 0.000000 1.000000
0.999989 -0.004646 0.000224 -0.003800 0.004651 0.997757 -0.066774 3.497900 0.000087 0.066774 0.997768 0.000000 0.000000 0.000000 0.000000 1.000000
0.999989 -0.004670 0.000226 -0.003800 0.004675 0.997732 -0.067142 3.497900 0.000088 0.067142 0.997743 0.000000 0.000000 0.000000 0.000000 1.000000
0.999989 -0.004658 0.000225 -0.003800 0.004663 0.997745 -0.066955 3.497900 0.000088 0.066955 0.997756 0.000000 0.000000 0.000000 0.000000 1.000000
0.999989 -0.004599 0.000220 -0.003800 0.004603 0.997806 -0.066043 3.497900 0.000085 0.066043 0.997817 -0.000000 0.000000 0.000000 0.000000 1.000000
0.999990 -0.004510 0.000212 -0.003800 0.004515 0.997895 -0.064694 3.497900 0.000080 0.064694 0.997905 0.000000 0.000000 0.000000 0.000000 1.000000
0.999990 -0.004443 0.000207 -0.003800 0.004447 0.997962 -0.063651 3.497900 0.000076 0.063651 0.997972 0.000000 0.000000 0.000000 0.000000 1.000000
0.999990 -0.004440 0.000207 -0.003800 0.004444 0.997965 -0.063613 3.497900 0.000076 0.063614 0.997975 0.000000 0.000000 0.000000 0.000000 1.000000
0.999990 -0.004560 0.000217 -0.003800 0.004565 0.997845 -0.065455 3.497900 0.000082 0.065455 0.997855 0.000000 0.000000 0.000000 0.000000 1.000000
0.999988 -0.004838 0.000240 -0.003800 0.004843 0.997555 -0.069720 3.497900 0.000098 0.069720 0.997567 -0.000000 0.000000 0.000000 0.000000 1.000000
0.999986 -0.005312 0.000283 -0.003800 0.005318 0.997017 -0.077001 3.497900 0.000127 0.077001 0.997031 0.000000 0.000000 0.000000 0.000000 1.000000
0.999982 -0.006067 0.000358 -0.003800 0.006075 0.996047 -0.088618 3.497900 0.000181 0.088619 0.996066 0.000000 0.000000 0.000000 0.000000 1.000000
0.999974 -0.007136 0.000480 -0.003800 0.007147 0.994441 -0.105055 3.497900 0.000272 0.105055 0.994466 -0.000000 0.000000 0.000000 0.000000 1.000000
0.999963 -0.008598 0.000676 -0.003800 0.008614 0.991794 -0.127556 3.497900 0.000426 0.127557 0.991831 -0.000000 0.000000 0.000000 0.000000 1.000000
0.999945 -0.010453 0.000974 -0.003800 0.010476 0.987687 -0.156095 3.497900 0.000670 0.156096 0.987742 0.000000 0.000000 0.000000 0.000000 1.000000
0.999919 -0.012632 0.001394 -0.003800 0.012667 0.981768 -0.189662 3.497900 0.001027 0.189665 0.981848 0.000000 0.000000 0.000000 0.000000 1.000000
0.999884 -0.015100 0.001964 -0.003800 0.015151 0.973616 -0.227689 3.497900 0.001526 0.227692 0.973732 0.000000 0.000000 0.000000 0.000000 1.000000
0.999839 -0.017727 0.002683 -0.003800 0.017797 0.963198 -0.268203 3.497900 0.002170 0.268208 0.963359 0.000000 0.000000 0.000000 0.000000 1.000000
0.999785 -0.020450 0.003556 -0.003800 0.020544 0.950441 -0.310225 3.497900 0.002964 0.310231 0.950657 -0.000000 0.000000 0.000000 0.000000 1.000000
0.999721 -0.023191 0.004571 -0.003800 0.023313 0.935503 -0.352548 3.497900 0.003900 0.352556 0.935782 0.000000 0.000000 0.000000 0.000000 1.000000
0.999649 -0.025877 0.005705 -0.003800 0.026031 0.918710 -0.394075 3.497900 0.004956 0.394085 0.919061 0.000000 0.000000 0.000000 0.000000 1.000000
0.999572 -0.028436 0.006921 -0.003800 0.028623 0.900622 -0.433660 3.497900 0.006098 0.433673 0.901050 0.000000 0.000000 0.000000 0.000000 1.000000
0.999492 -0.030813 0.008178 -0.003800 0.031036 0.881866 -0.470478 3.497900 0.007285 0.470493 0.882374 0.000000 0.000000 0.000000 0.000000 1.000000
0.999412 -0.032964 0.009426 -0.003800 0.033222 0.863176 -0.503809 3.497900 0.008471 0.503825 0.863764 0.000000 0.000000 0.000000 0.000000 1.000000
0.999338 -0.034817 0.010593 -0.003800 0.035108 0.845662 -0.532562 3.497900 0.009585 0.532581 0.846324 0.000000 0.000000 0.000000 0.000000 1.000000
0.999272 -0.036345 0.011622 -0.003800 0.036665 0.830186 -0.556279 3.497900 0.010569 0.556300 0.830914 -0.000000 0.000000 0.000000 0.000000 1.000000
0.999221 -0.037453 0.012409 -0.003800 0.037795 0.818348 -0.573479 3.497900 0.011324 0.573502 0.819126 0.000000 0.000000 0.000000 0.000000 1.000000
0.999189 -0.038131 0.012907 -0.003800 0.038487 0.810834 -0.584010 3.497900 0.011803 0.584033 0.811644 0.000000 0.000000 0.000000 0.000000 1.000000
0.999174 -0.038442 0.013141 -0.003800 0.038805 0.807309 -0.588851 3.497900 0.012028 0.588875 0.808135 0.000000 0.000000 0.000000 0.000000 1.000000
0.999172 -0.038492 0.013179 -0.003800 0.038856 0.806735 -0.589635 3.497900 0.012064 0.589659 0.807562 0.000000 0.000000 0.000000 0.000000 1.000000
0.999173 -0.038463 0.013157 -0.003800 0.038826 0.807073 -0.589174 3.497900 0.012043 0.589198 0.807899 -0.000000 0.000000 0.000000 0.000000 1.000000
0.999175 -0.038438 0.013138 -0.003800 0.038801 0.807356 -0.588788 3.497900 0.012025 0.588812 0.808181 -0.000000 0.000000 0.000000 0.000000 1.000000
0.999175 -0.038440 0.013140 -0.003800 0.038803 0.807330 -0.588823 3.497900 0.012026 0.588846 0.808155 0.000000 0.000000 0.000000 0.000000 1.000000
0.999174 -0.038451 0.013148 -0.003800 0.038814 0.807210 -0.588987 3.497900 0.012034 0.589011 0.808035 -0.000000 0.000000 0.000000 0.000000 1.000000
0.999174 -0.038453 0.013149 -0.003800 0.038816 0.807185 -0.589020 3.497900 0.012036 0.589044 0.808011 0.000000 0.000000 0.000000 0.000000 1.000000
0.999174 -0.038449 0.013147 -0.003800 0.038812 0.807224 -0.588967 3.497900 0.012033 0.588991 0.808050 0.000000 0.000000 0.000000 0.000000 1.000000
0.999174 -0.038451 0.013148 -0.003800 0.038814 0.807205 -0.588993 3.497900 0.012034 0.589017 0.808031 0.000000 0.000000 0.000000 0.000000 1.000000
0.999173 -0.038463 0.013157 -0.003800 0.038826 0.807073 -0.589173 3.497900 0.012043 0.589197 0.807900 0.000000 0.000000 0.000000 0.000000 1.000000
0.999173 -0.038470 0.013162 -0.003800 0.038833 0.806996 -0.589278 3.497900 0.012048 0.589302 0.807823 -0.000000 0.000000 0.000000 0.000000 1.000000
0.999174 -0.038446 0.013145 -0.003800 0.038809 0.807259 -0.588920 3.497900 0.012031 0.588944 0.808084 0.000000 0.000000 0.000000 0.000000 1.000000
0.999176 -0.038404 0.013112 -0.003800 0.038765 0.807748 -0.588252 3.497900 0.012000 0.588276 0.808572 0.000000 0.000000 0.000000 0.000000 1.000000
0.999176 -0.038405 0.013113 -0.003800 0.038767 0.807730 -0.588277 3.497900 0.012001 0.588301 0.808553 0.000000 0.000000 0.000000 0.000000 1.000000
0.999168 -0.038573 0.013240 -0.003800 0.038938 0.805817 -0.590883 3.497900 0.012123 0.590907 0.806649 0.000000 0.000000 0.000000 0.000000 1.000000
0.999152 -0.038898 0.013488 -0.003800 0.039270 0.802077 -0.595928 3.497900 0.012362 0.595953 0.802924 0.000000 0.000000 0.000000 0.000000 1.000000
0.999137 -0.039203 0.013725 -0.003800 0.039582 0.798504 -0.600686 3.497900 0.012590 0.600711 0.799367 0.000000 0.000000 0.000000 0.000000 1.000000
0.999141 -0.039117 0.013658 -0.003800 0.039494 0.799517 -0.599344 3.497900 0.012525 0.599368 0.800375 0.000000 0.000000 0.000000 0.000000 1.000000
0.999178 -0.038374 0.013090 -0.003800 0.038735 0.808083 -0.587794 3.497900 0.011978 0.587817 0.808905 0.000000 0.000000 0.000000 0.000000 1.000000</float_array>
        <technique_common>
          <accessor source="#mixamorig_RightHandPinky3-Matrix-animation-output-transform-array" count="63" stride="16">
            <param type="float4x4"/>
          </accessor>
        </technique_common>
      </source>
      <source id="mixamorig_RightHandPinky3-Interpolations">
        <Name_array id="mixamorig_RightHandPinky3-Interpolations-array" count="63">
 LINEAR LINEAR LINEAR LINEAR LINEAR LINEAR LINEAR LINEAR LINEAR LINEAR LINEAR
LINEAR LINEAR LINEAR LINEAR LINEAR LINEAR LINEAR LINEAR LINEAR LINEAR LINEAR LINEAR
LINEAR LINEAR LINEAR LINEAR LINEAR LINEAR LINEAR LINEAR LINEAR LINEAR LINEAR LINEAR
LINEAR LINEAR LINEAR LINEAR LINEAR LINEAR LINEAR LINEAR LINEAR LINEAR LINEAR LINEAR
LINEAR LINEAR LINEAR LINEAR LINEAR LINEAR LINEAR LINEAR LINEAR LINEAR LINEAR LINEAR
LINEAR LINEAR LINEAR LINEAR</Name_array>
        <technique_common>
          <accessor source="#mixamorig_RightHandPinky3-Interpolations-array" count="63">
            <param type="name"/>
          </accessor>
        </technique_common>
      </source>
      <sampler id="mixamorig_RightHandPinky3-Matrix-animation-transform">
        <input semantic="INPUT" source="#mixamorig_RightHandPinky3-Matrix-animation-input"/>
        <input semantic="OUTPUT" source="#mixamorig_RightHandPinky3-Matrix-animation-output-transform"/>
        <input semantic="INTERPOLATION" source="#mixamorig_RightHandPinky3-Interpolations"/>
      </sampler>
      <channel source="#mixamorig_RightHandPinky3-Matrix-animation-transform" target="mixamorig_RightHandPinky3/matrix"/>
    </animation>
    <animation id="mixamorig_LeftUpLeg-anim" name="mixamorig_LeftUpLeg">
      <source id="mixamorig_LeftUpLeg-Matrix-animation-input">
        <float_array id="mixamorig_LeftUpLeg-Matrix-animation-input-array" count="63">

0.000000 0.033333 0.066667 0.100000 0.133333 0.166667 0.200000 0.233333 0.266667 0.300000 0.333333 0.366667 0.400000 0.433333 0.466667 0.500000
0.533333 0.566667 0.600000 0.633333 0.666667 0.700000 0.733333 0.766667 0.800000 0.833333 0.866667 0.900000 0.933333 0.966667 1.000000 1.033333
1.066667 1.100000 1.133333 1.166667 1.200000 1.233333 1.266667 1.300000 1.333333 1.366667 1.400000 1.433333 1.466667 1.500000 1.533333 1.566667
1.600000 1.633333 1.666667 1.700000 1.733333 1.766667 1.800000 1.833333 1.866667 1.900000 1.933333 1.966667 2.000000 2.033333 2.066667</float_array>
        <technique_common>
          <accessor source="#mixamorig_LeftUpLeg-Matrix-animation-input-array" count="63">
            <param name="TIME" type="float"/>
          </accessor>
        </technique_common>
      </source>
      <source id="mixamorig_LeftUpLeg-Matrix-animation-output-transform">
        <float_array id="mixamorig_LeftUpLeg-Matrix-animation-output-transform-array" count="1008">

-0.891561 0.447804 0.067750 13.580900 -0.269637 -0.645015 0.715018 -8.149200 0.363888 0.619215 0.695815 -1.796100 0.000000 0.000000 0.000000 1.000000
-0.890540 0.449394 0.070586 13.580900 -0.272576 -0.651372 0.708108 -8.149200 0.364198 0.611359 0.702567 -1.796100 0.000000 0.000000 0.000000 1.000000
-0.891996 0.445832 0.074679 13.580900 -0.271566 -0.660575 0.699923 -8.149200 0.361379 0.604048 0.710303 -1.796100 0.000000 0.000000 0.000000 1.000000
-0.896257 0.436212 0.080267 13.580900 -0.264766 -0.671372 0.692213 -8.149200 0.355840 0.599149 0.717216 -1.796100 0.000000 0.000000 0.000000 1.000000
-0.902535 0.422388 0.083782 13.580900 -0.251285 -0.674608 0.694090 -8.149200 0.349695 0.605387 0.714996 -1.796100 0.000000 0.000000 0.000000 1.000000
-0.908595 0.408855 0.085400 13.580900 -0.235400 -0.670156 0.703902 -8.149200 0.345025 0.619458 0.705145 -1.796100 0.000000 0.000000 0.000000 1.000000
-0.917019 0.388448 0.090467 13.580900 -0.212400 -0.667605 0.713576 -8.149200 0.337584 0.635147 0.694713 -1.796100 0.000000 0.000000 0.000000 1.000000
-0.919946 0.381432 0.090607 13.580900 -0.204604 -0.664254 0.718960 -8.149200 0.334420 0.642865 0.689121 -1.796100 0.000000 0.000000 0.000000 1.000000
-0.920147 0.383267 0.080227 13.580900 -0.207998 -0.651988 0.729142 -8.149200 0.331763 0.654231 0.679643 -1.796100 0.000000 0.000000 0.000000 1.000000
-0.922905 0.380295 0.060181 13.580900 -0.214029 -0.636648 0.740858 -8.149200 0.320059 0.670861 0.668960 -1.796100 0.000000 0.000000 0.000000 1.000000
-0.931832 0.361314 0.033785 13.580900 -0.213592 -0.621347 0.753861 -8.149200 0.293373 0.695255 0.656165 -1.796100 0.000000 0.000000 0.000000 1.000000
-0.945600 0.325326 0.002041 13.580900 -0.205406 -0.601878 0.771720 -8.149200 0.252289 0.729319 0.635959 -1.796100 0.000000 0.000000 0.000000 1.000000
-0.962166 0.271254 -0.025657 13.580900 -0.185492 -0.583151 0.790903 -8.149200 0.199574 0.765739 0.611404 -1.796100 0.000000 0.000000 0.000000 1.000000
-0.977697 0.206673 -0.037342 13.580900 -0.153642 -0.582626 0.798086 -8.149200 0.143186 0.786024 0.601385 -1.796100 0.000000 0.000000 0.000000 1.000000
-0.987382 0.155275 -0.031073 13.580900 -0.121702 -0.618555 0.776259 -8.149200 0.101313 0.770246 0.629648 -1.796100 0.000000 0.000000 0.000000 1.000000
-0.989997 0.139758 -0.019323 13.580900 -0.111191 -0.688554 0.716610 -8.149200 0.086847 0.711591 0.697206 -1.796100 0.000000 0.000000 0.000000 1.000000
-0.985491 0.169710 -0.002449 13.580900 -0.134874 -0.774280 0.618304 -8.149200 0.103037 0.609663 0.785935 -1.796100 0.000000 0.000000 0.000000 1.000000
-0.968671 0.247056 0.025290 13.580900 -0.202163 -0.843580 0.497496 -8.149200 0.144243 0.476798 0.867097 -1.796100 0.000000 0.000000 0.000000 1.000000
-0.931062 0.357884 0.071019 13.580900 -0.307331 -0.874163 0.376013 -8.149200 0.196651 0.328265 0.923889 -1.796100 0.000000 0.000000 0.000000 1.000000
-0.862107 0.491341 0.123915 13.580900 -0.440726 -0.847732 0.295146 -8.149200 0.250064 0.199835 0.947383 -1.796100 0.000000 0.000000 0.000000 1.000000
-0.763749 0.626801 0.154296 13.580900 -0.573975 -0.768794 0.281974 -8.149200 0.295363 0.126795 0.946934 -1.796100 0.000000 0.000000 0.000000 1.000000
-0.661235 0.736124 0.144534 13.580900 -0.667358 -0.665212 0.334854 -8.149200 0.342639 0.124961 0.931119 -1.796100 0.000000 0.000000 0.000000 1.000000
-0.599202 0.796711 0.078798 13.580900 -0.690605 -0.564158 0.452537 -8.149200 0.404996 0.216743 0.888257 -1.796100 0.000000 0.000000 0.000000 1.000000
-0.596988 0.802146 -0.012920 13.580900 -0.648647 -0.473146 0.596146 -8.149200 0.472083 0.364273 0.802772 -1.796100 0.000000 0.000000 0.000000 1.000000
-0.647944 0.757970 -0.075167 13.580900 -0.559046 -0.406216 0.722811 -8.149200 0.517335 0.510363 0.686945 -1.796100 0.000000 0.000000 0.000000 1.000000
-0.691076 0.715675 -0.101109 13.580900 -0.480088 -0.349943 0.804398 -8.149200 0.540305 0.604441 0.585424 -1.796100 0.000000 0.000000 0.000000 1.000000
-0.689770 0.716033 -0.107304 13.580900 -0.447659 -0.305287 0.840477 -8.149200 0.569050 0.627772 0.531116 -1.796100 0.000000 0.000000 0.000000 1.000000
-0.623255 0.771703 -0.126600 13.580900 -0.471911 -0.242054 0.847767 -8.149200 0.623580 0.588120 0.515037 -1.796100 0.000000 0.000000 0.000000 1.000000
-0.524666 0.840991 -0.132134 13.580900 -0.509084 -0.185548 0.840479 -8.149200 0.682318 0.508238 0.525486 -1.796100 0.000000 0.000000 0.000000 1.000000
-0.425084 0.897343 -0.118659 13.580900 -0.537349 -0.144683 0.830857 -8.149200 0.728395 0.416945 0.543689 -1.796100 0.000000 0.000000 0.000000 1.000000
-0.370697 0.921159 -0.118531 13.580900 -0.545356 -0.112585 0.830609 -8.149200 0.751778 0.372546 0.544095 -1.796100 0.000000 0.000000 0.000000 1.000000
-0.363765 0.921108 -0.138692 13.580900 -0.544468 -0.089446 0.833999 -8.149200 0.755797 0.378893 0.534051 -1.796100 0.000000 0.000000 0.000000 1.000000
-0.403192 0.896734 -0.182495 13.580900 -0.537958 -0.070933 0.839982 -8.149200 0.740296 0.436849 0.511004 -1.796100 0.000000 0.000000 0.000000 1.000000
-0.462287 0.858384 -0.222416 13.580900 -0.529732 -0.066192 0.845578 -8.149200 0.711108 0.508720 0.485313 -1.796100 0.000000 0.000000 0.000000 1.000000
-0.548282 0.796922 -0.253579 13.580900 -0.509259 -0.077642 0.857104 -8.149200 0.663356 0.599072 0.448409 -1.796100 0.000000 0.000000 0.000000 1.000000
-0.659048 0.704068 -0.264471 13.580900 -0.467785 -0.108379 0.877172 -8.149200 0.588925 0.701814 0.400780 -1.796100 0.000000 0.000000 0.000000 1.000000
-0.774555 0.582661 -0.246111 13.580900 -0.404768 -0.157612 0.900734 -8.149200 0.486032 0.797286 0.357922 -1.796100 0.000000 0.000000 0.000000 1.000000
-0.871038 0.449505 -0.198085 13.580900 -0.326237 -0.227896 0.917406 -8.149200 0.367235 0.863718 0.345151 -1.796100 0.000000 0.000000 0.000000 1.000000
-0.933030 0.331258 -0.140440 13.580900 -0.248535 -0.311136 0.917292 -8.149200 0.260164 0.890765 0.372629 -1.796100 0.000000 0.000000 0.000000 1.000000
-0.963923 0.248586 -0.095176 13.580900 -0.190216 -0.393166 0.899577 -8.149200 0.186202 0.885226 0.426266 -1.796100 0.000000 0.000000 0.000000 1.000000
-0.975127 0.208964 -0.073900 13.580900 -0.163605 -0.453646 0.876036 -8.149200 0.149536 0.866337 0.476550 -1.796100 0.000000 0.000000 0.000000 1.000000
-0.978257 0.196181 -0.067284 13.580900 -0.157939 -0.494406 0.854762 -8.149200 0.134422 0.846803 0.514641 -1.796100 0.000000 0.000000 0.000000 1.000000
-0.978062 0.197338 -0.066726 13.580900 -0.161505 -0.516024 0.841211 -8.149200 0.131571 0.833533 0.536574 -1.796100 0.000000 0.000000 0.000000 1.000000
-0.978119 0.198189 -0.063280 13.580900 -0.162272 -0.536421 0.828203 -8.149200 0.130196 0.820350 0.556844 -1.796100 0.000000 0.000000 0.000000 1.000000
-0.980421 0.189656 -0.052962 13.580900 -0.154088 -0.571463 0.806032 -8.149200 0.122603 0.798411 0.589498 -1.796100 0.000000 0.000000 0.000000 1.000000
-0.983866 0.174850 -0.037886 13.580900 -0.140048 -0.620927 0.771256 -8.149200 0.111329 0.764118 0.635397 -1.796100 0.000000 0.000000 0.000000 1.000000
-0.986853 0.160659 -0.017621 13.580900 -0.123754 -0.681002 0.721749 -8.149200 0.103956 0.714440 0.691931 -1.796100 0.000000 0.000000 0.000000 1.000000
-0.988834 0.148676 0.010164 13.580900 -0.104362 -0.739564 0.664947 -8.149200 0.106379 0.656461 0.746822 -1.796100 0.000000 0.000000 0.000000 1.000000
-0.989109 0.140377 0.044237 13.580900 -0.083135 -0.780882 0.619121 -8.149200 0.121455 0.608701 0.784048 -1.796100 0.000000 0.000000 0.000000 1.000000
-0.987748 0.132997 0.081643 13.580900 -0.058326 -0.799867 0.597336 -8.149200 0.144747 0.585256 0.797824 -1.796100 0.000000 0.000000 0.000000 1.000000
-0.985196 0.122856 0.119563 13.580900 -0.028385 -0.804715 0.592982 -8.149200 0.169066 0.580809 0.796290 -1.796100 0.000000 0.000000 0.000000 1.000000
-0.981734 0.114515 0.151934 13.580900 -0.002321 -0.805723 0.592287 -8.149200 0.190243 0.581116 0.791272 -1.796100 0.000000 0.000000 0.000000 1.000000
-0.977542 0.121282 0.172346 13.580900 0.005365 -0.803218 0.595661 -8.149200 0.210674 0.583208 0.784528 -1.796100 0.000000 0.000000 0.000000 1.000000
-0.970681 0.165506 0.174319 13.580900 -0.027886 -0.797840 0.602224 -8.149200 0.238750 0.579706 0.779063 -1.796100 0.000000 0.000000 0.000000 1.000000
-0.961830 0.218051 0.165339 13.580900 -0.072257 -0.785132 0.615099 -8.149200 0.263935 0.579674 0.770919 -1.796100 0.000000 0.000000 0.000000 1.000000
-0.952014 0.266206 0.151009 13.580900 -0.113187 -0.764663 0.634413 -8.149200 0.284355 0.586878 0.758101 -1.796100 0.000000 0.000000 0.000000 1.000000
-0.943278 0.302385 0.137078 13.580900 -0.141707 -0.740076 0.657424 -8.149200 0.300244 0.600709 0.740947 -1.796100 0.000000 0.000000 0.000000 1.000000
-0.935924 0.329125 0.125389 13.580900 -0.161058 -0.716556 0.678681 -8.149200 0.313219 0.614999 0.723650 -1.796100 0.000000 0.000000 0.000000 1.000000
-0.928474 0.352975 0.115522 13.580900 -0.178876 -0.697590 0.693810 -8.149200 0.325484 0.623520 0.710833 -1.796100 0.000000 0.000000 0.000000 1.000000
-0.920089 0.377105 0.105962 13.580900 -0.199142 -0.683270 0.702484 -8.149200 0.337311 0.625247 0.703767 -1.796100 0.000000 0.000000 0.000000 1.000000
-0.910725 0.401983 0.094813 13.580900 -0.222660 -0.671216 0.707030 -8.149200 0.347854 0.622799 0.700798 -1.796100 0.000000 0.000000 0.000000 1.000000
-0.901026 0.425985 0.081782 13.580900 -0.247006 -0.658871 0.710547 -8.149200 0.356567 0.620021 0.698881 -1.796100 0.000000 0.000000 0.000000 1.000000
-0.891562 0.447803 0.067750 13.580900 -0.269636 -0.645015 0.715019 -8.149200 0.363887 0.619216 0.695815 -1.796100 0.000000 0.000000 0.000000 1.000000</float_array>
        <technique_common>
          <accessor source="#mixamorig_LeftUpLeg-Matrix-animation-output-transform-array" count="63" stride="16">
            <param type="float4x4"/>
          </accessor>
        </technique_common>
      </source>
      <source id="mixamorig_LeftUpLeg-Interpolations">
        <Name_array id="mixamorig_LeftUpLeg-Interpolations-array" count="63">
 LINEAR LINEAR LINEAR LINEAR LINEAR LINEAR LINEAR LINEAR LINEAR LINEAR LINEAR
LINEAR LINEAR LINEAR LINEAR LINEAR LINEAR LINEAR LINEAR LINEAR LINEAR LINEAR LINEAR
LINEAR LINEAR LINEAR LINEAR LINEAR LINEAR LINEAR LINEAR LINEAR LINEAR LINEAR LINEAR
LINEAR LINEAR LINEAR LINEAR LINEAR LINEAR LINEAR LINEAR LINEAR LINEAR LINEAR LINEAR
LINEAR LINEAR LINEAR LINEAR LINEAR LINEAR LINEAR LINEAR LINEAR LINEAR LINEAR LINEAR
LINEAR LINEAR LINEAR LINEAR</Name_array>
        <technique_common>
          <accessor source="#mixamorig_LeftUpLeg-Interpolations-array" count="63">
            <param type="name"/>
          </accessor>
        </technique_common>
      </source>
      <sampler id="mixamorig_LeftUpLeg-Matrix-animation-transform">
        <input semantic="INPUT" source="#mixamorig_LeftUpLeg-Matrix-animation-input"/>
        <input semantic="OUTPUT" source="#mixamorig_LeftUpLeg-Matrix-animation-output-transform"/>
        <input semantic="INTERPOLATION" source="#mixamorig_LeftUpLeg-Interpolations"/>
      </sampler>
      <channel source="#mixamorig_LeftUpLeg-Matrix-animation-transform" target="mixamorig_LeftUpLeg/matrix"/>
    </animation>
    <animation id="mixamorig_LeftLeg-anim" name="mixamorig_LeftLeg">
      <source id="mixamorig_LeftLeg-Matrix-animation-input">
        <float_array id="mixamorig_LeftLeg-Matrix-animation-input-array" count="63">

0.000000 0.033333 0.066667 0.100000 0.133333 0.166667 0.200000 0.233333 0.266667 0.300000 0.333333 0.366667 0.400000 0.433333 0.466667 0.500000
0.533333 0.566667 0.600000 0.633333 0.666667 0.700000 0.733333 0.766667 0.800000 0.833333 0.866667 0.900000 0.933333 0.966667 1.000000 1.033333
1.066667 1.100000 1.133333 1.166667 1.200000 1.233333 1.266667 1.300000 1.333333 1.366667 1.400000 1.433333 1.466667 1.500000 1.533333 1.566667
1.600000 1.633333 1.666667 1.700000 1.733333 1.766667 1.800000 1.833333 1.866667 1.900000 1.933333 1.966667 2.000000 2.033333 2.066667</float_array>
        <technique_common>
          <accessor source="#mixamorig_LeftLeg-Matrix-animation-input-array" count="63">
            <param name="TIME" type="float"/>
          </accessor>
        </technique_common>
      </source>
      <source id="mixamorig_LeftLeg-Matrix-animation-output-transform">
        <float_array id="mixamorig_LeftLeg-Matrix-animation-output-transform-array" count="1008">

0.978811 0.141969 0.147562 0.000000 -0.204742 0.666976 0.716397 36.090000 0.003286 -0.731429 0.681910 -0.000000 0.000000 0.000000 0.000000 1.000000
0.979502 0.143800 0.141056 0.000000 -0.201368 0.681261 0.703800 36.090000 0.005110 -0.717778 0.696253 -0.000000 0.000000 0.000000 0.000000 1.000000
0.979402 0.144560 0.140978 0.000000 -0.201919 0.697190 0.687862 36.090000 0.001149 -0.702159 0.712019 0.000000 0.000000 0.000000 0.000000 1.000000
0.979384 0.145850 0.139763 0.000000 -0.201973 0.719364 0.664622 36.090000 -0.003606 -0.679148 0.733992 0.000000 0.000000 0.000000 0.000000 1.000000
0.979765 0.149897 0.132634 0.000000 -0.200139 0.741398 0.640526 36.090000 -0.002322 -0.654110 0.756396 0.000000 0.000000 0.000000 0.000000 1.000000
0.980140 0.160279 0.116773 0.000000 -0.198161 0.769105 0.607626 36.090000 0.007579 -0.618698 0.785592 0.000000 0.000000 0.000000 0.000000 1.000000
0.980465 0.175861 0.088101 0.000000 -0.195139 0.813457 0.547912 36.090000 0.024690 -0.554401 0.831884 0.000000 0.000000 0.000000 0.000000 1.000000
0.982106 0.179568 0.056779 0.000000 -0.184452 0.856248 0.482510 36.090000 0.038027 -0.484349 0.874048 0.000000 0.000000 0.000000 0.000000 1.000000
0.984639 0.171566 0.032426 0.000000 -0.166580 0.867395 0.468911 36.090000 0.052323 -0.467109 0.882650 0.000000 0.000000 0.000000 0.000000 1.000000
0.990460 0.137198 0.012868 0.000000 -0.126195 0.865576 0.484616 36.090000 0.055350 -0.481617 0.874632 0.000000 0.000000 0.000000 0.000000 1.000000
0.997038 0.075140 -0.016435 0.000000 -0.056663 0.862028 0.503684 36.090000 0.052015 -0.501261 0.863732 -0.000000 0.000000 0.000000 0.000000 1.000000
0.998239 0.007855 -0.058805 0.000000 0.024962 0.843580 0.536423 36.090000 0.053820 -0.536946 0.841898 0.000000 0.000000 0.000000 0.000000 1.000000
0.993514 -0.050097 -0.102076 0.000000 0.101732 0.792629 0.601156 36.090000 0.050792 -0.607642 0.792585 0.000000 0.000000 0.000000 0.000000 1.000000
0.986645 -0.085888 -0.138401 -0.000000 0.157925 0.712482 0.683687 36.090000 0.039887 -0.696414 0.716531 0.000000 0.000000 0.000000 0.000000 1.000000
0.986514 -0.085345 -0.139665 0.000000 0.162387 0.617246 0.769829 36.090000 0.020507 -0.782127 0.622781 -0.000000 0.000000 0.000000 0.000000 1.000000
0.993563 -0.073932 -0.085833 0.000000 0.112298 0.543014 0.832181 36.090000 -0.014916 -0.836463 0.547821 0.000000 0.000000 0.000000 0.000000 1.000000
0.998791 -0.043209 0.023422 0.000000 0.002947 0.528330 0.849034 36.090000 -0.049061 -0.847939 0.527818 0.000000 0.000000 0.000000 0.000000 1.000000
0.989911 -0.006691 0.141533 0.000000 -0.115238 0.543162 0.831682 36.090000 -0.082440 -0.839601 0.536911 -0.000000 0.000000 0.000000 0.000000 1.000000
0.980403 0.033326 0.194166 -0.000000 -0.176534 0.586090 0.790781 36.090000 -0.087445 -0.809561 0.580487 0.000000 0.000000 0.000000 0.000000 1.000000
0.977338 0.068421 0.200321 0.000000 -0.197328 0.637030 0.745154 36.090000 -0.076626 -0.767796 0.636095 0.000000 0.000000 0.000000 0.000000 1.000000
0.981011 0.099709 0.166361 0.000000 -0.189841 0.669318 0.718314 36.090000 -0.039726 -0.736255 0.675537 0.000000 0.000000 0.000000 0.000000 1.000000
0.988675 0.131202 0.072854 0.000000 -0.144382 0.699167 0.700229 36.090000 0.040935 -0.702817 0.710192 0.000000 0.000000 0.000000 0.000000 1.000000
0.989648 0.142208 -0.019331 0.000000 -0.089004 0.713821 0.694649 36.090000 0.112584 -0.685738 0.719089 0.000000 0.000000 0.000000 0.000000 1.000000
0.988127 0.137228 -0.069096 0.000000 -0.050687 0.715704 0.696562 36.090000 0.145041 -0.684789 0.714162 0.000000 0.000000 0.000000 0.000000 1.000000
0.990941 0.119566 -0.061152 0.000000 -0.044592 0.722461 0.689972 36.090000 0.126678 -0.680995 0.721248 0.000000 0.000000 0.000000 0.000000 1.000000
0.993637 0.102161 -0.047417 0.000000 -0.046341 0.754548 0.654607 36.090000 0.102654 -0.648244 0.754481 0.000000 0.000000 0.000000 0.000000 1.000000
0.994644 0.094506 -0.041868 0.000000 -0.051181 0.802201 0.594856 36.090000 0.089804 -0.589527 0.802741 0.000000 0.000000 0.000000 0.000000 1.000000
0.994452 0.092269 -0.050523 0.000000 -0.046146 0.814229 0.578707 36.090000 0.094534 -0.573165 0.813969 -0.000000 0.000000 0.000000 0.000000 1.000000
0.993248 0.093130 -0.069179 0.000000 -0.034535 0.806628 0.590050 36.090000 0.110753 -0.583677 0.804397 -0.000000 0.000000 0.000000 0.000000 1.000000
0.992395 0.091951 -0.081841 0.000000 -0.021013 0.781629 0.623389 36.090000 0.121291 -0.616929 0.777617 -0.000000 0.000000 0.000000 0.000000 1.000000
0.991748 0.092160 -0.089125 0.000000 -0.008566 0.741250 0.671174 36.090000 0.127920 -0.664872 0.735923 0.000000 0.000000 0.000000 0.000000 1.000000
0.990858 0.095579 -0.095208 0.000000 0.003201 0.688875 0.724873 36.090000 0.134869 -0.718551 0.682271 0.000000 0.000000 0.000000 0.000000 1.000000
0.990162 0.100370 -0.097498 0.000000 0.014096 0.621678 0.783146 36.090000 0.139216 -0.776816 0.614147 -0.000000 0.000000 0.000000 0.000000 1.000000
0.990414 0.105765 -0.088852 0.000000 0.014785 0.558368 0.829462 36.090000 0.137340 -0.822824 0.551452 0.000000 0.000000 0.000000 0.000000 1.000000
0.990746 0.110976 -0.078143 0.000000 0.011852 0.502800 0.864321 36.090000 0.135209 -0.857249 0.496832 -0.000000 0.000000 0.000000 0.000000 1.000000
0.993954 0.109681 -0.005022 0.000000 -0.046866 0.465181 0.883974 36.090000 0.099291 -0.878394 0.467509 0.000000 0.000000 0.000000 0.000000 1.000000
0.989198 0.106191 0.101050 -0.000000 -0.138905 0.458829 0.877600 36.090000 0.046828 -0.882156 0.468623 0.000000 0.000000 0.000000 0.000000 1.000000
0.976069 0.106834 0.189410 0.000000 -0.217457 0.484975 0.847060 36.090000 -0.001364 -0.867978 0.496601 0.000000 0.000000 0.000000 0.000000 1.000000
0.967803 0.111160 0.225832 -0.000000 -0.250255 0.521177 0.815933 36.090000 -0.027000 -0.846178 0.532215 -0.000000 0.000000 0.000000 0.000000 1.000000
0.969212 0.114779 0.217840 0.000000 -0.244825 0.543537 0.802887 36.090000 -0.026250 -0.831501 0.554903 0.000000 0.000000 0.000000 0.000000 1.000000
0.971479 0.112804 0.208574 0.000000 -0.236006 0.545272 0.804350 36.090000 -0.022996 -0.830634 0.556343 0.000000 0.000000 0.000000 0.000000 1.000000
0.974003 0.109213 0.198473 0.000000 -0.225820 0.537720 0.812319 36.090000 -0.018007 -0.836020 0.548403 -0.000000 0.000000 0.000000 0.000000 1.000000
0.974533 0.106846 0.197156 0.000000 -0.223246 0.545217 0.808022 36.090000 -0.021159 -0.831458 0.555184 0.000000 0.000000 0.000000 0.000000 1.000000
0.973776 0.107694 0.200404 0.000000 -0.224558 0.596365 0.770664 36.090000 -0.036518 -0.795456 0.604910 0.000000 0.000000 0.000000 0.000000 1.000000
0.975406 0.109711 0.191172 0.000000 -0.214093 0.677829 0.703357 36.090000 -0.052416 -0.726988 0.684647 -0.000000 0.000000 0.000000 0.000000 1.000000
0.975993 0.108946 0.188598 -0.000000 -0.204708 0.754568 0.623475 36.090000 -0.074385 -0.647115 0.758755 -0.000000 0.000000 0.000000 0.000000 1.000000
0.978980 0.109554 0.172033 0.000000 -0.187251 0.817102 0.545236 36.090000 -0.080836 -0.565988 0.820441 0.000000 0.000000 0.000000 0.000000 1.000000
0.988661 0.120502 0.089607 -0.000000 -0.149065 0.859679 0.488601 36.090000 -0.018156 -0.496418 0.867894 0.000000 0.000000 0.000000 0.000000 1.000000
0.990112 0.138781 -0.020453 0.000000 -0.113630 0.878942 0.463194 36.090000 0.082260 -0.456290 0.886021 -0.000000 0.000000 0.000000 0.000000 1.000000
0.981354 0.156724 -0.111278 0.000000 -0.084817 0.872613 0.480991 36.090000 0.172486 -0.462584 0.869635 -0.000000 0.000000 0.000000 0.000000 1.000000
0.977038 0.162389 -0.137938 0.000000 -0.067598 0.850202 0.522099 36.090000 0.202058 -0.500786 0.841657 -0.000000 0.000000 0.000000 0.000000 1.000000
0.978872 0.156465 -0.131636 0.000000 -0.053563 0.817515 0.573411 36.090000 0.197333 -0.554246 0.808623 0.000000 0.000000 0.000000 0.000000 1.000000
0.981684 0.146625 -0.121649 0.000000 -0.035176 0.767028 0.640649 36.090000 0.187243 -0.624636 0.758136 -0.000000 0.000000 0.000000 0.000000 1.000000
0.984377 0.139265 -0.107736 0.000000 -0.027439 0.725743 0.687418 36.090000 0.173922 -0.673722 0.718226 0.000000 0.000000 0.000000 0.000000 1.000000
0.985280 0.137802 -0.101167 0.000000 -0.021971 0.688958 0.724468 36.090000 0.169533 -0.711581 0.681844 0.000000 0.000000 0.000000 0.000000 1.000000
0.985152 0.141514 -0.097213 0.000000 -0.021597 0.663869 0.747537 36.090000 0.170323 -0.734337 0.657068 0.000000 0.000000 0.000000 0.000000 1.000000
0.985078 0.146025 -0.091090 0.000000 -0.026026 0.649566 0.759859 36.090000 0.170127 -0.746150 0.643674 -0.000000 0.000000 0.000000 0.000000 1.000000
0.986430 0.148208 -0.070643 0.000000 -0.042232 0.644836 0.763154 36.090000 0.158659 -0.749814 0.642344 0.000000 0.000000 0.000000 0.000000 1.000000
0.988549 0.147104 -0.033642 0.000000 -0.070313 0.646282 0.759852 36.090000 0.133519 -0.748786 0.649225 0.000000 0.000000 0.000000 0.000000 1.000000
0.989445 0.144263 0.013650 0.000000 -0.105285 0.650984 0.751755 36.090000 0.099564 -0.745257 0.659302 0.000000 0.000000 0.000000 0.000000 1.000000
0.987839 0.141462 0.064517 0.000000 -0.142389 0.656454 0.740806 36.090000 0.062444 -0.740983 0.668614 0.000000 0.000000 0.000000 0.000000 1.000000
0.983860 0.140383 0.110956 0.000000 -0.176602 0.661962 0.728435 36.090000 0.028811 -0.736274 0.676070 0.000000 0.000000 0.000000 0.000000 1.000000
0.978811 0.141970 0.147562 0.000000 -0.204742 0.666975 0.716397 36.090000 0.003286 -0.731430 0.681909 0.000000 0.000000 0.000000 0.000000 1.000000</float_array>
        <technique_common>
          <accessor source="#mixamorig_LeftLeg-Matrix-animation-output-transform-array" count="63" stride="16">
            <param type="float4x4"/>
          </accessor>
        </technique_common>
      </source>
      <source id="mixamorig_LeftLeg-Interpolations">
        <Name_array id="mixamorig_LeftLeg-Interpolations-array" count="63">
 LINEAR LINEAR LINEAR LINEAR LINEAR LINEAR LINEAR LINEAR LINEAR LINEAR LINEAR
LINEAR LINEAR LINEAR LINEAR LINEAR LINEAR LINEAR LINEAR LINEAR LINEAR LINEAR LINEAR
LINEAR LINEAR LINEAR LINEAR LINEAR LINEAR LINEAR LINEAR LINEAR LINEAR LINEAR LINEAR
LINEAR LINEAR LINEAR LINEAR LINEAR LINEAR LINEAR LINEAR LINEAR LINEAR LINEAR LINEAR
LINEAR LINEAR LINEAR LINEAR LINEAR LINEAR LINEAR LINEAR LINEAR LINEAR LINEAR LINEAR
LINEAR LINEAR LINEAR LINEAR</Name_array>
        <technique_common>
          <accessor source="#mixamorig_LeftLeg-Interpolations-array" count="63">
            <param type="name"/>
          </accessor>
        </technique_common>
      </source>
      <sampler id="mixamorig_LeftLeg-Matrix-animation-transform">
        <input semantic="INPUT" source="#mixamorig_LeftLeg-Matrix-animation-input"/>
        <input semantic="OUTPUT" source="#mixamorig_LeftLeg-Matrix-animation-output-transform"/>
        <input semantic="INTERPOLATION" source="#mixamorig_LeftLeg-Interpolations"/>
      </sampler>
      <channel source="#mixamorig_LeftLeg-Matrix-animation-transform" target="mixamorig_LeftLeg/matrix"/>
    </animation>
    <animation id="mixamorig_LeftFoot-anim" name="mixamorig_LeftFoot">
      <source id="mixamorig_LeftFoot-Matrix-animation-input">
        <float_array id="mixamorig_LeftFoot-Matrix-animation-input-array" count="63">

0.000000 0.033333 0.066667 0.100000 0.133333 0.166667 0.200000 0.233333 0.266667 0.300000 0.333333 0.366667 0.400000 0.433333 0.466667 0.500000
0.533333 0.566667 0.600000 0.633333 0.666667 0.700000 0.733333 0.766667 0.800000 0.833333 0.866667 0.900000 0.933333 0.966667 1.000000 1.033333
1.066667 1.100000 1.133333 1.166667 1.200000 1.233333 1.266667 1.300000 1.333333 1.366667 1.400000 1.433333 1.466667 1.500000 1.533333 1.566667
1.600000 1.633333 1.666667 1.700000 1.733333 1.766667 1.800000 1.833333 1.866667 1.900000 1.933333 1.966667 2.000000 2.033333 2.066667</float_array>
        <technique_common>
          <accessor source="#mixamorig_LeftFoot-Matrix-animation-input-array" count="63">
            <param name="TIME" type="float"/>
          </accessor>
        </technique_common>
      </source>
      <source id="mixamorig_LeftFoot-Matrix-animation-output-transform">
        <float_array id="mixamorig_LeftFoot-Matrix-animation-output-transform-array" count="1008">

0.988684 0.120151 -0.089820 0.000000 -0.121382 0.288908 -0.949631 26.790800 -0.088150 0.949787 0.300223 -0.000000 0.000000 0.000000 0.000000 1.000000
0.988459 0.116809 -0.096455 0.000000 -0.127549 0.298239 -0.945931 26.790800 -0.081727 0.947317 0.309696 0.000000 0.000000 0.000000 0.000000 1.000000
0.989331 0.095040 -0.110419 0.000000 -0.134744 0.308717 -0.941561 26.790800 -0.055398 0.946394 0.318230 0.000000 0.000000 0.000000 0.000000 1.000000
0.989647 0.074434 -0.122715 0.000000 -0.140436 0.325772 -0.934960 26.790800 -0.029616 0.942514 0.332852 -0.000000 0.000000 0.000000 0.000000 1.000000
0.990505 0.080471 -0.111469 0.000000 -0.133221 0.361555 -0.922784 26.790800 -0.033955 0.928871 0.368843 -0.000000 0.000000 0.000000 0.000000 1.000000
0.986986 0.132550 -0.091040 0.000000 -0.139521 0.424408 -0.894657 26.790800 -0.079949 0.895717 0.437379 0.000000 0.000000 0.000000 0.000000 1.000000
0.980096 0.192573 -0.048241 0.000000 -0.139380 0.494449 -0.857959 26.790800 -0.141367 0.847606 0.511449 0.000000 0.000000 0.000000 0.000000 1.000000
0.972708 0.221144 -0.070243 0.000000 -0.184019 0.550839 -0.814072 26.790800 -0.141335 0.804781 0.576500 0.000000 0.000000 0.000000 0.000000 1.000000
0.984804 0.132301 -0.112505 0.000000 -0.166732 0.538990 -0.825645 26.790800 -0.048595 0.831857 0.552859 0.000000 0.000000 0.000000 0.000000 1.000000
0.984248 -0.057700 -0.167112 0.000000 -0.114856 0.509902 -0.852530 26.790800 0.134402 0.858295 0.495243 0.000000 0.000000 0.000000 0.000000 1.000000
0.945513 -0.240812 -0.219121 0.000000 -0.067001 0.514692 -0.854753 26.790800 0.318615 0.822862 0.470514 -0.000000 0.000000 0.000000 0.000000 1.000000
0.904532 -0.336687 -0.261655 0.000000 -0.023431 0.573457 -0.818900 26.790800 0.425761 0.746853 0.510822 0.000000 0.000000 0.000000 0.000000 1.000000
0.886364 -0.351847 -0.300935 0.000000 -0.015235 0.627466 -0.778495 26.790800 0.462738 0.694615 0.550803 -0.000000 0.000000 0.000000 0.000000 1.000000
0.883685 -0.346791 -0.314383 0.000000 -0.041597 0.610802 -0.790690 26.790800 0.466230 0.711798 0.525331 0.000000 0.000000 0.000000 0.000000 1.000000
0.889423 -0.364938 -0.275222 0.000000 -0.070909 0.484671 -0.871817 26.790800 0.451552 0.794930 0.405200 0.000000 0.000000 0.000000 0.000000 1.000000
0.898450 -0.381016 -0.218208 0.000000 -0.079066 0.348453 -0.933985 26.790800 0.431899 0.856392 0.282942 0.000000 0.000000 0.000000 0.000000 1.000000
0.904500 -0.406635 -0.128561 0.000000 -0.030832 0.238312 -0.970699 26.790800 0.425358 0.881961 0.203016 0.000000 0.000000 0.000000 0.000000 1.000000
0.930034 -0.367434 0.005386 0.000000 0.071571 0.166743 -0.983399 26.790800 0.360436 0.914980 0.181374 0.000000 0.000000 0.000000 0.000000 1.000000
0.957588 -0.241925 0.156516 0.000000 0.195024 0.144316 -0.970123 26.790800 0.212109 0.959503 0.185377 0.000000 0.000000 0.000000 0.000000 1.000000
0.957460 -0.114031 0.265081 0.000000 0.280134 0.146842 -0.948664 26.790800 0.069252 0.982565 0.172539 0.000000 0.000000 0.000000 0.000000 1.000000
0.943090 -0.034411 0.330753 0.000000 0.332408 0.125339 -0.934770 26.790800 -0.009290 0.991517 0.129645 0.000000 0.000000 0.000000 0.000000 1.000000
0.942015 0.008959 0.335450 0.000000 0.332542 0.109073 -0.936760 26.790800 -0.044981 0.993993 0.099770 -0.000000 0.000000 0.000000 0.000000 1.000000
0.959408 -0.021145 0.281227 -0.000000 0.281740 0.116325 -0.952413 26.790800 -0.012575 0.992986 0.117560 -0.000000 0.000000 0.000000 0.000000 1.000000
0.972045 -0.118485 0.202705 0.000000 0.217336 0.127382 -0.967749 26.790800 0.088843 0.984751 0.149572 0.000000 0.000000 0.000000 0.000000 1.000000
0.953879 -0.269984 0.131239 0.000000 0.168404 0.119355 -0.978465 26.790800 0.248506 0.955439 0.159317 0.000000 0.000000 0.000000 0.000000 1.000000
0.913568 -0.396388 0.090937 0.000000 0.139936 0.096440 -0.985453 26.790800 0.381851 0.913004 0.143573 -0.000000 0.000000 0.000000 0.000000 1.000000
0.877546 -0.473800 0.073667 0.000000 0.114967 0.058756 -0.991630 26.790800 0.465506 0.878670 0.106033 -0.000000 0.000000 0.000000 0.000000 1.000000
0.865270 -0.498713 0.050916 0.000000 0.064186 0.009484 -0.997893 26.790800 0.497180 0.866715 0.040216 0.000000 0.000000 0.000000 0.000000 1.000000
0.864037 -0.503422 0.002665 0.000000 -0.011082 -0.024312 -0.999643 26.790800 0.503307 0.863699 -0.026585 0.000000 0.000000 0.000000 0.000000 1.000000
0.871881 -0.482977 -0.080976 0.000000 -0.120395 -0.051120 -0.991409 26.790800 0.474688 0.874140 -0.102718 0.000000 0.000000 0.000000 0.000000 1.000000
0.876976 -0.467148 -0.112636 -0.000000 -0.175435 -0.093030 -0.980086 26.790800 0.447366 0.879272 -0.163539 0.000000 0.000000 0.000000 0.000000 1.000000
0.885864 -0.451405 -0.107140 0.000000 -0.190467 -0.143275 -0.971182 26.790800 0.423046 0.880742 -0.212900 0.000000 0.000000 0.000000 0.000000 1.000000
0.924642 -0.373053 -0.076610 0.000000 -0.164902 -0.210857 -0.963507 26.790800 0.343285 0.903532 -0.256485 0.000000 0.000000 0.000000 0.000000 1.000000
0.966113 -0.251602 -0.057642 0.000000 -0.128936 -0.276944 -0.952196 26.790800 0.223611 0.927361 -0.299999 -0.000000 0.000000 0.000000 0.000000 1.000000
0.995198 -0.096893 -0.013882 0.000000 -0.046186 -0.339790 -0.939367 26.790800 0.086301 0.935497 -0.342633 0.000000 0.000000 0.000000 0.000000 1.000000
0.997342 0.027098 0.067638 -0.000000 0.072864 -0.365848 -0.927818 26.790800 -0.000397 0.930280 -0.366850 0.000000 0.000000 0.000000 0.000000 1.000000
0.977507 0.131262 0.165079 0.000000 0.200314 -0.332913 -0.921435 26.790800 -0.065992 0.933777 -0.351719 0.000000 0.000000 0.000000 0.000000 1.000000
0.941863 0.230828 0.244157 0.000000 0.300998 -0.256731 -0.918417 26.790800 -0.149314 0.938513 -0.311285 0.000000 0.000000 0.000000 0.000000 1.000000
0.902008 0.325197 0.283953 0.000000 0.355325 -0.185644 -0.916122 26.790800 -0.245207 0.927245 -0.283003 -0.000000 0.000000 0.000000 0.000000 1.000000
0.874959 0.391692 0.284648 0.000000 0.366736 -0.152245 -0.917783 26.790800 -0.316152 0.907413 -0.276855 0.000000 0.000000 0.000000 0.000000 1.000000
0.881542 0.395089 0.258434 -0.000000 0.340307 -0.152363 -0.927888 26.790800 -0.327222 0.905920 -0.268766 0.000000 0.000000 0.000000 0.000000 1.000000
0.900382 0.374684 0.221190 0.000000 0.298685 -0.162600 -0.940398 26.790800 -0.316387 0.912783 -0.258315 0.000000 0.000000 0.000000 0.000000 1.000000
0.915900 0.358340 0.180886 0.000000 0.248025 -0.150893 -0.956930 26.790800 -0.315612 0.921316 -0.227081 0.000000 0.000000 0.000000 0.000000 1.000000
0.920589 0.360412 0.150396 0.000000 0.198465 -0.100082 -0.974985 26.790800 -0.336344 0.927409 -0.163663 0.000000 0.000000 0.000000 0.000000 1.000000
0.921175 0.361974 0.142871 -0.000000 0.162972 -0.025449 -0.986302 26.790800 -0.353380 0.931841 -0.082435 0.000000 0.000000 0.000000 0.000000 1.000000
0.943137 0.309665 0.120833 0.000000 0.106165 0.063856 -0.992296 26.790800 -0.314996 0.948699 0.027349 -0.000000 0.000000 0.000000 0.000000 1.000000
0.976737 0.200592 0.075814 0.000000 0.047322 0.143204 -0.988561 26.790800 -0.209154 0.969152 0.130381 0.000000 0.000000 0.000000 0.000000 1.000000
0.995223 0.095639 0.019594 0.000000 -0.000354 0.204246 -0.978919 26.790800 -0.097625 0.974236 0.203305 -0.000000 0.000000 0.000000 0.000000 1.000000
0.999075 0.015667 -0.040057 0.000000 -0.042665 0.242842 -0.969127 26.790800 -0.005456 0.969939 0.243286 0.000000 0.000000 0.000000 0.000000 1.000000
0.994791 -0.050464 -0.088572 -0.000000 -0.073594 0.245699 -0.966549 26.790800 0.070538 0.968032 0.240705 0.000000 0.000000 0.000000 0.000000 1.000000
0.982795 -0.135420 -0.125602 0.000000 -0.093152 0.223801 -0.970173 26.790800 0.159490 0.965181 0.207336 0.000000 0.000000 0.000000 0.000000 1.000000
0.964395 -0.211157 -0.159231 0.000000 -0.118754 0.192218 -0.974140 26.790800 0.236304 0.958366 0.160299 0.000000 0.000000 0.000000 0.000000 1.000000
0.954949 -0.239012 -0.175913 0.000000 -0.142873 0.149282 -0.978418 26.790800 0.260115 0.959473 0.108408 0.000000 0.000000 0.000000 0.000000 1.000000
0.960877 -0.202248 -0.189240 0.000000 -0.164425 0.133303 -0.977341 26.790800 0.222892 0.970220 0.094833 0.000000 0.000000 0.000000 0.000000 1.000000
0.977117 -0.112594 -0.180460 0.000000 -0.165551 0.130128 -0.977578 26.790800 0.133552 0.985083 0.108511 -0.000000 0.000000 0.000000 0.000000 1.000000
0.988329 -0.007616 -0.152144 0.000000 -0.149603 0.139775 -0.978817 26.790800 0.028720 0.990154 0.137005 0.000000 0.000000 0.000000 0.000000 1.000000
0.989896 0.076333 -0.119496 0.000000 -0.130457 0.160062 -0.978448 26.790800 -0.055561 0.984151 0.168403 0.000000 0.000000 0.000000 0.000000 1.000000
0.987949 0.121615 -0.095746 0.000000 -0.117437 0.186004 -0.975506 26.790800 -0.100827 0.974994 0.198044 0.000000 0.000000 0.000000 0.000000 1.000000
0.987195 0.134303 -0.086078 0.000000 -0.113381 0.211169 -0.970851 26.790800 -0.112211 0.968179 0.223692 0.000000 0.000000 0.000000 0.000000 1.000000
0.987638 0.131622 -0.085123 -0.000000 -0.114330 0.233384 -0.965640 26.790800 -0.107233 0.963435 0.245548 0.000000 0.000000 0.000000 0.000000 1.000000
0.988368 0.123905 -0.088179 0.000000 -0.117373 0.252798 -0.960373 26.790800 -0.096703 0.959553 0.264400 0.000000 0.000000 0.000000 0.000000 1.000000
0.988770 0.118821 -0.090639 0.000000 -0.120121 0.271066 -0.955036 26.790800 -0.088909 0.955199 0.282295 0.000000 0.000000 0.000000 0.000000 1.000000
0.988684 0.120151 -0.089819 0.000000 -0.121381 0.288907 -0.949631 26.790800 -0.088149 0.949788 0.300222 -0.000000 0.000000 0.000000 0.000000 1.000000</float_array>
        <technique_common>
          <accessor source="#mixamorig_LeftFoot-Matrix-animation-output-transform-array" count="63" stride="16">
            <param type="float4x4"/>
          </accessor>
        </technique_common>
      </source>
      <source id="mixamorig_LeftFoot-Interpolations">
        <Name_array id="mixamorig_LeftFoot-Interpolations-array" count="63">
 LINEAR LINEAR LINEAR LINEAR LINEAR LINEAR LINEAR LINEAR LINEAR LINEAR LINEAR
LINEAR LINEAR LINEAR LINEAR LINEAR LINEAR LINEAR LINEAR LINEAR LINEAR LINEAR LINEAR
LINEAR LINEAR LINEAR LINEAR LINEAR LINEAR LINEAR LINEAR LINEAR LINEAR LINEAR LINEAR
LINEAR LINEAR LINEAR LINEAR LINEAR LINEAR LINEAR LINEAR LINEAR LINEAR LINEAR LINEAR
LINEAR LINEAR LINEAR LINEAR LINEAR LINEAR LINEAR LINEAR LINEAR LINEAR LINEAR LINEAR
LINEAR LINEAR LINEAR LINEAR</Name_array>
        <technique_common>
          <accessor source="#mixamorig_LeftFoot-Interpolations-array" count="63">
            <param type="name"/>
          </accessor>
        </technique_common>
      </source>
      <sampler id="mixamorig_LeftFoot-Matrix-animation-transform">
        <input semantic="INPUT" source="#mixamorig_LeftFoot-Matrix-animation-input"/>
        <input semantic="OUTPUT" source="#mixamorig_LeftFoot-Matrix-animation-output-transform"/>
        <input semantic="INTERPOLATION" source="#mixamorig_LeftFoot-Interpolations"/>
      </sampler>
      <channel source="#mixamorig_LeftFoot-Matrix-animation-transform" target="mixamorig_LeftFoot/matrix"/>
    </animation>
    <animation id="mixamorig_LeftToeBase-anim" name="mixamorig_LeftToeBase">
      <source id="mixamorig_LeftToeBase-Matrix-animation-input">
        <float_array id="mixamorig_LeftToeBase-Matrix-animation-input-array" count="63">

0.000000 0.033333 0.066667 0.100000 0.133333 0.166667 0.200000 0.233333 0.266667 0.300000 0.333333 0.366667 0.400000 0.433333 0.466667 0.500000
0.533333 0.566667 0.600000 0.633333 0.666667 0.700000 0.733333 0.766667 0.800000 0.833333 0.866667 0.900000 0.933333 0.966667 1.000000 1.033333
1.066667 1.100000 1.133333 1.166667 1.200000 1.233333 1.266667 1.300000 1.333333 1.366667 1.400000 1.433333 1.466667 1.500000 1.533333 1.566667
1.600000 1.633333 1.666667 1.700000 1.733333 1.766667 1.800000 1.833333 1.866667 1.900000 1.933333 1.966667 2.000000 2.033333 2.066667</float_array>
        <technique_common>
          <accessor source="#mixamorig_LeftToeBase-Matrix-animation-input-array" count="63">
            <param name="TIME" type="float"/>
          </accessor>
        </technique_common>
      </source>
      <source id="mixamorig_LeftToeBase-Matrix-animation-output-transform">
        <float_array id="mixamorig_LeftToeBase-Matrix-animation-output-transform-array" count="1008">

0.998786 -0.020456 -0.044805 0.000000 -0.000000 0.909673 -0.415325 14.979900 0.049254 0.414821 0.908569 0.000000 0.000000 0.000000 0.000000 1.000000
0.998786 -0.020456 -0.044805 0.000000 0.000000 0.909675 -0.415320 14.979900 0.049254 0.414816 0.908571 0.000000 0.000000 0.000000 0.000000 1.000000
0.998786 -0.020456 -0.044805 0.000000 -0.000000 0.909675 -0.415320 14.979900 0.049254 0.414816 0.908571 0.000000 0.000000 0.000000 0.000000 1.000000
0.998786 -0.020456 -0.044805 0.000000 -0.000000 0.909675 -0.415320 14.979900 0.049254 0.414816 0.908571 -0.000000 0.000000 0.000000 0.000000 1.000000
0.998880 -0.020001 -0.042870 0.000000 -0.000764 0.899287 -0.437358 14.979900 0.047300 0.436901 0.898265 0.000000 0.000000 0.000000 0.000000 1.000000
0.999041 -0.019062 -0.039410 0.000000 -0.002019 0.879203 -0.476443 14.979900 0.043731 0.476066 0.878322 0.000000 0.000000 0.000000 0.000000 1.000000
0.999356 -0.018925 -0.030472 -0.000000 0.001614 0.872369 -0.488845 14.979900 0.035834 0.488481 0.871838 0.000000 0.000000 0.000000 0.000000 1.000000
0.999467 -0.019782 -0.025983 0.000000 0.005756 0.889899 -0.456122 14.979900 0.032145 0.455729 0.889538 -0.000000 0.000000 0.000000 0.000000 1.000000
0.998765 -0.020549 -0.045229 0.000000 0.000173 0.911873 -0.410473 14.979900 0.049678 0.409958 0.910750 0.000000 0.000000 0.000000 0.000000 1.000000
0.998800 -0.020396 -0.044535 0.000000 -0.000110 0.908258 -0.418410 14.979900 0.048983 0.417913 0.907166 -0.000000 0.000000 0.000000 0.000000 1.000000
0.999066 -0.018895 -0.038852 -0.000000 -0.002208 0.875779 -0.482707 14.979900 0.043147 0.482343 0.874919 0.000000 0.000000 0.000000 0.000000 1.000000
0.999515 -0.014530 -0.027554 0.000000 -0.005182 0.794670 -0.607019 14.979900 0.030716 0.606867 0.794209 0.000000 0.000000 0.000000 0.000000 1.000000
0.999828 -0.008268 -0.016625 0.000000 -0.006285 0.691800 -0.722062 14.979900 0.017471 0.722042 0.691629 0.000000 0.000000 0.000000 0.000000 1.000000
0.999908 -0.005282 -0.012517 0.000000 -0.006150 0.645561 -0.763684 14.979900 0.012114 0.763691 0.645468 -0.000000 0.000000 0.000000 0.000000 1.000000
0.999786 -0.009448 -0.018408 0.000000 -0.006242 0.710474 -0.703696 14.979900 0.019727 0.703660 0.710263 0.000000 0.000000 0.000000 0.000000 1.000000
0.999485 -0.014928 -0.028406 0.000000 -0.005017 0.801619 -0.597815 14.979900 0.031696 0.597649 0.801131 0.000000 0.000000 0.000000 0.000000 1.000000
0.999449 -0.015381 -0.029407 0.000000 -0.004811 0.809593 -0.586972 14.979900 0.032836 0.586790 0.809073 0.000000 0.000000 0.000000 0.000000 1.000000
0.999489 -0.014882 -0.028305 0.000000 -0.005037 0.800798 -0.598914 14.979900 0.031579 0.598750 0.800313 0.000000 0.000000 0.000000 0.000000 1.000000
0.999539 -0.014194 -0.026856 0.000000 -0.005308 0.788874 -0.614532 14.979900 0.029909 0.614391 0.788435 0.000000 0.000000 0.000000 0.000000 1.000000
0.999345 -0.016549 -0.032172 0.000000 -0.004171 0.830631 -0.556807 14.979900 0.035937 0.556577 0.830019 0.000000 0.000000 0.000000 0.000000 1.000000
0.999352 -0.016475 -0.031989 0.000000 -0.004216 0.829285 -0.558810 14.979900 0.035735 0.558583 0.828678 -0.000000 0.000000 0.000000 0.000000 1.000000
0.999555 -0.013951 -0.026361 0.000000 -0.005395 0.784704 -0.619847 14.979900 0.029333 0.619714 0.784280 -0.000000 0.000000 0.000000 0.000000 1.000000
0.999526 -0.014371 -0.027221 -0.000000 -0.005243 0.791918 -0.610604 14.979900 0.030332 0.610458 0.791468 -0.000000 0.000000 0.000000 0.000000 1.000000
0.999016 -0.012683 -0.042504 0.000000 -0.017397 0.769427 -0.638498 14.979900 0.040802 0.638609 0.768449 -0.000000 0.000000 0.000000 0.000000 1.000000
0.999386 -0.012704 -0.032648 0.000000 -0.011209 0.766983 -0.641569 14.979900 0.033191 0.641541 0.766370 0.000000 0.000000 0.000000 0.000000 1.000000
0.999516 -0.013844 -0.027845 0.000000 -0.006454 0.783599 -0.621234 14.979900 0.030420 0.621113 0.783130 0.000000 0.000000 0.000000 0.000000 1.000000
0.999349 -0.016508 -0.032070 0.000000 -0.004196 0.829880 -0.557926 14.979900 0.035824 0.557698 0.829271 0.000000 0.000000 0.000000 0.000000 1.000000
0.999057 -0.018958 -0.039062 0.000000 -0.002138 0.877071 -0.480355 14.979900 0.043366 0.479986 0.876204 0.000000 0.000000 0.000000 0.000000 1.000000
0.998835 -0.020229 -0.043811 0.000000 -0.000397 0.904413 -0.426659 14.979900 0.048254 0.426179 0.903351 0.000000 0.000000 0.000000 0.000000 1.000000
0.998500 -0.020403 -0.050815 0.000000 -0.002281 0.911687 -0.410879 14.979900 0.054711 0.410378 0.910273 0.000000 0.000000 0.000000 0.000000 1.000000
0.998711 -0.020450 -0.046454 0.000000 -0.000623 0.910230 -0.414103 14.979900 0.050752 0.413599 0.909044 0.000000 0.000000 0.000000 0.000000 1.000000
0.998683 -0.020432 -0.047059 -0.000000 -0.000865 0.910432 -0.413658 14.979900 0.051296 0.413154 0.909215 0.000000 0.000000 0.000000 0.000000 1.000000
0.998812 -0.020338 -0.044281 0.000000 -0.000211 0.906918 -0.421307 14.979900 0.048727 0.420816 0.905837 0.000000 0.000000 0.000000 0.000000 1.000000
0.998841 -0.020198 -0.043683 0.000000 -0.000449 0.903721 -0.428122 14.979900 0.048124 0.427645 0.902665 0.000000 0.000000 0.000000 0.000000 1.000000
0.998840 -0.020204 -0.043708 0.000000 -0.000438 0.903858 -0.427832 14.979900 0.048150 0.427355 0.902801 0.000000 0.000000 0.000000 0.000000 1.000000
0.998862 -0.020093 -0.043246 -0.000000 -0.000619 0.901352 -0.433087 14.979900 0.047682 0.432621 0.900314 0.000000 0.000000 0.000000 0.000000 1.000000
0.998907 -0.019859 -0.042307 0.000000 -0.000978 0.896151 -0.443749 14.979900 0.046726 0.443305 0.895152 0.000000 0.000000 0.000000 0.000000 1.000000
0.998942 -0.019666 -0.041565 0.000000 -0.001254 0.891939 -0.452155 14.979900 0.045965 0.451729 0.890970 -0.000000 0.000000 0.000000 0.000000 1.000000
0.998958 -0.019578 -0.041235 0.000000 -0.001375 0.890041 -0.455879 14.979900 0.045626 0.455460 0.889086 0.000000 0.000000 0.000000 0.000000 1.000000
0.998977 -0.019462 -0.040813 0.000000 -0.001528 0.887580 -0.460650 14.979900 0.045190 0.460242 0.886643 0.000000 0.000000 0.000000 0.000000 1.000000
0.998991 -0.019380 -0.040517 -0.000000 -0.001633 0.885843 -0.463983 14.979900 0.044884 0.463581 0.884917 0.000000 0.000000 0.000000 0.000000 1.000000
0.998979 -0.019452 -0.040775 0.000000 -0.001541 0.887361 -0.461073 14.979900 0.045151 0.460665 0.886425 0.000000 0.000000 0.000000 0.000000 1.000000
0.998932 -0.019722 -0.041776 0.000000 -0.001176 0.893150 -0.449758 14.979900 0.046183 0.449327 0.892173 0.000000 0.000000 0.000000 0.000000 1.000000
0.998849 -0.020162 -0.043528 0.000000 -0.000509 0.902888 -0.429876 14.979900 0.047968 0.429403 0.901838 0.000000 0.000000 0.000000 0.000000 1.000000
0.998841 -0.020199 -0.043687 0.000000 -0.000447 0.903744 -0.428073 14.979900 0.048129 0.427596 0.902688 -0.000000 0.000000 0.000000 0.000000 1.000000
0.998895 -0.019924 -0.042561 0.000000 -0.000882 0.897573 -0.440864 14.979900 0.046986 0.440415 0.896564 -0.000000 0.000000 0.000000 0.000000 1.000000
0.998905 -0.019867 -0.042354 0.000000 -0.000972 0.896337 -0.443371 14.979900 0.046772 0.442927 0.895337 -0.000000 0.000000 0.000000 0.000000 1.000000
0.998851 -0.020150 -0.043479 0.000000 -0.000528 0.902618 -0.430443 14.979900 0.047918 0.429971 0.901570 0.000000 0.000000 0.000000 0.000000 1.000000
0.998787 -0.020455 -0.044796 0.000000 -0.000003 0.909628 -0.415425 14.979900 0.049245 0.414921 0.908524 0.000000 0.000000 0.000000 0.000000 1.000000
0.998734 -0.020445 -0.045964 -0.000000 -0.000445 0.910063 -0.414470 14.979900 0.050304 0.413966 0.908902 0.000000 0.000000 0.000000 0.000000 1.000000
0.998798 -0.020401 -0.044560 0.000000 -0.000100 0.908392 -0.418120 14.979900 0.049008 0.417622 0.907298 0.000000 0.000000 0.000000 0.000000 1.000000
0.998813 -0.020332 -0.044258 0.000000 -0.000221 0.906798 -0.421566 14.979900 0.048704 0.421075 0.905717 0.000000 0.000000 0.000000 0.000000 1.000000
0.998828 -0.020264 -0.043963 0.000000 -0.000338 0.905228 -0.424926 14.979900 0.048407 0.424442 0.904160 0.000000 0.000000 0.000000 0.000000 1.000000
0.998790 -0.020438 -0.044724 0.000000 -0.000033 0.909249 -0.416252 14.979900 0.049172 0.415750 0.908149 -0.000000 0.000000 0.000000 0.000000 1.000000
0.998783 -0.020452 -0.044872 0.000000 -0.000036 0.909633 -0.415414 14.979900 0.049313 0.414910 0.908525 0.000000 0.000000 0.000000 0.000000 1.000000
0.998786 -0.020456 -0.044805 0.000000 -0.000000 0.909676 -0.415320 14.979900 0.049254 0.414816 0.908571 0.000000 0.000000 0.000000 0.000000 1.000000
0.998786 -0.020456 -0.044805 0.000000 -0.000000 0.909675 -0.415320 14.979900 0.049254 0.414816 0.908571 0.000000 0.000000 0.000000 0.000000 1.000000
0.998786 -0.020456 -0.044805 0.000000 -0.000000 0.909676 -0.415319 14.979900 0.049254 0.414815 0.908572 -0.000000 0.000000 0.000000 0.000000 1.000000
0.998786 -0.020456 -0.044805 0.000000 0.000000 0.909675 -0.415320 14.979900 0.049254 0.414816 0.908571 0.000000 0.000000 0.000000 0.000000 1.000000
0.998787 -0.020453 -0.044790 0.000000 -0.000006 0.909596 -0.415494 14.979900 0.049239 0.414990 0.908493 0.000000 0.000000 0.000000 0.000000 1.000000
0.998787 -0.020453 -0.044793 0.000000 -0.000005 0.909610 -0.415463 14.979900 0.049241 0.414960 0.908506 -0.000000 0.000000 0.000000 0.000000 1.000000
0.998787 -0.020455 -0.044798 -0.000000 -0.000003 0.909640 -0.415398 14.979900 0.049247 0.414894 0.908536 0.000000 0.000000 0.000000 0.000000 1.000000
0.998786 -0.020456 -0.044805 0.000000 -0.000000 0.909673 -0.415325 14.979900 0.049254 0.414821 0.908569 0.000000 0.000000 0.000000 0.000000 1.000000</float_array>
        <technique_common>
          <accessor source="#mixamorig_LeftToeBase-Matrix-animation-output-transform-array" count="63" stride="16">
            <param type="float4x4"/>
          </accessor>
        </technique_common>
      </source>
      <source id="mixamorig_LeftToeBase-Interpolations">
        <Name_array id="mixamorig_LeftToeBase-Interpolations-array" count="63">
 LINEAR LINEAR LINEAR LINEAR LINEAR LINEAR LINEAR LINEAR LINEAR LINEAR LINEAR
LINEAR LINEAR LINEAR LINEAR LINEAR LINEAR LINEAR LINEAR LINEAR LINEAR LINEAR LINEAR
LINEAR LINEAR LINEAR LINEAR LINEAR LINEAR LINEAR LINEAR LINEAR LINEAR LINEAR LINEAR
LINEAR LINEAR LINEAR LINEAR LINEAR LINEAR LINEAR LINEAR LINEAR LINEAR LINEAR LINEAR
LINEAR LINEAR LINEAR LINEAR LINEAR LINEAR LINEAR LINEAR LINEAR LINEAR LINEAR LINEAR
LINEAR LINEAR LINEAR LINEAR</Name_array>
        <technique_common>
          <accessor source="#mixamorig_LeftToeBase-Interpolations-array" count="63">
            <param type="name"/>
          </accessor>
        </technique_common>
      </source>
      <sampler id="mixamorig_LeftToeBase-Matrix-animation-transform">
        <input semantic="INPUT" source="#mixamorig_LeftToeBase-Matrix-animation-input"/>
        <input semantic="OUTPUT" source="#mixamorig_LeftToeBase-Matrix-animation-output-transform"/>
        <input semantic="INTERPOLATION" source="#mixamorig_LeftToeBase-Interpolations"/>
      </sampler>
      <channel source="#mixamorig_LeftToeBase-Matrix-animation-transform" target="mixamorig_LeftToeBase/matrix"/>
    </animation>
    <animation id="mixamorig_RightUpLeg-anim" name="mixamorig_RightUpLeg">
      <source id="mixamorig_RightUpLeg-Matrix-animation-input">
        <float_array id="mixamorig_RightUpLeg-Matrix-animation-input-array" count="63">

0.000000 0.033333 0.066667 0.100000 0.133333 0.166667 0.200000 0.233333 0.266667 0.300000 0.333333 0.366667 0.400000 0.433333 0.466667 0.500000
0.533333 0.566667 0.600000 0.633333 0.666667 0.700000 0.733333 0.766667 0.800000 0.833333 0.866667 0.900000 0.933333 0.966667 1.000000 1.033333
1.066667 1.100000 1.133333 1.166667 1.200000 1.233333 1.266667 1.300000 1.333333 1.366667 1.400000 1.433333 1.466667 1.500000 1.533333 1.566667
1.600000 1.633333 1.666667 1.700000 1.733333 1.766667 1.800000 1.833333 1.866667 1.900000 1.933333 1.966667 2.000000 2.033333 2.066667</float_array>
        <technique_common>
          <accessor source="#mixamorig_RightUpLeg-Matrix-animation-input-array" count="63">
            <param name="TIME" type="float"/>
          </accessor>
        </technique_common>
      </source>
      <source id="mixamorig_RightUpLeg-Matrix-animation-output-transform">
        <float_array id="mixamorig_RightUpLeg-Matrix-animation-output-transform-array" count="1008">

-0.895734 -0.380157 -0.230523 -13.580900 0.352838 -0.923315 0.151638 -8.149200 -0.270492 0.054490 0.961179 -2.255300 0.000000 0.000000 0.000000 1.000000
-0.894554 -0.384603 -0.227716 -13.580900 0.353231 -0.920499 0.167063 -8.149200 -0.273865 0.069011 0.959289 -2.255300 0.000000 0.000000 0.000000 1.000000
-0.891167 -0.393228 -0.226261 -13.580900 0.356768 -0.915508 0.185908 -8.149200 -0.280248 0.084952 0.956161 -2.255300 0.000000 0.000000 0.000000 1.000000
-0.885391 -0.406754 -0.225020 -13.580900 0.363407 -0.907523 0.210563 -8.149200 -0.289858 0.104657 0.951330 -2.255300 0.000000 0.000000 0.000000 1.000000
-0.876897 -0.425746 -0.223141 -13.580900 0.372763 -0.895402 0.243521 -8.149200 -0.303479 0.130364 0.943878 -2.255300 0.000000 0.000000 0.000000 1.000000
-0.865793 -0.449141 -0.220624 -13.580900 0.383464 -0.878761 0.284138 -8.149200 -0.321494 0.161403 0.933054 -2.255300 0.000000 0.000000 0.000000 1.000000
-0.853005 -0.473377 -0.219763 -13.580900 0.392442 -0.859364 0.327844 -8.149200 -0.344051 0.193408 0.918816 -2.255300 0.000000 0.000000 0.000000 1.000000
-0.841078 -0.493451 -0.221573 -13.580900 0.397705 -0.841781 0.365013 -8.149200 -0.366632 0.218884 0.904251 -2.255300 0.000000 0.000000 0.000000 1.000000
-0.834842 -0.500748 -0.228673 -13.580900 0.395800 -0.834717 0.382870 -8.149200 -0.382598 0.229127 0.895053 -2.255300 0.000000 0.000000 0.000000 1.000000
-0.838104 -0.488093 -0.243613 -13.580900 0.386007 -0.846181 0.367390 -8.149200 -0.385461 0.213875 0.897595 -2.255300 0.000000 0.000000 0.000000 1.000000
-0.847440 -0.459523 -0.265863 -13.580900 0.372307 -0.871409 0.319429 -8.149200 -0.378460 0.171714 0.909551 -2.255300 0.000000 0.000000 0.000000 1.000000
-0.856945 -0.422896 -0.294624 -13.580900 0.360895 -0.900451 0.242782 -8.149200 -0.367966 0.101722 0.924258 -2.255300 0.000000 0.000000 0.000000 1.000000
-0.862263 -0.385685 -0.328252 -13.580900 0.358114 -0.922611 0.143330 -8.149200 -0.358129 0.006037 0.933653 -2.255300 0.000000 0.000000 0.000000 1.000000
-0.865349 -0.345546 -0.363000 -13.580900 0.362830 -0.931599 0.021859 -8.149200 -0.345723 -0.112792 0.931533 -2.255300 0.000000 0.000000 0.000000 1.000000
-0.871034 -0.297041 -0.391236 -13.580900 0.369949 -0.920652 -0.124647 -8.149200 -0.323167 -0.253309 0.911810 -2.255300 0.000000 0.000000 0.000000 1.000000
-0.882251 -0.234641 -0.408138 -13.580900 0.364682 -0.888886 -0.277289 -8.149200 -0.297725 -0.393479 0.869790 -2.255300 0.000000 0.000000 0.000000 1.000000
-0.897971 -0.107750 -0.426660 -13.580900 0.323542 -0.818843 -0.474150 -8.149200 -0.298277 -0.563815 0.770158 -2.255300 0.000000 0.000000 0.000000 1.000000
-0.899367 -0.021969 -0.436643 -13.580900 0.304167 -0.748844 -0.588825 -8.149200 -0.314042 -0.662382 0.680168 -2.255300 0.000000 0.000000 0.000000 1.000000
-0.883451 0.026235 -0.467788 -13.580900 0.312708 -0.710482 -0.630419 -8.149200 -0.348894 -0.703226 0.619473 -2.255300 0.000000 0.000000 0.000000 1.000000
-0.850332 0.029211 -0.525435 -13.580900 0.359559 -0.696807 -0.620627 -8.149200 -0.384256 -0.716664 0.582014 -2.255300 0.000000 0.000000 0.000000 1.000000
-0.809986 -0.011565 -0.586335 -13.580900 0.428323 -0.694589 -0.578002 -8.149200 -0.400577 -0.719314 0.567561 -2.255300 0.000000 0.000000 0.000000 1.000000
-0.766805 -0.112987 -0.631858 -13.580900 0.517347 -0.691480 -0.504190 -8.149200 -0.379950 -0.713505 0.588683 -2.255300 0.000000 0.000000 0.000000 1.000000
-0.710804 -0.294450 -0.638793 -13.580900 0.628835 -0.672922 -0.389541 -8.149200 -0.315157 -0.678583 0.663477 -2.255300 0.000000 0.000000 0.000000 1.000000
-0.637355 -0.485950 -0.598023 -13.580900 0.729192 -0.631250 -0.264202 -8.149200 -0.249113 -0.604464 0.756681 -2.255300 0.000000 0.000000 0.000000 1.000000
-0.581334 -0.598683 -0.551025 -13.580900 0.782617 -0.596706 -0.177350 -8.149200 -0.222623 -0.534341 0.815425 -2.255300 0.000000 0.000000 0.000000 1.000000
-0.530878 -0.691245 -0.490255 -13.580900 0.818919 -0.567290 -0.086914 -8.149200 -0.218038 -0.447619 0.867235 -2.255300 0.000000 0.000000 0.000000 1.000000
-0.472538 -0.802860 -0.363489 -13.580900 0.843644 -0.531365 0.076913 -8.149200 -0.254896 -0.270311 0.928418 -2.255300 0.000000 0.000000 0.000000 1.000000
-0.423816 -0.894055 -0.145072 -13.580900 0.816459 -0.446448 0.366167 -8.149200 -0.392141 0.036742 0.919171 -2.255300 0.000000 0.000000 0.000000 1.000000
-0.488783 -0.871891 0.029956 -13.580900 0.672425 -0.354642 0.649672 -8.149200 -0.555819 0.337692 0.759624 -2.255300 0.000000 0.000000 0.000000 1.000000
-0.642857 -0.751634 0.147584 -13.580900 0.487869 -0.253238 0.835376 -8.149200 -0.590523 0.609030 0.529495 -2.255300 0.000000 0.000000 0.000000 1.000000
-0.800098 -0.567396 0.194690 -13.580900 0.362298 -0.198396 0.910702 -8.149200 -0.478103 0.799187 0.364303 -2.255300 0.000000 0.000000 0.000000 1.000000
-0.903284 -0.394817 0.167921 -13.580900 0.274792 -0.231806 0.933142 -8.149200 -0.329495 0.889036 0.317880 -2.255300 0.000000 0.000000 0.000000 1.000000
-0.971560 -0.196811 0.131669 -13.580900 0.175356 -0.224326 0.958607 -8.149200 -0.159128 0.954433 0.252458 -2.255300 0.000000 0.000000 0.000000 1.000000
-0.994911 -0.046694 0.089290 -13.580900 0.096453 -0.184975 0.977998 -8.149200 -0.029150 0.981633 0.188537 -2.255300 0.000000 0.000000 0.000000 1.000000
-0.995290 0.069434 0.067653 -13.580900 0.053479 -0.188815 0.980555 -8.149200 0.080858 0.979555 0.184213 -2.255300 0.000000 0.000000 0.000000 1.000000
-0.987897 0.139946 0.066897 -13.580900 0.038325 -0.197689 0.979515 -8.149200 0.150304 0.970224 0.189933 -2.255300 0.000000 0.000000 0.000000 1.000000
-0.985572 0.153790 0.070685 -13.580900 0.039178 -0.198994 0.979217 -8.149200 0.164660 0.967858 0.190098 -2.255300 0.000000 0.000000 0.000000 1.000000
-0.990278 0.112597 0.081673 -13.580900 0.060904 -0.176905 0.982342 -8.149200 0.125057 0.977766 0.168327 -2.255300 0.000000 0.000000 0.000000 1.000000
-0.992471 0.055953 0.108951 -13.580900 0.097974 -0.171127 0.980366 -8.149200 0.073499 0.983659 0.164357 -2.255300 0.000000 0.000000 0.000000 1.000000
-0.990015 -0.004503 0.140887 -13.580900 0.138811 -0.204959 0.968877 -8.149200 0.024513 0.978760 0.203538 -2.255300 0.000000 0.000000 0.000000 1.000000
-0.985506 -0.060781 0.158377 -13.580900 0.168970 -0.268806 0.948258 -8.149200 -0.015063 0.961275 0.275180 -2.255300 0.000000 0.000000 0.000000 1.000000
-0.985132 -0.092358 0.144864 -13.580900 0.168118 -0.344563 0.923587 -8.149200 -0.035386 0.934209 0.354967 -2.255300 0.000000 0.000000 0.000000 1.000000
-0.986662 -0.119018 0.111056 -13.580900 0.150350 -0.404774 0.901972 -8.149200 -0.062398 0.906638 0.417270 -2.255300 0.000000 0.000000 0.000000 1.000000
-0.986434 -0.150333 0.065941 -13.580900 0.129417 -0.465044 0.875777 -8.149200 -0.100993 0.872430 0.478190 -2.255300 0.000000 0.000000 0.000000 1.000000
-0.984333 -0.175707 0.014650 -13.580900 0.108842 -0.540167 0.834490 -8.149200 -0.138713 0.823011 0.550829 -2.255300 0.000000 0.000000 0.000000 1.000000
-0.984007 -0.174267 -0.036903 -13.580900 0.082992 -0.631817 0.770662 -8.149200 -0.157617 0.755274 0.636175 -2.255300 0.000000 0.000000 0.000000 1.000000
-0.985815 -0.146438 -0.082008 -13.580900 0.049741 -0.721576 0.690546 -8.149200 -0.160297 0.676671 0.718625 -2.255300 0.000000 0.000000 0.000000 1.000000
-0.988146 -0.102182 -0.114567 -13.580900 0.010692 -0.790292 0.612638 -8.149200 -0.153142 0.604151 0.782016 -2.255300 0.000000 0.000000 0.000000 1.000000
-0.988247 -0.097283 -0.117918 -13.580900 0.007310 -0.800562 0.599205 -8.149200 -0.152693 0.591301 0.791864 -2.255300 0.000000 0.000000 0.000000 1.000000
-0.986418 -0.136120 -0.091927 -13.580900 0.046386 -0.767743 0.639076 -8.149200 -0.157567 0.626132 0.763630 -2.255300 0.000000 0.000000 0.000000 1.000000
-0.977029 -0.208869 -0.042276 -13.580900 0.123441 -0.716408 0.686674 -8.149200 -0.173712 0.665682 0.725735 -2.255300 0.000000 0.000000 0.000000 1.000000
-0.952838 -0.303303 0.010361 -13.580900 0.222433 -0.674741 0.703739 -8.149200 -0.206455 0.672854 0.710383 -2.255300 0.000000 0.000000 0.000000 1.000000
-0.913662 -0.404307 0.041927 -13.580900 0.324605 -0.663664 0.673930 -8.149200 -0.244649 0.629354 0.737604 -2.255300 0.000000 0.000000 0.000000 1.000000
-0.869697 -0.492866 0.026646 -13.580900 0.410174 -0.691642 0.594465 -8.149200 -0.274562 0.527934 0.803680 -2.255300 0.000000 0.000000 0.000000 1.000000
-0.833852 -0.550987 -0.033236 -13.580900 0.467384 -0.736799 0.488548 -8.149200 -0.293672 0.391843 0.871904 -2.255300 0.000000 0.000000 0.000000 1.000000
-0.807574 -0.579777 -0.108088 -13.580900 0.502106 -0.772035 0.389681 -8.149200 -0.309376 0.260425 0.914585 -2.255300 0.000000 0.000000 0.000000 1.000000
-0.804336 -0.574089 -0.153185 -13.580900 0.501881 -0.794435 0.342036 -8.149200 -0.318055 0.198232 0.927117 -2.255300 0.000000 0.000000 0.000000 1.000000
-0.812624 -0.556878 -0.171842 -13.580900 0.488345 -0.811581 0.320710 -8.149200 -0.318060 0.176699 0.931459 -2.255300 0.000000 0.000000 0.000000 1.000000
-0.829013 -0.529255 -0.180631 -13.580900 0.467203 -0.832981 0.296418 -8.149200 -0.307343 0.161343 0.937821 -2.255300 0.000000 0.000000 0.000000 1.000000
-0.848414 -0.495200 -0.187005 -13.580900 0.440868 -0.856585 0.268138 -8.149200 -0.292968 0.145047 0.945056 -2.255300 0.000000 0.000000 0.000000 1.000000
-0.866769 -0.457200 -0.199197 -13.580900 0.411896 -0.881488 0.230914 -8.149200 -0.281163 0.118101 0.952365 -2.255300 0.000000 0.000000 0.000000 1.000000
-0.882487 -0.418185 -0.215264 -13.580900 0.382153 -0.904326 0.190143 -8.149200 -0.274184 0.085535 0.957866 -2.255300 0.000000 0.000000 0.000000 1.000000
-0.895734 -0.380157 -0.230523 -13.580900 0.352838 -0.923316 0.151636 -8.149200 -0.270491 0.054488 0.961179 -2.255300 0.000000 0.000000 0.000000 1.000000</float_array>
        <technique_common>
          <accessor source="#mixamorig_RightUpLeg-Matrix-animation-output-transform-array" count="63" stride="16">
            <param type="float4x4"/>
          </accessor>
        </technique_common>
      </source>
      <source id="mixamorig_RightUpLeg-Interpolations">
        <Name_array id="mixamorig_RightUpLeg-Interpolations-array" count="63">
 LINEAR LINEAR LINEAR LINEAR LINEAR LINEAR LINEAR LINEAR LINEAR LINEAR LINEAR
LINEAR LINEAR LINEAR LINEAR LINEAR LINEAR LINEAR LINEAR LINEAR LINEAR LINEAR LINEAR
LINEAR LINEAR LINEAR LINEAR LINEAR LINEAR LINEAR LINEAR LINEAR LINEAR LINEAR LINEAR
LINEAR LINEAR LINEAR LINEAR LINEAR LINEAR LINEAR LINEAR LINEAR LINEAR LINEAR LINEAR
LINEAR LINEAR LINEAR LINEAR LINEAR LINEAR LINEAR LINEAR LINEAR LINEAR LINEAR LINEAR
LINEAR LINEAR LINEAR LINEAR</Name_array>
        <technique_common>
          <accessor source="#mixamorig_RightUpLeg-Interpolations-array" count="63">
            <param type="name"/>
          </accessor>
        </technique_common>
      </source>
      <sampler id="mixamorig_RightUpLeg-Matrix-animation-transform">
        <input semantic="INPUT" source="#mixamorig_RightUpLeg-Matrix-animation-input"/>
        <input semantic="OUTPUT" source="#mixamorig_RightUpLeg-Matrix-animation-output-transform"/>
        <input semantic="INTERPOLATION" source="#mixamorig_RightUpLeg-Interpolations"/>
      </sampler>
      <channel source="#mixamorig_RightUpLeg-Matrix-animation-transform" target="mixamorig_RightUpLeg/matrix"/>
    </animation>
    <animation id="mixamorig_RightLeg-anim" name="mixamorig_RightLeg">
      <source id="mixamorig_RightLeg-Matrix-animation-input">
        <float_array id="mixamorig_RightLeg-Matrix-animation-input-array" count="63">

0.000000 0.033333 0.066667 0.100000 0.133333 0.166667 0.200000 0.233333 0.266667 0.300000 0.333333 0.366667 0.400000 0.433333 0.466667 0.500000
0.533333 0.566667 0.600000 0.633333 0.666667 0.700000 0.733333 0.766667 0.800000 0.833333 0.866667 0.900000 0.933333 0.966667 1.000000 1.033333
1.066667 1.100000 1.133333 1.166667 1.200000 1.233333 1.266667 1.300000 1.333333 1.366667 1.400000 1.433333 1.466667 1.500000 1.533333 1.566667
1.600000 1.633333 1.666667 1.700000 1.733333 1.766667 1.800000 1.833333 1.866667 1.900000 1.933333 1.966667 2.000000 2.033333 2.066667</float_array>
        <technique_common>
          <accessor source="#mixamorig_RightLeg-Matrix-animation-input-array" count="63">
            <param name="TIME" type="float"/>
          </accessor>
        </technique_common>
      </source>
      <source id="mixamorig_RightLeg-Matrix-animation-output-transform">
        <float_array id="mixamorig_RightLeg-Matrix-animation-output-transform-array" count="1008">

0.995507 -0.068845 0.065005 -0.000000 0.003879 0.715614 0.698485 36.065201 -0.094606 -0.695095 0.712666 -0.000000 0.000000 0.000000 0.000000 1.000000
0.996587 -0.065971 0.049620 0.000000 0.012272 0.712815 0.701244 36.065201 -0.081632 -0.698242 0.711192 -0.000000 0.000000 0.000000 0.000000 1.000000
0.997482 -0.063659 0.031274 0.000000 0.023286 0.710425 0.703387 36.065201 -0.066995 -0.700888 0.710119 -0.000000 0.000000 0.000000 0.000000 1.000000
0.997976 -0.062321 0.012640 0.000000 0.035205 0.707011 0.706326 36.065201 -0.052956 -0.704451 0.707774 -0.000000 0.000000 0.000000 0.000000 1.000000
0.998011 -0.062954 -0.003255 0.000000 0.046507 0.700442 0.712193 36.065201 -0.042555 -0.710928 0.701976 0.000000 0.000000 0.000000 0.000000 1.000000
0.997667 -0.066666 -0.014700 -0.000000 0.056704 0.689334 0.722221 36.065201 -0.038015 -0.721369 0.691506 0.000000 0.000000 0.000000 0.000000 1.000000
0.996960 -0.075609 -0.018832 0.000000 0.064985 0.673470 0.736353 36.065201 -0.042993 -0.735338 0.676336 -0.000000 0.000000 0.000000 0.000000 1.000000
0.995842 -0.090054 -0.013755 -0.000000 0.069833 0.657673 0.750060 36.065201 -0.058499 -0.747901 0.661227 0.000000 0.000000 0.000000 0.000000 1.000000
0.994025 -0.109147 0.000999 0.000000 0.070648 0.650325 0.756363 36.065201 -0.083205 -0.751774 0.654151 -0.000000 0.000000 0.000000 0.000000 1.000000
0.991321 -0.130041 0.019277 -0.000000 0.072367 0.662220 0.745807 36.065201 -0.109751 -0.737939 0.665883 0.000000 0.000000 0.000000 0.000000 1.000000
0.988309 -0.148972 0.032433 0.000000 0.080763 0.691980 0.717385 36.065201 -0.129314 -0.706379 0.695922 0.000000 0.000000 0.000000 0.000000 1.000000
0.985852 -0.163522 0.036831 0.000000 0.095643 0.729231 0.677550 36.065201 -0.137653 -0.664441 0.734554 0.000000 0.000000 0.000000 0.000000 1.000000
0.984002 -0.173202 0.041718 0.000000 0.106873 0.761230 0.639614 36.065201 -0.142540 -0.624924 0.767563 -0.000000 0.000000 0.000000 0.000000 1.000000
0.982303 -0.178985 0.055180 0.000000 0.108826 0.785197 0.609608 36.065201 -0.152438 -0.592815 0.790780 -0.000000 0.000000 0.000000 0.000000 1.000000
0.980108 -0.185395 0.070835 -0.000000 0.107825 0.797058 0.594199 36.065201 -0.166622 -0.574741 0.801193 0.000000 0.000000 0.000000 0.000000 1.000000
0.979507 -0.189334 0.068684 0.000000 0.113181 0.799523 0.589875 36.065201 -0.166598 -0.570014 0.804568 0.000000 0.000000 0.000000 0.000000 1.000000
0.984842 -0.169863 0.035121 0.000000 0.136595 0.884283 0.446526 36.065201 -0.106905 -0.434960 0.894081 0.000000 0.000000 0.000000 0.000000 1.000000
0.981355 -0.191692 0.014035 0.000000 0.157811 0.845276 0.510494 36.065201 -0.109721 -0.498761 0.859767 -0.000000 0.000000 0.000000 0.000000 1.000000
0.976262 -0.216415 -0.008807 0.000000 0.159506 0.690847 0.705187 36.065201 -0.146529 -0.689852 0.708967 -0.000000 0.000000 0.000000 0.000000 1.000000
0.976737 -0.213682 -0.018036 0.000000 0.110924 0.431464 0.895285 36.065201 -0.183525 -0.876458 0.445129 -0.000000 0.000000 0.000000 0.000000 1.000000
0.982889 -0.183376 -0.017408 0.000000 0.044476 0.144554 0.988497 36.065201 -0.178750 -0.972357 0.150237 0.000000 0.000000 0.000000 0.000000 1.000000
0.989580 -0.133753 -0.053301 -0.000000 0.043865 -0.072529 0.996401 36.065201 -0.137138 -0.988357 -0.065906 0.000000 0.000000 0.000000 0.000000 1.000000
0.992220 -0.080833 -0.094682 0.000000 0.083078 -0.136504 0.987150 36.065201 -0.092719 -0.987336 -0.128727 0.000000 0.000000 0.000000 0.000000 1.000000
0.992605 -0.032474 -0.116963 0.000000 0.116166 -0.025442 0.992904 36.065201 -0.035219 -0.999149 -0.021481 0.000000 0.000000 0.000000 0.000000 1.000000
0.994798 0.013923 -0.100915 0.000000 0.097525 0.156076 0.982919 36.065201 0.029435 -0.987647 0.153907 0.000000 0.000000 0.000000 0.000000 1.000000
0.993061 0.054145 -0.104397 0.000000 0.072263 0.419408 0.904917 36.065201 0.092782 -0.906181 0.412585 -0.000000 0.000000 0.000000 0.000000 1.000000
0.987128 0.082092 -0.137258 0.000000 0.059963 0.605650 0.793468 36.065201 0.148268 -0.791485 0.592932 0.000000 0.000000 0.000000 0.000000 1.000000
0.984729 0.083551 -0.152732 -0.000000 0.052966 0.691935 0.720014 36.065201 0.165839 -0.717108 0.676944 -0.000000 0.000000 0.000000 0.000000 1.000000
0.993304 0.038785 -0.108828 0.000000 0.026443 0.840645 0.540941 36.065201 0.112466 -0.540196 0.833990 0.000000 0.000000 0.000000 0.000000 1.000000
0.997512 -0.007177 -0.070130 -0.000000 0.028869 0.949152 0.313491 36.065201 0.064314 -0.314736 0.946998 0.000000 0.000000 0.000000 0.000000 1.000000
0.998782 -0.049050 0.005330 0.000000 0.046672 0.974313 0.220308 36.065201 -0.015999 -0.219791 0.975416 0.000000 0.000000 0.000000 0.000000 1.000000
0.992545 -0.087736 0.084595 0.000000 0.079763 0.992427 0.093418 36.065201 -0.092150 -0.085974 0.992027 0.000000 0.000000 0.000000 0.000000 1.000000
0.982851 -0.125345 0.135249 0.000000 0.081752 0.953620 0.289698 36.065201 -0.165289 -0.273673 0.947514 0.000000 0.000000 0.000000 0.000000 1.000000
0.982996 -0.137577 0.121623 0.000000 0.060335 0.867543 0.493689 36.065201 -0.173433 -0.477956 0.861092 0.000000 0.000000 0.000000 0.000000 1.000000
0.987360 -0.144684 0.064701 0.000000 0.089215 0.844775 0.527633 36.065201 -0.130998 -0.515192 0.847005 0.000000 0.000000 0.000000 0.000000 1.000000
0.992094 -0.121475 -0.031530 0.000000 0.121971 0.874107 0.470170 36.065201 -0.029553 -0.470299 0.882012 0.000000 0.000000 0.000000 0.000000 1.000000
0.987982 -0.081622 -0.131259 0.000000 0.130480 0.895665 0.425158 36.065201 0.082861 -0.437176 0.895551 0.000000 0.000000 0.000000 0.000000 1.000000
0.982120 -0.033666 -0.185223 -0.000000 0.125265 0.851326 0.509463 36.065201 0.140534 -0.523555 0.840321 0.000000 0.000000 0.000000 0.000000 1.000000
0.984099 0.020059 -0.176487 0.000000 0.098908 0.763423 0.638281 36.065201 0.147537 -0.645587 0.749299 0.000000 0.000000 0.000000 0.000000 1.000000
0.991064 0.057366 -0.120422 -0.000000 0.052102 0.664590 0.745389 36.065201 0.122792 -0.745003 0.655662 0.000000 0.000000 0.000000 0.000000 1.000000
0.997511 0.066197 -0.024301 0.000000 -0.011245 0.489535 0.871911 36.065201 0.069614 -0.869467 0.489061 -0.000000 0.000000 0.000000 0.000000 1.000000
0.996295 0.047772 0.071507 0.000000 -0.084174 0.371472 0.924621 36.065201 0.017608 -0.927214 0.374117 0.000000 0.000000 0.000000 0.000000 1.000000
0.993114 0.015392 0.116133 0.000000 -0.115238 0.306654 0.944819 36.065201 -0.021070 -0.951697 0.306316 0.000000 0.000000 0.000000 0.000000 1.000000
0.993336 -0.020814 0.113358 0.000000 -0.101993 0.299279 0.948699 36.065201 -0.053672 -0.953938 0.295162 0.000000 0.000000 0.000000 0.000000 1.000000
0.992440 -0.057912 0.108205 0.000000 -0.081571 0.347482 0.934132 36.065201 -0.091696 -0.935897 0.340131 0.000000 0.000000 0.000000 0.000000 1.000000
0.990695 -0.088995 0.102972 0.000000 -0.054621 0.433002 0.899736 36.065201 -0.124660 -0.896989 0.424112 0.000000 0.000000 0.000000 0.000000 1.000000
0.987044 -0.111648 0.115230 0.000000 -0.040277 0.522769 0.851522 36.065201 -0.155310 -0.845131 0.511500 -0.000000 0.000000 0.000000 0.000000 1.000000
0.984818 -0.119419 0.125989 0.000000 -0.033057 0.583480 0.811455 36.065201 -0.170415 -0.803300 0.570674 -0.000000 0.000000 0.000000 0.000000 1.000000
0.986712 -0.105804 0.123307 -0.000000 -0.043720 0.558027 0.828670 36.065201 -0.156485 -0.823050 0.545987 0.000000 0.000000 0.000000 0.000000 1.000000
0.995257 -0.070358 0.067173 0.000000 -0.025426 0.478386 0.877782 36.065201 -0.093894 -0.875327 0.474328 -0.000000 0.000000 0.000000 0.000000 1.000000
0.998711 -0.018790 -0.047151 0.000000 0.050684 0.419261 0.906450 36.065201 0.002737 -0.907671 0.419672 0.000000 0.000000 0.000000 0.000000 1.000000
0.987024 0.034200 -0.156891 0.000000 0.127505 0.426982 0.895226 36.065201 0.097606 -0.903613 0.417080 -0.000000 0.000000 0.000000 0.000000 1.000000
0.975344 0.074787 -0.207633 0.000000 0.142248 0.506278 0.850558 36.065201 0.168730 -0.859121 0.483157 0.000000 0.000000 0.000000 0.000000 1.000000
0.977982 0.091100 -0.187754 0.000000 0.087397 0.638194 0.764898 36.065201 0.189506 -0.764466 0.616181 0.000000 0.000000 0.000000 0.000000 1.000000
0.980668 0.085829 -0.175851 -0.000000 0.045971 0.772465 0.633392 36.065201 0.190202 -0.629231 0.753586 0.000000 0.000000 0.000000 0.000000 1.000000
0.987100 0.040058 -0.155010 0.000000 0.045728 0.857324 0.512742 36.065201 0.153433 -0.513216 0.844433 0.000000 0.000000 0.000000 0.000000 1.000000
0.992883 0.003781 -0.119038 0.000000 0.059638 0.849372 0.524414 36.065201 0.103090 -0.527781 0.843101 0.000000 0.000000 0.000000 0.000000 1.000000
0.996425 -0.027139 -0.080003 0.000000 0.069645 0.799904 0.596074 36.065201 0.047817 -0.599515 0.798934 -0.000000 0.000000 0.000000 0.000000 1.000000
0.998312 -0.040732 -0.041410 0.000000 0.057847 0.761667 0.645381 36.065201 0.005253 -0.646687 0.762738 -0.000000 0.000000 0.000000 0.000000 1.000000
0.998863 -0.047586 -0.002839 0.000000 0.036807 0.732015 0.680294 36.065201 -0.030294 -0.679625 0.732934 0.000000 0.000000 0.000000 0.000000 1.000000
0.998243 -0.052904 0.026682 0.000000 0.019584 0.719605 0.694107 36.065201 -0.055922 -0.692365 0.719377 -0.000000 0.000000 0.000000 0.000000 1.000000
0.996998 -0.060003 0.048936 0.000000 0.008895 0.716592 0.697436 36.065201 -0.076916 -0.694907 0.714975 0.000000 0.000000 0.000000 0.000000 1.000000
0.995507 -0.068846 0.065006 0.000000 0.003879 0.715616 0.698483 36.065201 -0.094607 -0.695093 0.712668 0.000000 0.000000 0.000000 0.000000 1.000000</float_array>
        <technique_common>
          <accessor source="#mixamorig_RightLeg-Matrix-animation-output-transform-array" count="63" stride="16">
            <param type="float4x4"/>
          </accessor>
        </technique_common>
      </source>
      <source id="mixamorig_RightLeg-Interpolations">
        <Name_array id="mixamorig_RightLeg-Interpolations-array" count="63">
 LINEAR LINEAR LINEAR LINEAR LINEAR LINEAR LINEAR LINEAR LINEAR LINEAR LINEAR
LINEAR LINEAR LINEAR LINEAR LINEAR LINEAR LINEAR LINEAR LINEAR LINEAR LINEAR LINEAR
LINEAR LINEAR LINEAR LINEAR LINEAR LINEAR LINEAR LINEAR LINEAR LINEAR LINEAR LINEAR
LINEAR LINEAR LINEAR LINEAR LINEAR LINEAR LINEAR LINEAR LINEAR LINEAR LINEAR LINEAR
LINEAR LINEAR LINEAR LINEAR LINEAR LINEAR LINEAR LINEAR LINEAR LINEAR LINEAR LINEAR
LINEAR LINEAR LINEAR LINEAR</Name_array>
        <technique_common>
          <accessor source="#mixamorig_RightLeg-Interpolations-array" count="63">
            <param type="name"/>
          </accessor>
        </technique_common>
      </source>
      <sampler id="mixamorig_RightLeg-Matrix-animation-transform">
        <input semantic="INPUT" source="#mixamorig_RightLeg-Matrix-animation-input"/>
        <input semantic="OUTPUT" source="#mixamorig_RightLeg-Matrix-animation-output-transform"/>
        <input semantic="INTERPOLATION" source="#mixamorig_RightLeg-Interpolations"/>
      </sampler>
      <channel source="#mixamorig_RightLeg-Matrix-animation-transform" target="mixamorig_RightLeg/matrix"/>
    </animation>
    <animation id="mixamorig_RightFoot-anim" name="mixamorig_RightFoot">
      <source id="mixamorig_RightFoot-Matrix-animation-input">
        <float_array id="mixamorig_RightFoot-Matrix-animation-input-array" count="63">

0.000000 0.033333 0.066667 0.100000 0.133333 0.166667 0.200000 0.233333 0.266667 0.300000 0.333333 0.366667 0.400000 0.433333 0.466667 0.500000
0.533333 0.566667 0.600000 0.633333 0.666667 0.700000 0.733333 0.766667 0.800000 0.833333 0.866667 0.900000 0.933333 0.966667 1.000000 1.033333
1.066667 1.100000 1.133333 1.166667 1.200000 1.233333 1.266667 1.300000 1.333333 1.366667 1.400000 1.433333 1.466667 1.500000 1.533333 1.566667
1.600000 1.633333 1.666667 1.700000 1.733333 1.766667 1.800000 1.833333 1.866667 1.900000 1.933333 1.966667 2.000000 2.033333 2.066667</float_array>
        <technique_common>
          <accessor source="#mixamorig_RightFoot-Matrix-animation-input-array" count="63">
            <param name="TIME" type="float"/>
          </accessor>
        </technique_common>
      </source>
      <source id="mixamorig_RightFoot-Matrix-animation-output-transform">
        <float_array id="mixamorig_RightFoot-Matrix-animation-output-transform-array" count="1008">

0.918463 -0.154292 0.364170 0.000000 0.362158 -0.041972 -0.931171 26.793200 0.158957 0.987133 0.017328 -0.000000 0.000000 0.000000 0.000000 1.000000
0.920232 -0.153826 0.359876 0.000000 0.359720 -0.029830 -0.932583 26.793200 0.154191 0.987647 0.027884 -0.000000 0.000000 0.000000 0.000000 1.000000
0.922553 -0.153006 0.354239 0.000000 0.356025 -0.016501 -0.934331 26.793200 0.148803 0.988088 0.039251 -0.000000 0.000000 0.000000 0.000000 1.000000
0.924607 -0.152141 0.349220 0.000000 0.353147 -0.001286 -0.935567 26.793200 0.142787 0.988358 0.052539 0.000000 0.000000 0.000000 0.000000 1.000000
0.925839 -0.151285 0.346317 0.000000 0.352668 0.016514 -0.935603 26.793200 0.135824 0.988352 0.068642 -0.000000 0.000000 0.000000 0.000000 1.000000
0.926796 -0.149869 0.344366 0.000000 0.353226 0.036325 -0.934833 26.793200 0.127593 0.988038 0.086603 -0.000000 0.000000 0.000000 0.000000 1.000000
0.929775 -0.145868 0.337995 0.000000 0.348645 0.054184 -0.935687 26.793200 0.118173 0.987819 0.101235 0.000000 0.000000 0.000000 0.000000 1.000000
0.935676 -0.139627 0.324061 0.000000 0.335358 0.066228 -0.939760 26.793200 0.109754 0.987987 0.108793 0.000000 0.000000 0.000000 0.000000 1.000000
0.943996 -0.132203 0.302315 0.000000 0.313018 0.069015 -0.947236 26.793200 0.104363 0.988817 0.106532 -0.000000 0.000000 0.000000 0.000000 1.000000
0.950994 -0.128687 0.281158 0.000000 0.290839 0.063530 -0.954660 26.793200 0.104991 0.989648 0.097844 0.000000 0.000000 0.000000 0.000000 1.000000
0.953595 -0.133552 0.269853 0.000000 0.278850 0.053648 -0.958835 26.793200 0.113577 0.989589 0.088400 0.000000 0.000000 0.000000 0.000000 1.000000
0.951514 -0.147222 0.270088 0.000000 0.278714 0.041106 -0.959494 26.793200 0.130156 0.988249 0.080146 -0.000000 0.000000 0.000000 0.000000 1.000000
0.948261 -0.157929 0.275424 0.000000 0.283353 0.029648 -0.958557 26.793200 0.143218 0.987005 0.072863 -0.000000 0.000000 0.000000 0.000000 1.000000
0.947335 -0.152759 0.281461 0.000000 0.290423 0.039459 -0.956084 26.793200 0.134945 0.987475 0.081746 0.000000 0.000000 0.000000 0.000000 1.000000
0.944744 -0.131700 0.300190 0.000000 0.316290 0.125589 -0.940313 26.793200 0.086138 0.983302 0.160305 -0.000000 0.000000 0.000000 0.000000 1.000000
0.932474 -0.136932 0.334278 0.000000 0.361236 0.355360 -0.862107 26.793200 -0.000739 0.924645 0.380829 -0.000000 0.000000 0.000000 0.000000 1.000000
0.919495 -0.203318 0.336438 0.000000 0.375709 0.706295 -0.599992 26.793200 -0.115635 0.678092 0.725823 0.000000 0.000000 0.000000 0.000000 1.000000
0.896916 -0.279700 0.342504 0.000000 0.416257 0.795430 -0.440479 26.793200 -0.149235 0.537642 0.829861 -0.000000 0.000000 0.000000 0.000000 1.000000
0.873929 -0.364513 0.321524 -0.000000 0.475287 0.779337 -0.408334 26.793200 -0.101732 0.509671 0.854334 -0.000000 0.000000 0.000000 0.000000 1.000000
0.858420 -0.427721 0.283144 0.000000 0.512877 0.706468 -0.487710 26.793200 0.008571 0.563878 0.825814 0.000000 0.000000 0.000000 0.000000 1.000000
0.852502 -0.442479 0.278303 -0.000000 0.512758 0.604409 -0.609729 26.793200 0.101583 0.662497 0.742144 0.000000 0.000000 0.000000 0.000000 1.000000
0.853670 -0.384997 0.350748 -0.000000 0.513808 0.512475 -0.688019 26.793200 0.085136 0.767559 0.635299 -0.000000 0.000000 0.000000 0.000000 1.000000
0.849386 -0.323773 0.416790 -0.000000 0.527414 0.549774 -0.647752 26.793200 -0.019416 0.770013 0.637733 0.000000 0.000000 0.000000 0.000000 1.000000
0.859158 -0.283499 0.426000 -0.000000 0.487534 0.706374 -0.513174 26.793200 -0.155431 0.648586 0.745102 0.000000 0.000000 0.000000 0.000000 1.000000
0.905671 -0.237913 0.350937 0.000000 0.393643 0.779315 -0.487558 26.793200 -0.157494 0.579712 0.799456 -0.000000 0.000000 0.000000 0.000000 1.000000
0.954690 -0.175876 0.240072 0.000000 0.277680 0.816613 -0.506000 26.793200 -0.107053 0.549737 0.828450 0.000000 0.000000 0.000000 0.000000 1.000000
0.985100 -0.107829 0.133980 -0.000000 0.164612 0.816778 -0.552971 26.793200 -0.049806 0.566786 0.822358 0.000000 0.000000 0.000000 0.000000 1.000000
0.995581 -0.056835 0.074759 0.000000 0.089960 0.805651 -0.585520 26.793200 -0.026952 0.589658 0.807203 0.000000 0.000000 0.000000 0.000000 1.000000
0.996021 -0.035671 0.081671 0.000000 0.076520 0.812063 -0.578532 26.793200 -0.045685 0.582479 0.811561 0.000000 0.000000 0.000000 0.000000 1.000000
0.984325 -0.060283 0.165744 0.000000 0.140685 0.835131 -0.531756 26.793200 -0.106362 0.546738 0.830521 -0.000000 0.000000 0.000000 0.000000 1.000000
0.972057 -0.068373 0.224567 0.000000 0.174344 0.850870 -0.495605 26.793200 -0.157191 0.520908 0.839015 -0.000000 0.000000 0.000000 0.000000 1.000000
0.984856 0.003909 0.173331 0.000000 0.094600 0.825689 -0.556137 26.793200 -0.145291 0.564112 0.812815 -0.000000 0.000000 0.000000 0.000000 1.000000
0.988215 0.153043 -0.003018 -0.000000 -0.100330 0.632695 -0.767874 26.793200 -0.115608 0.759128 0.640593 0.000000 0.000000 0.000000 0.000000 1.000000
0.998759 0.049689 0.003345 -0.000000 -0.024387 0.546537 -0.837080 26.793200 -0.043422 0.835959 0.547071 0.000000 0.000000 0.000000 0.000000 1.000000
0.999154 -0.041116 -0.001329 0.000000 0.019633 0.504998 -0.862897 26.793200 0.036150 0.862141 0.505377 0.000000 0.000000 0.000000 0.000000 1.000000
0.994238 -0.106526 -0.011984 0.000000 0.041637 0.486773 -0.872536 26.793200 0.098781 0.867009 0.488404 0.000000 0.000000 0.000000 0.000000 1.000000
0.989124 -0.141195 -0.041207 0.000000 0.027688 0.453890 -0.890628 26.793200 0.144456 0.879800 0.452863 -0.000000 0.000000 0.000000 0.000000 1.000000
0.984830 -0.149283 -0.088457 -0.000000 -0.028697 0.362634 -0.931490 26.793200 0.171133 0.919897 0.352849 0.000000 0.000000 0.000000 0.000000 1.000000
0.983771 -0.144121 -0.106885 -0.000000 -0.069952 0.240499 -0.968126 26.793200 0.165233 0.959890 0.226514 -0.000000 0.000000 0.000000 0.000000 1.000000
0.989361 -0.133352 -0.058151 0.000000 -0.047469 0.081933 -0.995507 26.793200 0.137518 0.987676 0.074731 0.000000 0.000000 0.000000 0.000000 1.000000
0.993729 -0.101636 -0.046607 0.000000 -0.055143 -0.082856 -0.995035 26.793200 0.097270 0.991365 -0.087941 0.000000 0.000000 0.000000 0.000000 1.000000
0.995751 -0.077226 -0.050157 -0.000000 -0.064468 -0.195699 -0.978543 26.793200 0.065753 0.977619 -0.199846 0.000000 0.000000 0.000000 0.000000 1.000000
0.997143 -0.052396 -0.054412 0.000000 -0.066182 -0.258754 -0.963673 26.793200 0.036414 0.964521 -0.261483 0.000000 0.000000 0.000000 0.000000 1.000000
0.997820 -0.009077 -0.065363 0.000000 -0.065157 -0.292420 -0.954068 26.793200 -0.010454 0.956247 -0.292374 0.000000 0.000000 0.000000 0.000000 1.000000
0.996548 0.041100 -0.072124 -0.000000 -0.056188 -0.305597 -0.950502 26.793200 -0.061107 0.951274 -0.302233 0.000000 0.000000 0.000000 0.000000 1.000000
0.990828 0.113959 -0.072612 0.000000 -0.035624 -0.298051 -0.953885 26.793200 -0.130346 0.947723 -0.291258 0.000000 0.000000 0.000000 0.000000 1.000000
0.983909 0.166976 -0.063572 0.000000 -0.018185 -0.260370 -0.965338 26.793200 -0.177741 0.950961 -0.253144 0.000000 0.000000 0.000000 0.000000 1.000000
0.982691 0.178374 -0.050016 -0.000000 -0.014731 -0.193897 -0.980911 26.793200 -0.184667 0.964669 -0.187913 0.000000 0.000000 0.000000 0.000000 1.000000
0.993572 0.110816 -0.023103 -0.000000 -0.012424 -0.096104 -0.995294 26.793200 -0.112515 0.989183 -0.094110 0.000000 0.000000 0.000000 0.000000 1.000000
0.999874 0.015642 -0.002760 0.000000 -0.003106 0.022143 -0.999750 26.793200 -0.015577 0.999632 0.022189 0.000000 0.000000 0.000000 0.000000 1.000000
0.998132 -0.059808 0.012490 0.000000 0.020834 0.140998 -0.989791 26.793200 0.057437 0.988202 0.141981 0.000000 0.000000 0.000000 0.000000 1.000000
0.991197 -0.120636 0.054550 0.000000 0.081339 0.229764 -0.969842 26.793200 0.104464 0.965741 0.237553 -0.000000 0.000000 0.000000 0.000000 1.000000
0.973249 -0.182787 0.139197 0.000000 0.185359 0.266704 -0.945786 26.793200 0.135753 0.946286 0.293451 -0.000000 0.000000 0.000000 0.000000 1.000000
0.940510 -0.234884 0.245499 0.000000 0.305410 0.267833 -0.913778 26.793200 0.148879 0.934395 0.323636 0.000000 0.000000 0.000000 0.000000 1.000000
0.905367 -0.241782 0.349074 0.000000 0.408139 0.268611 -0.872508 26.793200 0.117192 0.932411 0.341872 0.000000 0.000000 0.000000 0.000000 1.000000
0.890718 -0.231935 0.390932 0.000000 0.443475 0.254658 -0.859348 26.793200 0.099759 0.938805 0.329686 0.000000 0.000000 0.000000 0.000000 1.000000
0.891359 -0.216835 0.398073 0.000000 0.438674 0.191360 -0.878035 26.793200 0.114214 0.957269 0.265690 0.000000 0.000000 0.000000 0.000000 1.000000
0.903924 -0.197882 0.379162 0.000000 0.405742 0.116392 -0.906546 26.793200 0.135258 0.973291 0.185499 0.000000 0.000000 0.000000 0.000000 1.000000
0.912924 -0.184791 0.363900 0.000000 0.379659 0.057324 -0.923349 26.793200 0.149766 0.981105 0.122490 -0.000000 0.000000 0.000000 0.000000 1.000000
0.917510 -0.176167 0.356568 0.000000 0.365057 0.017265 -0.930825 26.793200 0.157824 0.984209 0.080152 0.000000 0.000000 0.000000 0.000000 1.000000
0.917009 -0.171074 0.360317 0.000000 0.364236 -0.009017 -0.931263 26.793200 0.162564 0.985217 0.054042 0.000000 0.000000 0.000000 0.000000 1.000000
0.916337 -0.164971 0.364844 0.000000 0.365514 -0.027385 -0.930403 26.793200 0.163480 0.985918 0.035205 0.000000 0.000000 0.000000 0.000000 1.000000
0.918463 -0.154292 0.364170 0.000000 0.362158 -0.041971 -0.931171 26.793200 0.158957 0.987133 0.017329 0.000000 0.000000 0.000000 0.000000 1.000000</float_array>
        <technique_common>
          <accessor source="#mixamorig_RightFoot-Matrix-animation-output-transform-array" count="63" stride="16">
            <param type="float4x4"/>
          </accessor>
        </technique_common>
      </source>
      <source id="mixamorig_RightFoot-Interpolations">
        <Name_array id="mixamorig_RightFoot-Interpolations-array" count="63">
 LINEAR LINEAR LINEAR LINEAR LINEAR LINEAR LINEAR LINEAR LINEAR LINEAR LINEAR
LINEAR LINEAR LINEAR LINEAR LINEAR LINEAR LINEAR LINEAR LINEAR LINEAR LINEAR LINEAR
LINEAR LINEAR LINEAR LINEAR LINEAR LINEAR LINEAR LINEAR LINEAR LINEAR LINEAR LINEAR
LINEAR LINEAR LINEAR LINEAR LINEAR LINEAR LINEAR LINEAR LINEAR LINEAR LINEAR LINEAR
LINEAR LINEAR LINEAR LINEAR LINEAR LINEAR LINEAR LINEAR LINEAR LINEAR LINEAR LINEAR
LINEAR LINEAR LINEAR LINEAR</Name_array>
        <technique_common>
          <accessor source="#mixamorig_RightFoot-Interpolations-array" count="63">
            <param type="name"/>
          </accessor>
        </technique_common>
      </source>
      <sampler id="mixamorig_RightFoot-Matrix-animation-transform">
        <input semantic="INPUT" source="#mixamorig_RightFoot-Matrix-animation-input"/>
        <input semantic="OUTPUT" source="#mixamorig_RightFoot-Matrix-animation-output-transform"/>
        <input semantic="INTERPOLATION" source="#mixamorig_RightFoot-Interpolations"/>
      </sampler>
      <channel source="#mixamorig_RightFoot-Matrix-animation-transform" target="mixamorig_RightFoot/matrix"/>
    </animation>
    <animation id="mixamorig_RightToeBase-anim" name="mixamorig_RightToeBase">
      <source id="mixamorig_RightToeBase-Matrix-animation-input">
        <float_array id="mixamorig_RightToeBase-Matrix-animation-input-array" count="63">

0.000000 0.033333 0.066667 0.100000 0.133333 0.166667 0.200000 0.233333 0.266667 0.300000 0.333333 0.366667 0.400000 0.433333 0.466667 0.500000
0.533333 0.566667 0.600000 0.633333 0.666667 0.700000 0.733333 0.766667 0.800000 0.833333 0.866667 0.900000 0.933333 0.966667 1.000000 1.033333
1.066667 1.100000 1.133333 1.166667 1.200000 1.233333 1.266667 1.300000 1.333333 1.366667 1.400000 1.433333 1.466667 1.500000 1.533333 1.566667
1.600000 1.633333 1.666667 1.700000 1.733333 1.766667 1.800000 1.833333 1.866667 1.900000 1.933333 1.966667 2.000000 2.033333 2.066667</float_array>
        <technique_common>
          <accessor source="#mixamorig_RightToeBase-Matrix-animation-input-array" count="63">
            <param name="TIME" type="float"/>
          </accessor>
        </technique_common>
      </source>
      <source id="mixamorig_RightToeBase-Matrix-animation-output-transform">
        <float_array id="mixamorig_RightToeBase-Matrix-animation-output-transform-array" count="1008">

0.999647 0.012489 0.023434 0.000000 0.005670 0.761739 -0.647859 14.952100 -0.025942 0.647763 0.761400 0.000000 0.000000 0.000000 0.000000 1.000000
0.999666 0.012153 0.022819 0.000000 0.005744 0.756159 -0.654363 14.952100 -0.025207 0.654275 0.755837 -0.000000 0.000000 0.000000 0.000000 1.000000
0.999681 0.011856 0.022284 0.000000 0.005803 0.751242 -0.660001 14.952100 -0.024565 0.659920 0.750934 -0.000000 0.000000 0.000000 0.000000 1.000000
0.999700 0.011488 0.021634 0.000000 0.005868 0.745174 -0.666844 14.952100 -0.023781 0.666771 0.744883 -0.000000 0.000000 0.000000 0.000000 1.000000
0.999729 0.010876 0.020587 0.000000 0.005960 0.735208 -0.677816 14.952100 -0.022508 0.677755 0.734944 0.000000 0.000000 0.000000 0.000000 1.000000
0.999768 0.009974 0.019103 0.000000 0.006057 0.720648 -0.693275 14.952100 -0.020681 0.693230 0.720420 0.000000 0.000000 0.000000 0.000000 1.000000
0.999807 0.008956 0.017507 -0.000000 0.006119 0.704406 -0.709771 14.952100 -0.018689 0.709741 0.704215 0.000000 0.000000 0.000000 0.000000 1.000000
0.999829 0.008299 0.016523 0.000000 0.006135 0.694065 -0.719886 14.952100 -0.017443 0.719865 0.693895 0.000000 0.000000 0.000000 0.000000 1.000000
0.999826 0.008405 0.016678 0.000000 0.006133 0.695714 -0.718293 14.952100 -0.017641 0.718270 0.695541 0.000000 0.000000 0.000000 0.000000 1.000000
0.999789 0.009424 0.018231 0.000000 0.006097 0.711853 -0.702302 14.952100 -0.019596 0.702265 0.711646 -0.000000 0.000000 0.000000 0.000000 1.000000
0.999724 0.010976 0.020758 0.000000 0.005946 0.736850 -0.676030 14.952100 -0.022716 0.675967 0.736582 0.000000 0.000000 0.000000 0.000000 1.000000
0.999645 0.012525 0.023502 0.000000 0.005662 0.762352 -0.647138 14.952100 -0.026022 0.647042 0.762010 0.000000 0.000000 0.000000 0.000000 1.000000
0.999607 0.013172 0.024727 0.000000 0.005498 0.773208 -0.634128 14.952100 -0.027472 0.634015 0.772832 0.000000 0.000000 0.000000 0.000000 1.000000
0.999685 0.011791 0.022168 0.000000 0.005815 0.750167 -0.661223 14.952100 -0.024426 0.661144 0.749862 0.000000 0.000000 0.000000 0.000000 1.000000
0.999865 0.007128 0.014834 0.000000 0.006118 0.675752 -0.737103 14.952100 -0.015278 0.737094 0.675617 -0.000000 0.000000 0.000000 0.000000 1.000000
0.998813 0.002065 0.048669 0.000000 0.038488 0.578974 -0.814437 14.952100 -0.029860 0.815344 0.578207 -0.000000 0.000000 0.000000 0.000000 1.000000
0.985157 0.031458 0.168750 -0.000000 0.148777 0.333887 -0.930798 14.952100 -0.085625 0.942088 0.324251 0.000000 0.000000 0.000000 0.000000 1.000000
0.999885 0.006366 0.013784 0.000000 0.006080 0.663981 -0.747725 14.952100 -0.013913 0.747722 0.663866 -0.000000 0.000000 0.000000 0.000000 1.000000
0.999572 0.013727 0.025819 -0.000000 0.005331 0.782617 -0.622481 14.952100 -0.028751 0.622352 0.782209 -0.000000 0.000000 0.000000 0.000000 1.000000
0.999170 0.018134 0.036482 0.000000 0.002826 0.862467 -0.506106 14.952100 -0.040642 0.505788 0.861700 0.000000 0.000000 0.000000 0.000000 1.000000
0.999016 0.019213 0.039986 -0.000000 0.001682 0.884297 -0.466922 14.952100 -0.044330 0.466530 0.883394 -0.000000 0.000000 0.000000 0.000000 1.000000
0.999227 0.017664 0.035107 0.000000 0.003232 0.853338 -0.521348 14.952100 -0.039167 0.521059 0.852622 0.000000 0.000000 0.000000 0.000000 1.000000
0.999433 0.015602 0.029848 0.000000 0.004566 0.815294 -0.579030 14.952100 -0.033369 0.578837 0.814760 -0.000000 0.000000 0.000000 0.000000 1.000000
0.999284 0.017164 0.033731 -0.000000 0.003617 0.843862 -0.536548 14.952100 -0.037674 0.536286 0.843195 -0.000000 0.000000 0.000000 0.000000 1.000000
0.998551 0.021295 0.049427 0.000000 -0.002120 0.933241 -0.359244 14.952100 -0.053778 0.358619 0.931934 0.000000 0.000000 0.000000 0.000000 1.000000
0.997308 0.021933 0.069971 0.000000 -0.013775 0.993268 -0.115013 14.952100 -0.072022 0.113740 0.990897 0.000000 0.000000 0.000000 0.000000 1.000000
0.995933 0.018008 0.088281 0.000000 -0.028071 0.993071 0.114111 14.952100 -0.085615 -0.116125 0.989538 0.000000 0.000000 0.000000 0.000000 1.000000
0.995211 0.014642 0.096647 0.000000 -0.035971 0.974198 0.222811 14.952100 -0.090891 -0.225220 0.970059 -0.000000 0.000000 0.000000 0.000000 1.000000
0.995793 0.017419 0.089956 -0.000000 -0.029578 0.990315 0.135654 14.952100 -0.086722 -0.137744 0.986664 0.000000 0.000000 0.000000 0.000000 1.000000
0.997547 0.022197 0.066386 0.000000 -0.011414 0.987278 -0.158595 14.952100 -0.069062 0.157448 0.985109 0.000000 0.000000 0.000000 0.000000 1.000000
0.998960 0.019545 0.041190 0.000000 0.001254 0.891330 -0.453353 14.952100 -0.045575 0.452933 0.890379 -0.000000 0.000000 0.000000 0.000000 1.000000
0.999469 0.015156 0.028834 0.000000 0.004779 0.807370 -0.590026 14.952100 -0.032222 0.589851 0.806869 0.000000 0.000000 0.000000 0.000000 1.000000
0.999119 0.018520 0.037672 0.000000 0.002454 0.870111 -0.492850 14.952100 -0.041906 0.492509 0.869298 0.000000 0.000000 0.000000 0.000000 1.000000
0.999230 0.017639 0.035041 0.000000 0.003253 0.852884 -0.522091 14.952100 -0.039095 0.521803 0.852170 0.000000 0.000000 0.000000 0.000000 1.000000
0.999183 0.018029 0.036166 0.000000 0.002921 0.860399 -0.509612 14.952100 -0.040305 0.509302 0.859644 0.000000 0.000000 0.000000 0.000000 1.000000
0.998929 0.019719 0.041853 -0.000000 0.001012 0.895097 -0.445870 14.952100 -0.046254 0.445435 0.894119 0.000000 0.000000 0.000000 0.000000 1.000000
0.998738 0.020630 0.045784 -0.000000 -0.000532 0.916011 -0.401153 14.952100 -0.050214 0.400623 0.914866 0.000000 0.000000 0.000000 0.000000 1.000000
0.998896 0.019897 0.042558 0.000000 0.000748 0.899031 -0.437885 14.952100 -0.046974 0.437434 0.898023 0.000000 0.000000 0.000000 0.000000 1.000000
0.999082 0.018779 0.038506 -0.000000 0.002183 0.875327 -0.483527 14.952100 -0.042785 0.483167 0.874482 -0.000000 0.000000 0.000000 0.000000 1.000000
0.999078 0.018805 0.038593 0.000000 0.002154 0.875867 -0.482547 14.952100 -0.042877 0.482186 0.875019 0.000000 0.000000 0.000000 0.000000 1.000000
0.999132 0.018425 0.037372 -0.000000 0.002550 0.868209 -0.496193 14.952100 -0.041589 0.495857 0.867408 -0.000000 0.000000 0.000000 0.000000 1.000000
0.999191 0.017966 0.035983 -0.000000 0.002976 0.859189 -0.511649 14.952100 -0.040108 0.511342 0.858441 -0.000000 0.000000 0.000000 0.000000 1.000000
0.999253 0.017440 0.034482 0.000000 0.003410 0.849076 -0.528260 14.952100 -0.038491 0.527983 0.848382 0.000000 0.000000 0.000000 0.000000 1.000000
0.999272 0.017267 0.034009 -0.000000 0.003542 0.845803 -0.533484 14.952100 -0.037976 0.533216 0.845126 0.000000 0.000000 0.000000 0.000000 1.000000
0.999237 0.017578 0.034866 0.000000 0.003302 0.851702 -0.524015 14.952100 -0.038907 0.523731 0.850995 0.000000 0.000000 0.000000 0.000000 1.000000
0.999209 0.017822 0.035560 -0.000000 0.003101 0.856378 -0.516339 14.952100 -0.039655 0.516041 0.855645 0.000000 0.000000 0.000000 0.000000 1.000000
0.999273 0.017262 0.033995 -0.000000 0.003545 0.845704 -0.533640 14.952100 -0.037961 0.533373 0.845028 0.000000 0.000000 0.000000 0.000000 1.000000
0.999478 0.015042 0.028586 0.000000 0.004831 0.805395 -0.592719 14.952100 -0.031939 0.592548 0.804902 -0.000000 0.000000 0.000000 0.000000 1.000000
0.999153 0.013414 0.038897 0.000000 0.013734 0.782412 -0.622610 14.952100 -0.038785 0.622617 0.781565 0.000000 0.000000 0.000000 0.000000 1.000000
0.996510 0.012165 0.082587 0.000000 0.045450 0.750764 -0.659006 14.952100 -0.070020 0.660459 0.747590 0.000000 0.000000 0.000000 0.000000 1.000000
0.998058 0.012538 0.061010 0.000000 0.036648 0.673806 -0.737999 14.952100 -0.050362 0.738802 0.672038 -0.000000 0.000000 0.000000 0.000000 1.000000
0.997667 0.012450 0.067119 0.000000 0.043553 0.641028 -0.766281 14.952100 -0.052565 0.767417 0.638990 -0.000000 0.000000 0.000000 0.000000 1.000000
0.997812 0.007836 0.065643 -0.000000 0.045024 0.646514 -0.761572 14.952100 -0.048407 0.762862 0.644747 0.000000 0.000000 0.000000 0.000000 1.000000
0.999779 0.006539 0.019970 0.000000 0.010485 0.668355 -0.743769 14.952100 -0.018210 0.743814 0.668138 -0.000000 0.000000 0.000000 0.000000 1.000000
0.999827 0.008376 0.016634 0.000000 0.006134 0.695253 -0.718739 14.952100 -0.017585 0.718717 0.695081 0.000000 0.000000 0.000000 0.000000 1.000000
0.999746 0.009829 0.020306 0.000000 0.007049 0.718927 -0.695050 14.952100 -0.021430 0.695016 0.718675 0.000000 0.000000 0.000000 0.000000 1.000000
0.999707 0.011344 0.021386 0.000000 0.005892 0.742839 -0.669444 14.952100 -0.023481 0.669374 0.742554 0.000000 0.000000 0.000000 0.000000 1.000000
0.999655 0.012353 0.023184 0.000000 0.005701 0.759482 -0.650504 14.952100 -0.025644 0.650412 0.759149 0.000000 0.000000 0.000000 0.000000 1.000000
0.999633 0.012740 0.023901 0.000000 0.005611 0.765924 -0.642907 14.952100 -0.026497 0.642805 0.765571 -0.000000 0.000000 0.000000 0.000000 1.000000
0.999640 0.012623 0.023683 0.000000 0.005639 0.763975 -0.645222 14.952100 -0.026238 0.645123 0.763628 0.000000 0.000000 0.000000 0.000000 1.000000
0.999642 0.012578 0.023600 0.000000 0.005650 0.763237 -0.646094 14.952100 -0.026139 0.645996 0.762893 -0.000000 0.000000 0.000000 0.000000 1.000000
0.999642 0.012577 0.023596 0.000000 0.005649 0.763202 -0.646136 14.952100 -0.026135 0.646038 0.762858 0.000000 0.000000 0.000000 0.000000 1.000000
0.999647 0.012489 0.023434 0.000000 0.005670 0.761739 -0.647859 14.952100 -0.025941 0.647764 0.761400 0.000000 0.000000 0.000000 0.000000 1.000000</float_array>
        <technique_common>
          <accessor source="#mixamorig_RightToeBase-Matrix-animation-output-transform-array" count="63" stride="16">
            <param type="float4x4"/>
          </accessor>
        </technique_common>
      </source>
      <source id="mixamorig_RightToeBase-Interpolations">
        <Name_array id="mixamorig_RightToeBase-Interpolations-array" count="63">
 LINEAR LINEAR LINEAR LINEAR LINEAR LINEAR LINEAR LINEAR LINEAR LINEAR LINEAR
LINEAR LINEAR LINEAR LINEAR LINEAR LINEAR LINEAR LINEAR LINEAR LINEAR LINEAR LINEAR
LINEAR LINEAR LINEAR LINEAR LINEAR LINEAR LINEAR LINEAR LINEAR LINEAR LINEAR LINEAR
LINEAR LINEAR LINEAR LINEAR LINEAR LINEAR LINEAR LINEAR LINEAR LINEAR LINEAR LINEAR
LINEAR LINEAR LINEAR LINEAR LINEAR LINEAR LINEAR LINEAR LINEAR LINEAR LINEAR LINEAR
LINEAR LINEAR LINEAR LINEAR</Name_array>
        <technique_common>
          <accessor source="#mixamorig_RightToeBase-Interpolations-array" count="63">
            <param type="name"/>
          </accessor>
        </technique_common>
      </source>
      <sampler id="mixamorig_RightToeBase-Matrix-animation-transform">
        <input semantic="INPUT" source="#mixamorig_RightToeBase-Matrix-animation-input"/>
        <input semantic="OUTPUT" source="#mixamorig_RightToeBase-Matrix-animation-output-transform"/>
        <input semantic="INTERPOLATION" source="#mixamorig_RightToeBase-Interpolations"/>
      </sampler>
      <channel source="#mixamorig_RightToeBase-Matrix-animation-transform" target="mixamorig_RightToeBase/matrix"/>
    </animation>
  </library_animations>
  <library_visual_scenes>
    <visual_scene id="RootNode" name="RootNode">
      <node id="mixamorig_Hips" name="mixamorig_Hips" sid="mixamorig_Hips" type="JOINT">
        <matrix sid="matrix">0.817514 -0.036521 -0.574749 -1.465624 -0.045799 0.990704 -0.128095 68.410583 0.574084 0.131043 0.808242 1.570132 0.000000 0.000000 0.000000 1.000000</matrix>
        <node id="mixamorig_Spine" name="mixamorig_Spine" sid="mixamorig_Spine" type="JOINT">
          <matrix sid="matrix">0.994979 -0.080546 0.059407 0.000000 0.077928 0.995936 0.045146 14.685700 -0.062802 -0.040290 0.997212 -1.734700 0.000000 0.000000 0.000000 1.000000</matrix>
          <node id="mixamorig_Spine1" name="mixamorig_Spine1" sid="mixamorig_Spine1" type="JOINT">
            <matrix sid="matrix">0.999500 -0.018179 0.025862 0.000000 0.019180 0.999054 -0.039030 17.252399 -0.025128 0.039507 0.998903 0.000000 0.000000 0.000000 0.000000 1.000000</matrix>
            <node id="mixamorig_Spine2" name="mixamorig_Spine2" sid="mixamorig_Spine2" type="JOINT">
              <matrix sid="matrix">0.999476 -0.017431 0.027289 0.000000 0.018473 0.999091 -0.038420 19.717100 -0.026595 0.038904 0.998889 0.000000 0.000000 0.000000 0.000000 1.000000</matrix>
              <node id="mixamorig_Neck" name="mixamorig_Neck" sid="mixamorig_Neck" type="JOINT">
                <matrix sid="matrix">0.997853 0.011954 0.064388 0.000000 -0.006540 0.996473 -0.083659 22.181700 -0.065161 0.083058 0.994412 0.000000 0.000000 0.000000 0.000000 1.000000</matrix>
                <node id="mixamorig_Head" name="mixamorig_Head" sid="mixamorig_Head" type="JOINT">
                  <matrix sid="matrix">0.939378 0.121621 0.320590 0.000000 -0.099437 0.991428 -0.084747 7.772300 -0.328149 0.047731 0.943419 1.167700 0.000000 0.000000 0.000000 1.000000</matrix>
                  <node id="mixamorig_HeadTop_End" name="mixamorig_HeadTop_End" sid="mixamorig_HeadTop_End" type="JOINT">
                    <matrix sid="matrix">1.000000 0.000000 0.000000 0.000000 0.000000 1.000000 0.000000 26.518200 0.000000 0.000000 1.000000 3.983900 0.000000 0.000000 0.000000 1.000000</matrix>
                  </node>
                </node>
              </node>
              <node id="mixamorig_LeftShoulder" name="mixamorig_LeftShoulder" sid="mixamorig_LeftShoulder" type="JOINT">
                <matrix sid="matrix">0.159450 0.912389 -0.376991 11.646600 0.148931 -0.399738 -0.904450 18.688601 -0.975907 0.088069 -0.199622 -0.394200 0.000000 0.000000 0.000000 1.000000</matrix>
                <node id="mixamorig_LeftArm" name="mixamorig_LeftArm" sid="mixamorig_LeftArm" type="JOINT">
                  <matrix sid="matrix">0.683186 -0.605423 -0.408312 0.000000 0.179472 0.681201 -0.709757 24.455700 0.707846 0.411616 0.574043 0.000000 0.000000 0.000000 0.000000 1.000000</matrix>
                  <node id="mixamorig_LeftForeArm" name="mixamorig_LeftForeArm" sid="mixamorig_LeftForeArm" type="JOINT">
                    <matrix sid="matrix">-0.255623 -0.889655 0.378379 0.000000 0.964849 -0.210061 0.157927 22.756701 -0.061018 0.405448 0.912079 0.000000 0.000000 0.000000 0.000000 1.000000</matrix>
                    <node id="mixamorig_LeftHand" name="mixamorig_LeftHand" sid="mixamorig_LeftHand" type="JOINT">
                      <matrix sid="matrix">0.905768 0.210041 0.368059 0.000000 -0.246405 0.967652 0.054173 32.238300 -0.344774 -0.139760 0.928223 0.000000 0.000000 0.000000 0.000000 1.000000</matrix>
                      <node id="mixamorig_LeftHandThumb1" name="mixamorig_LeftHandThumb1" sid="mixamorig_LeftHandThumb1" type="JOINT">
                        <matrix sid="matrix">0.670031 -0.695970 0.258234 -4.692600 0.742311 0.625445 -0.240404 3.810700 0.005803 0.352768 0.935693 2.639400 0.000000 0.000000 0.000000 1.000000</matrix>
                        <node id="mixamorig_LeftHandThumb2" name="mixamorig_LeftHandThumb2" sid="mixamorig_LeftHandThumb2" type="JOINT">
                          <matrix sid="matrix">0.845783 0.490939 -0.208879 -0.935200 -0.477648 0.871186 0.113521 5.193300 0.237704 0.003757 0.971330 -0.000000 0.000000 0.000000 0.000000 1.000000</matrix>
                          <node id="mixamorig_LeftHandThumb3" name="mixamorig_LeftHandThumb3" sid="mixamorig_LeftHandThumb3" type="JOINT">
                            <matrix sid="matrix">0.861824 0.502275 -0.070562 0.292500 -0.447971 0.819013 0.358524 5.213800 0.237869 -0.277375 0.930850 0.000000 0.000000 0.000000 0.000000 1.000000</matrix>
                            <node id="mixamorig_LeftHandThumb4" name="mixamorig_LeftHandThumb4" sid="mixamorig_LeftHandThumb4" type="JOINT">
                              <matrix sid="matrix">1.000000 -0.000000 -0.000000 0.642700 -0.000000 1.000000 -0.000000 4.136500 -0.000000 0.000000 1.000000 0.000000 0.000000 0.000000 0.000000 1.000000</matrix>
                            </node>
                          </node>
                        </node>
                      </node>
                      <node id="mixamorig_LeftHandIndex1" name="mixamorig_LeftHandIndex1" sid="mixamorig_LeftHandIndex1" type="JOINT">
                        <matrix sid="matrix">0.992989 -0.101520 0.060557 -5.727300 0.117070 0.773639 -0.622718 12.386500 0.016369 0.625441 0.780100 0.169100 0.000000 0.000000 0.000000 1.000000</matrix>
                        <node id="mixamorig_LeftHandIndex2" name="mixamorig_LeftHandIndex2" sid="mixamorig_LeftHandIndex2" type="JOINT">
                          <matrix sid="matrix">0.993061 0.092881 -0.072131 -0.002100 -0.092850 0.242840 -0.965613 4.467800 -0.072170 0.965610 0.249779 -0.000000 0.000000 0.000000 0.000000 1.000000</matrix>
                          <node id="mixamorig_LeftHandIndex3" name="mixamorig_LeftHandIndex3" sid="mixamorig_LeftHandIndex3" type="JOINT">
                            <matrix sid="matrix">0.999360 0.035146 -0.006638 0.001900 -0.035180 0.932405 -0.359700 4.434100 -0.006453 0.359703 0.933044 0.000000 0.000000 0.000000 0.000000 1.000000</matrix>
                            <node id="mixamorig_LeftHandIndex4" name="mixamorig_LeftHandIndex4" sid="mixamorig_LeftHandIndex4" type="JOINT">
                              <matrix sid="matrix">1.000000 -0.000000 -0.000000 0.000200 -0.000000 1.000000 -0.000000 3.589700 -0.000000 0.000000 1.000000 -0.000000 0.000000 0.000000 0.000000 1.000000</matrix>
                            </node>
                          </node>
                        </node>
                      </node>
                      <node id="mixamorig_LeftHandMiddle1" name="mixamorig_LeftHandMiddle1" sid="mixamorig_LeftHandMiddle1" type="JOINT">
                        <matrix sid="matrix">0.998912 0.013006 0.044791 -1.770900 0.027146 0.618788 -0.785089 12.045500 -0.037927 0.785451 0.617761 -0.275300 0.000000 0.000000 0.000000 1.000000</matrix>
                        <node id="mixamorig_LeftHandMiddle2" name="mixamorig_LeftHandMiddle2" sid="mixamorig_LeftHandMiddle2" type="JOINT">
                          <matrix sid="matrix">0.993579 0.089753 -0.068892 -0.011100 -0.088940 0.243181 -0.965895 5.491500 -0.069938 0.965820 0.249602 0.000000 0.000000 0.000000 0.000000 1.000000</matrix>
                          <node id="mixamorig_LeftHandMiddle3" name="mixamorig_LeftHandMiddle3" sid="mixamorig_LeftHandMiddle3" type="JOINT">
                            <matrix sid="matrix">0.999422 0.033340 -0.006627 0.004600 -0.033490 0.932390 -0.359899 5.202800 -0.005820 0.359913 0.932968 0.000000 0.000000 0.000000 0.000000 1.000000</matrix>
                            <node id="mixamorig_LeftHandMiddle4" name="mixamorig_LeftHandMiddle4" sid="mixamorig_LeftHandMiddle4" type="JOINT">
                              <matrix sid="matrix">1.000000 0.000000 0.000000 0.006500 0.000000 1.000000 0.000000 4.456500 -0.000000 0.000000 1.000000 0.000000 0.000000 0.000000 0.000000 1.000000</matrix>
                            </node>
                          </node>
                        </node>
                      </node>
                      <node id="mixamorig_LeftHandRing1" name="mixamorig_LeftHandRing1" sid="mixamorig_LeftHandRing1" type="JOINT">
                        <matrix sid="matrix">0.994724 0.098193 0.029704 2.070500 -0.023632 0.501088 -0.865074 12.281600 -0.099828 0.859807 0.500765 -0.183500 0.000000 0.000000 0.000000 1.000000</matrix>
                        <node id="mixamorig_LeftHandRing2" name="mixamorig_LeftHandRing2" sid="mixamorig_LeftHandRing2" type="JOINT">
                          <matrix sid="matrix">0.992649 0.090930 -0.079878 -0.012400 -0.088226 0.091835 -0.991858 4.691400 -0.082854 0.991614 0.099182 0.000000 0.000000 0.000000 0.000000 1.000000</matrix>
                          <node id="mixamorig_LeftHandRing3" name="mixamorig_LeftHandRing3" sid="mixamorig_LeftHandRing3" type="JOINT">
                            <matrix sid="matrix">0.999281 0.036732 -0.009362 -0.002100 -0.037011 0.892104 -0.450313 4.518300 -0.008189 0.450335 0.892822 0.000000 0.000000 0.000000 0.000000 1.000000</matrix>
                            <node id="mixamorig_LeftHandRing4" name="mixamorig_LeftHandRing4" sid="mixamorig_LeftHandRing4" type="JOINT">
                              <matrix sid="matrix">1.000000 0.000000 -0.000000 0.014600 0.000000 1.000000 0.000000 3.568100 0.000000 0.000000 1.000000 0.000000 0.000000 0.000000 0.000000 1.000000</matrix>
                            </node>
                          </node>
                        </node>
                      </node>
                      <node id="mixamorig_LeftHandPinky1" name="mixamorig_LeftHandPinky1" sid="mixamorig_LeftHandPinky1" type="JOINT">
                        <matrix sid="matrix">0.971128 0.238498 -0.005458 5.427700 -0.084040 0.320604 -0.943478 11.411600 -0.223268 0.916696 0.331391 0.277100 0.000000 0.000000 0.000000 1.000000</matrix>
                        <node id="mixamorig_LeftHandPinky2" name="mixamorig_LeftHandPinky2" sid="mixamorig_LeftHandPinky2" type="JOINT">
                          <matrix sid="matrix">0.992565 0.090607 -0.081276 -0.003300 -0.090626 0.104363 -0.990402 4.452300 -0.081255 0.990403 0.111799 -0.000000 0.000000 0.000000 0.000000 1.000000</matrix>
                          <node id="mixamorig_LeftHandPinky3" name="mixamorig_LeftHandPinky3" sid="mixamorig_LeftHandPinky3" type="JOINT">
                            <matrix sid="matrix">0.998344 0.054622 -0.018068 0.002700 -0.054812 0.807596 -0.587183 3.536600 -0.017482 0.587201 0.809253 -0.000000 0.000000 0.000000 0.000000 1.000000</matrix>
                            <node id="mixamorig_LeftHandPinky4" name="mixamorig_LeftHandPinky4" sid="mixamorig_LeftHandPinky4" type="JOINT">
                              <matrix sid="matrix">1.000000 -0.000000 -0.000000 0.000600 -0.000000 1.000000 -0.000000 2.823500 0.000000 -0.000000 1.000000 0.000000 0.000000 0.000000 0.000000 1.000000</matrix>
                            </node>
                          </node>
                        </node>
                      </node>
                    </node>
                  </node>
                </node>
              </node>
              <node id="mixamorig_RightShoulder" name="mixamorig_RightShoulder" sid="mixamorig_RightShoulder" type="JOINT">
                <matrix sid="matrix">0.204912 -0.926617 0.315264 -11.646600 -0.078141 -0.336558 -0.938415 18.692900 0.975656 0.167658 -0.141371 -0.430500 0.000000 0.000000 0.000000 1.000000</matrix>
                <node id="mixamorig_RightArm" name="mixamorig_RightArm" sid="mixamorig_RightArm" type="JOINT">
                  <matrix sid="matrix">0.659495 0.710822 -0.244536 -0.000000 -0.581459 0.276213 -0.765253 24.455700 -0.476415 0.646868 0.595475 0.000000 0.000000 0.000000 0.000000 1.000000</matrix>
                  <node id="mixamorig_RightForeArm" name="mixamorig_RightForeArm" sid="mixamorig_RightForeArm" type="JOINT">
                    <matrix sid="matrix">-0.346342 0.855749 -0.384369 0.000000 -0.937230 -0.297911 0.181245 22.759399 0.040592 0.423015 0.905213 0.000000 0.000000 0.000000 0.000000 1.000000</matrix>
                    <node id="mixamorig_RightHand" name="mixamorig_RightHand" sid="mixamorig_RightHand" type="JOINT">
                      <matrix sid="matrix">0.976026 0.001674 -0.217646 -0.000000 -0.003012 0.999979 -0.005815 32.238098 0.217632 0.006331 0.976010 -0.000000 0.000000 0.000000 0.000000 1.000000</matrix>
                      <node id="mixamorig_RightHandThumb1" name="mixamorig_RightHandThumb1" sid="mixamorig_RightHandThumb1" type="JOINT">
                        <matrix sid="matrix">0.655025 0.711260 -0.255052 4.694200 -0.755176 0.604826 -0.252773 3.849300 -0.025525 0.358182 0.933303 2.684900 0.000000 0.000000 0.000000 1.000000</matrix>
                        <node id="mixamorig_RightHandThumb2" name="mixamorig_RightHandThumb2" sid="mixamorig_RightHandThumb2" type="JOINT">
                          <matrix sid="matrix">0.829232 -0.517423 0.211303 1.059100 0.502836 0.855715 0.122096 5.203600 -0.243990 0.005005 0.969765 0.000000 0.000000 0.000000 0.000000 1.000000</matrix>
                          <node id="mixamorig_RightHandThumb3" name="mixamorig_RightHandThumb3" sid="mixamorig_RightHandThumb3" type="JOINT">
                            <matrix sid="matrix">0.849971 -0.521178 0.076962 -0.176400 0.469061 0.815160 0.339847 5.246600 -0.239858 -0.252760 0.937326 -0.000000 0.000000 0.000000 0.000000 1.000000</matrix>
                            <node id="mixamorig_RightHandThumb4" name="mixamorig_RightHandThumb4" sid="mixamorig_RightHandThumb4" type="JOINT">
                              <matrix sid="matrix">1.000000 0.000000 0.000000 -0.882700 0.000000 1.000000 0.000000 3.954800 0.000000 -0.000000 1.000000 0.000000 0.000000 0.000000 0.000000 1.000000</matrix>
                            </node>
                          </node>
                        </node>
                      </node>
                      <node id="mixamorig_RightHandIndex1" name="mixamorig_RightHandIndex1" sid="mixamorig_RightHandIndex1" type="JOINT">
                        <matrix sid="matrix">0.989662 0.126144 -0.068242 5.600900 -0.141035 0.769555 -0.622812 12.228400 -0.026047 0.625998 0.779390 0.008900 0.000000 0.000000 0.000000 1.000000</matrix>
                        <node id="mixamorig_RightHandIndex2" name="mixamorig_RightHandIndex2" sid="mixamorig_RightHandIndex2" type="JOINT">
                          <matrix sid="matrix">0.995904 -0.069852 0.057417 -0.010300 0.072915 0.244880 -0.966808 4.764000 0.053473 0.967034 0.248971 0.000000 0.000000 0.000000 0.000000 1.000000</matrix>
                          <node id="mixamorig_RightHandIndex3" name="mixamorig_RightHandIndex3" sid="mixamorig_RightHandIndex3" type="JOINT">
                            <matrix sid="matrix">0.999430 -0.033335 0.005380 -0.008400 0.033036 0.932397 -0.359924 4.419800 0.006982 0.359896 0.932966 0.000000 0.000000 0.000000 0.000000 1.000000</matrix>
                            <node id="mixamorig_RightHandIndex4" name="mixamorig_RightHandIndex4" sid="mixamorig_RightHandIndex4" type="JOINT">
                              <matrix sid="matrix">1.000000 -0.000000 -0.000000 0.018700 0.000000 1.000000 0.000000 3.701800 0.000000 0.000000 1.000000 -0.000000 0.000000 0.000000 0.000000 1.000000</matrix>
                            </node>
                          </node>
                        </node>
                      </node>
                      <node id="mixamorig_RightHandMiddle1" name="mixamorig_RightHandMiddle1" sid="mixamorig_RightHandMiddle1" type="JOINT">
                        <matrix sid="matrix">0.997967 0.010172 -0.062915 1.826300 -0.055838 0.615417 -0.786221 12.030300 0.030721 0.788136 0.614734 -0.078200 0.000000 0.000000 0.000000 1.000000</matrix>
                        <node id="mixamorig_RightHandMiddle2" name="mixamorig_RightHandMiddle2" sid="mixamorig_RightHandMiddle2" type="JOINT">
                          <matrix sid="matrix">0.997018 -0.061661 0.046400 0.019600 0.060212 0.245535 -0.967516 5.385800 0.048265 0.967425 0.248515 -0.000000 0.000000 0.000000 0.000000 1.000000</matrix>
                          <node id="mixamorig_RightHandMiddle3" name="mixamorig_RightHandMiddle3" sid="mixamorig_RightHandMiddle3" type="JOINT">
                            <matrix sid="matrix">0.999726 -0.022873 0.004986 -0.008300 0.023133 0.932503 -0.360422 5.321600 0.003595 0.360438 0.932776 0.000000 0.000000 0.000000 0.000000 1.000000</matrix>
                            <node id="mixamorig_RightHandMiddle4" name="mixamorig_RightHandMiddle4" sid="mixamorig_RightHandMiddle4" type="JOINT">
                              <matrix sid="matrix">1.000000 0.000000 0.000000 -0.011300 -0.000000 1.000000 0.000000 4.501000 0.000000 -0.000000 1.000000 -0.000000 0.000000 0.000000 0.000000 1.000000</matrix>
                            </node>
                          </node>
                        </node>
                      </node>
                      <node id="mixamorig_RightHandRing1" name="mixamorig_RightHandRing1" sid="mixamorig_RightHandRing1" type="JOINT">
                        <matrix sid="matrix">0.996417 -0.071725 -0.044819 -2.091900 -0.003161 0.497965 -0.867191 12.266300 0.084518 0.864226 0.495954 -0.326200 0.000000 0.000000 0.000000 1.000000</matrix>
                        <node id="mixamorig_RightHandRing2" name="mixamorig_RightHandRing2" sid="mixamorig_RightHandRing2" type="JOINT">
                          <matrix sid="matrix">0.995583 -0.071124 0.061279 0.008400 0.067853 0.094032 -0.993254 4.583300 0.064882 0.993025 0.098443 0.000000 0.000000 0.000000 0.000000 1.000000</matrix>
                          <node id="mixamorig_RightHandRing3" name="mixamorig_RightHandRing3" sid="mixamorig_RightHandRing3" type="JOINT">
                            <matrix sid="matrix">0.999669 -0.024930 0.006429 0.008300 0.025153 0.892374 -0.450595 4.612900 0.005496 0.450607 0.892705 0.000000 0.000000 0.000000 0.000000 1.000000</matrix>
                            <node id="mixamorig_RightHandRing4" name="mixamorig_RightHandRing4" sid="mixamorig_RightHandRing4" type="JOINT">
                              <matrix sid="matrix">1.000000 0.000000 0.000000 -0.016800 0.000000 1.000000 0.000000 3.358900 0.000000 -0.000000 1.000000 0.000000 0.000000 0.000000 0.000000 1.000000</matrix>
                            </node>
                          </node>
                        </node>
                      </node>
                      <node id="mixamorig_RightHandPinky1" name="mixamorig_RightHandPinky1" sid="mixamorig_RightHandPinky1" type="JOINT">
                        <matrix sid="matrix">0.976733 -0.213551 -0.019737 -5.335200 0.050473 0.318346 -0.946630 11.443900 0.208437 0.923608 0.321718 0.289400 0.000000 0.000000 0.000000 1.000000</matrix>
                        <node id="mixamorig_RightHandPinky2" name="mixamorig_RightHandPinky2" sid="mixamorig_RightHandPinky2" type="JOINT">
                          <matrix sid="matrix">0.996384 -0.063384 0.056587 0.006100 0.063145 0.106759 -0.992278 4.477500 0.056853 0.992263 0.110375 0.000000 0.000000 0.000000 0.000000 1.000000</matrix>
                          <node id="mixamorig_RightHandPinky3" name="mixamorig_RightHandPinky3" sid="mixamorig_RightHandPinky3" type="JOINT">
                            <matrix sid="matrix">0.999178 -0.038374 0.013090 -0.003800 0.038735 0.808083 -0.587794 3.497900 0.011978 0.587818 0.808905 0.000000 0.000000 0.000000 0.000000 1.000000</matrix>
                            <node id="mixamorig_RightHandPinky4" name="mixamorig_RightHandPinky4" sid="mixamorig_RightHandPinky4" type="JOINT">
                              <matrix sid="matrix">1.000000 0.000000 0.000000 -0.002200 -0.000000 1.000000 -0.000000 2.797300 -0.000000 -0.000000 1.000000 0.000000 0.000000 0.000000 0.000000 1.000000</matrix>
                            </node>
                          </node>
                        </node>
                      </node>
                    </node>
                  </node>
                </node>
              </node>
            </node>
          </node>
        </node>
        <node id="mixamorig_LeftUpLeg" name="mixamorig_LeftUpLeg" sid="mixamorig_LeftUpLeg" type="JOINT">
          <matrix sid="matrix">-0.891561 0.447804 0.067750 13.580900 -0.269637 -0.645015 0.715018 -8.149200 0.363888 0.619215 0.695815 -1.796100 0.000000 0.000000 0.000000 1.000000</matrix>
          <node id="mixamorig_LeftLeg" name="mixamorig_LeftLeg" sid="mixamorig_LeftLeg" type="JOINT">
            <matrix sid="matrix">0.978811 0.141969 0.147562 0.000000 -0.204742 0.666976 0.716397 36.090000 0.003286 -0.731429 0.681910 -0.000000 0.000000 0.000000 0.000000 1.000000</matrix>
            <node id="mixamorig_LeftFoot" name="mixamorig_LeftFoot" sid="mixamorig_LeftFoot" type="JOINT">
              <matrix sid="matrix">0.988684 0.120151 -0.089820 0.000000 -0.121382 0.288908 -0.949631 26.790800 -0.088150 0.949787 0.300223 -0.000000 0.000000 0.000000 0.000000 1.000000</matrix>
              <node id="mixamorig_LeftToeBase" name="mixamorig_LeftToeBase" sid="mixamorig_LeftToeBase" type="JOINT">
                <matrix sid="matrix">0.998786 -0.020456 -0.044805 0.000000 -0.000000 0.909673 -0.415325 14.979900 0.049254 0.414821 0.908569 0.000000 0.000000 0.000000 0.000000 1.000000</matrix>
                <node id="mixamorig_LeftToe_End" name="mixamorig_LeftToe_End" sid="mixamorig_LeftToe_End" type="JOINT">
                  <matrix sid="matrix">1.000000 -0.000000 0.000000 0.000000 0.000000 1.000000 -0.000000 5.950600 -0.000000 -0.000000 1.000000 0.000000 0.000000 0.000000 0.000000 1.000000</matrix>
                </node>
              </node>
            </node>
          </node>
        </node>
        <node id="mixamorig_RightUpLeg" name="mixamorig_RightUpLeg" sid="mixamorig_RightUpLeg" type="JOINT">
          <matrix sid="matrix">-0.895734 -0.380157 -0.230523 -13.580900 0.352838 -0.923315 0.151638 -8.149200 -0.270492 0.054490 0.961179 -2.255300 0.000000 0.000000 0.000000 1.000000</matrix>
          <node id="mixamorig_RightLeg" name="mixamorig_RightLeg" sid="mixamorig_RightLeg" type="JOINT">
            <matrix sid="matrix">0.995507 -0.068845 0.065005 -0.000000 0.003879 0.715614 0.698485 36.065201 -0.094606 -0.695095 0.712666 -0.000000 0.000000 0.000000 0.000000 1.000000</matrix>
            <node id="mixamorig_RightFoot" name="mixamorig_RightFoot" sid="mixamorig_RightFoot" type="JOINT">
              <matrix sid="matrix">0.918463 -0.154292 0.364170 0.000000 0.362158 -0.041972 -0.931171 26.793200 0.158957 0.987133 0.017328 -0.000000 0.000000 0.000000 0.000000 1.000000</matrix>
              <node id="mixamorig_RightToeBase" name="mixamorig_RightToeBase" sid="mixamorig_RightToeBase" type="JOINT">
                <matrix sid="matrix">0.999647 0.012489 0.023434 0.000000 0.005670 0.761739 -0.647859 14.952100 -0.025942 0.647763 0.761400 0.000000 0.000000 0.000000 0.000000 1.000000</matrix>
                <node id="mixamorig_RightToe_End" name="mixamorig_RightToe_End" sid="mixamorig_RightToe_End" type="JOINT">
                  <matrix sid="matrix">1.000000 0.000000 -0.000000 0.000000 -0.000000 1.000000 0.000000 5.926300 0.000000 -0.000000 1.000000 0.000000 0.000000 0.000000 0.000000 1.000000</matrix>
                </node>
              </node>
            </node>
          </node>
        </node>
      </node>
    </visual_scene>
  </library_visual_scenes>
  <scene>
    <instance_visual_scene url="#RootNode"/>
  </scene>
</COLLADA>
